"Fluxo";"Ano";"Código NCM";"Descrição NCM";"UF do Produto";"Valor US$ FOB";"Quilograma Líquido"
"Exportação ";" 2026";"76169900";"Outras obras de alumínio";"São Paulo";"17373990";"961990"
"Exportação ";" 2026";"75089090";"Outras obras de níquel";"Rio de Janeiro";"15417094";"1698"
"Exportação ";" 2026";"76169900";"Outras obras de alumínio";"Rio Grande do Sul";"1999994";"283074"
"Exportação ";" 2026";"76169900";"Outras obras de alumínio";"Santa Catarina";"1477058";"140395"
"Exportação ";" 2026";"75089090";"Outras obras de níquel";"São Paulo";"1308769";"561"
"Exportação ";" 2026";"76169900";"Outras obras de alumínio";"Rio de Janeiro";"1116812";"91593"
"Exportação ";" 2026";"76169900";"Outras obras de alumínio";"Paraná";"466778";"30497"
"Exportação ";" 2026";"79070090";"Outras obras de zinco";"São Paulo";"465713";"44718"
"Exportação ";" 2026";"76169900";"Outras obras de alumínio";"Minas Gerais";"452518";"14869"
"Exportação ";" 2026";"79070090";"Outras obras de zinco";"Rio Grande do Sul";"120303";"14156"
"Exportação ";" 2026";"78060090";"Outras obras de chumbo";"São Paulo";"116622";"21183"
"Exportação ";" 2026";"79070090";"Outras obras de zinco";"Rio de Janeiro";"107645";"13383"
"Exportação ";" 2026";"79070090";"Outras obras de zinco";"Santa Catarina";"78861";"5110"
"Exportação ";" 2026";"75089090";"Outras obras de níquel";"Espírito Santo";"45775";"6"
"Exportação ";" 2026";"76169900";"Outras obras de alumínio";"Não Declarada";"38763";"820"
"Exportação ";" 2026";"76169900";"Outras obras de alumínio";"Bahia";"37785";"1258"
"Exportação ";" 2026";"75089090";"Outras obras de níquel";"Paraná";"35988";"107"
"Exportação ";" 2026";"79070090";"Outras obras de zinco";"Paraná";"32231";"2813"
"Exportação ";" 2026";"76169900";"Outras obras de alumínio";"Espírito Santo";"13580";"191"
"Exportação ";" 2026";"78060090";"Outras obras de chumbo";"Pernambuco";"12378";"6000"
"Exportação ";" 2026";"75089090";"Outras obras de níquel";"Minas Gerais";"7462";"0"
"Exportação ";" 2026";"80070090";"Outras obras de estanho";"Minas Gerais";"4689";"3"
"Exportação ";" 2026";"76169900";"Outras obras de alumínio";"Maranhão";"4464";"4"
"Exportação ";" 2026";"78060090";"Outras obras de chumbo";"Rio de Janeiro";"1918";"183"
"Exportação ";" 2026";"76169900";"Outras obras de alumínio";"Roraima";"1813";"152"
"Exportação ";" 2026";"76169900";"Outras obras de alumínio";"Rio Grande do Norte";"931";"39"
"Exportação ";" 2026";"76169900";"Outras obras de alumínio";"Ceará";"901";"7"
"Exportação ";" 2026";"79070090";"Outras obras de zinco";"Minas Gerais";"699";"18"
"Exportação ";" 2026";"75089090";"Outras obras de níquel";"Santa Catarina";"600";"2"
"Exportação ";" 2026";"76169900";"Outras obras de alumínio";"Goiás";"567";"57"
"Exportação ";" 2026";"79070090";"Outras obras de zinco";"Roraima";"512";"202"
"Exportação ";" 2026";"75089090";"Outras obras de níquel";"Rio Grande do Sul";"500";"0"
"Exportação ";" 2026";"76169900";"Outras obras de alumínio";"Amazonas";"468";"105"
"Exportação ";" 2026";"76169900";"Outras obras de alumínio";"Pará";"424";"10"
"Exportação ";" 2026";"76169900";"Outras obras de alumínio";"Mato Grosso do Sul";"411";"8"
"Exportação ";" 2026";"76169900";"Outras obras de alumínio";"Amapá";"384";"24"
"Exportação ";" 2026";"79070090";"Outras obras de zinco";"Espírito Santo";"284";"14"
"Exportação ";" 2026";"75089090";"Outras obras de níquel";"Bahia";"203";"0"
"Exportação ";" 2026";"76169900";"Outras obras de alumínio";"Pernambuco";"187";"111"
"Exportação ";" 2026";"79070090";"Outras obras de zinco";"Bahia";"171";"52"
"Exportação ";" 2026";"78060090";"Outras obras de chumbo";"Minas Gerais";"97";"0"
"Exportação ";" 2026";"75089090";"Outras obras de níquel";"Sergipe";"12";"4"
"Importação ";" 2026";"76169900";"Outras obras de alumínio";"São Paulo";"63106263";"1971917"
"Importação ";" 2026";"76169900";"Outras obras de alumínio";"Santa Catarina";"30165639";"6401313"
"Importação ";" 2026";"75089090";"Outras obras de níquel";"Rio de Janeiro";"25416941";"36820"
"Importação ";" 2026";"76169900";"Outras obras de alumínio";"Pernambuco";"17682992";"1724289"
"Importação ";" 2026";"76169900";"Outras obras de alumínio";"Rio de Janeiro";"17598662";"1420412"
"Importação ";" 2026";"75089090";"Outras obras de níquel";"São Paulo";"11796858";"16133"
"Importação ";" 2026";"76169900";"Outras obras de alumínio";"Minas Gerais";"4992909";"247663"
"Importação ";" 2026";"76169900";"Outras obras de alumínio";"Amazonas";"4173602";"334167"
"Importação ";" 2026";"76169900";"Outras obras de alumínio";"Paraná";"3596479";"517349"
"Importação ";" 2026";"79070090";"Outras obras de zinco";"Santa Catarina";"2155989";"176277"
"Importação ";" 2026";"76169900";"Outras obras de alumínio";"Bahia";"1847337";"111308"
"Importação ";" 2026";"76169900";"Outras obras de alumínio";"Rondônia";"1055837";"377519"
"Importação ";" 2026";"76169900";"Outras obras de alumínio";"Espírito Santo";"922227";"116769"
"Importação ";" 2026";"79070090";"Outras obras de zinco";"São Paulo";"894286";"65377"
"Importação ";" 2026";"78060090";"Outras obras de chumbo";"São Paulo";"870690";"57896"
"Importação ";" 2026";"75089090";"Outras obras de níquel";"Paraná";"802905";"558"
"Importação ";" 2026";"76169900";"Outras obras de alumínio";"Rio Grande do Sul";"798192";"56705"
"Importação ";" 2026";"75089090";"Outras obras de níquel";"Amazonas";"673011";"288"
"Importação ";" 2026";"79070090";"Outras obras de zinco";"Rio de Janeiro";"648971";"9341"
"Importação ";" 2026";"75089090";"Outras obras de níquel";"Minas Gerais";"633914";"452"
"Importação ";" 2026";"79070090";"Outras obras de zinco";"Espírito Santo";"413288";"29572"
"Importação ";" 2026";"79070090";"Outras obras de zinco";"Minas Gerais";"396242";"40783"
"Importação ";" 2026";"79070090";"Outras obras de zinco";"Pernambuco";"314866";"85355"
"Importação ";" 2026";"75089090";"Outras obras de níquel";"Santa Catarina";"280914";"2147"
"Importação ";" 2026";"75089090";"Outras obras de níquel";"Rio Grande do Sul";"278493";"1117"
"Importação ";" 2026";"76169900";"Outras obras de alumínio";"Goiás";"275173";"8063"
"Importação ";" 2026";"75089090";"Outras obras de níquel";"Maranhão";"235562";"4517"
"Importação ";" 2026";"76169900";"Outras obras de alumínio";"Distrito Federal";"198986";"1478"
"Importação ";" 2026";"75089090";"Outras obras de níquel";"Sergipe";"194452";"6"
"Importação ";" 2026";"76169900";"Outras obras de alumínio";"Alagoas";"192925";"48084"
"Importação ";" 2026";"76169900";"Outras obras de alumínio";"Ceará";"187397";"52271"
"Importação ";" 2026";"76169900";"Outras obras de alumínio";"Mato Grosso do Sul";"153030";"32818"
"Importação ";" 2026";"76169900";"Outras obras de alumínio";"Paraíba";"114450";"6526"
"Importação ";" 2026";"80070090";"Outras obras de estanho";"São Paulo";"92352";"603"
"Importação ";" 2026";"75089090";"Outras obras de níquel";"Roraima";"74657";"37"
"Importação ";" 2026";"79070090";"Outras obras de zinco";"Paraná";"72611";"7392"
"Importação ";" 2026";"75089090";"Outras obras de níquel";"Bahia";"58681";"70"
"Importação ";" 2026";"78060090";"Outras obras de chumbo";"Santa Catarina";"42004";"30907"
"Importação ";" 2026";"79070090";"Outras obras de zinco";"Rio Grande do Sul";"33557";"3972"
"Importação ";" 2026";"79070090";"Outras obras de zinco";"Amazonas";"31485";"605"
"Importação ";" 2026";"76169900";"Outras obras de alumínio";"Pará";"27004";"1139"
"Importação ";" 2026";"78060090";"Outras obras de chumbo";"Pará";"22800";"34"
"Importação ";" 2026";"78060090";"Outras obras de chumbo";"Rio de Janeiro";"21695";"54"
"Importação ";" 2026";"76169900";"Outras obras de alumínio";"Rio Grande do Norte";"20776";"439"
"Importação ";" 2026";"78060090";"Outras obras de chumbo";"Minas Gerais";"20487";"566"
"Importação ";" 2026";"80070090";"Outras obras de estanho";"Paraná";"20438";"1016"
"Importação ";" 2026";"80070090";"Outras obras de estanho";"Rio Grande do Sul";"18560";"164"
"Importação ";" 2026";"76169900";"Outras obras de alumínio";"Mato Grosso";"16002";"267"
"Importação ";" 2026";"80070090";"Outras obras de estanho";"Minas Gerais";"15676";"204"
"Importação ";" 2026";"75089090";"Outras obras de níquel";"Goiás";"15608";"4"
"Importação ";" 2026";"78060090";"Outras obras de chumbo";"Espírito Santo";"14355";"9570"
"Importação ";" 2026";"76169900";"Outras obras de alumínio";"Piauí";"13476";"1152"
"Importação ";" 2026";"79070090";"Outras obras de zinco";"Bahia";"9424";"609"
"Importação ";" 2026";"80070090";"Outras obras de estanho";"Rio de Janeiro";"7453";"14"
"Importação ";" 2026";"76169900";"Outras obras de alumínio";"Roraima";"6901";"1696"
"Importação ";" 2026";"79070090";"Outras obras de zinco";"Goiás";"5785";"40"
"Importação ";" 2026";"79070090";"Outras obras de zinco";"Tocantins";"5505";"63"
"Importação ";" 2026";"79070090";"Outras obras de zinco";"Ceará";"4486";"757"
"Importação ";" 2026";"79070090";"Outras obras de zinco";"Alagoas";"4372";"4603"
"Importação ";" 2026";"75089090";"Outras obras de níquel";"Pernambuco";"4046";"6"
"Importação ";" 2026";"76169900";"Outras obras de alumínio";"Tocantins";"3612";"397"
"Importação ";" 2026";"76169900";"Outras obras de alumínio";"Maranhão";"2916";"25"
"Importação ";" 2026";"79070090";"Outras obras de zinco";"Rondônia";"2774";"151"
"Importação ";" 2026";"78060090";"Outras obras de chumbo";"Rio Grande do Sul";"1816";"13"
"Importação ";" 2026";"78060090";"Outras obras de chumbo";"Bahia";"1661";"86"
"Importação ";" 2026";"78060090";"Outras obras de chumbo";"Goiás";"1229";"16"
"Importação ";" 2026";"79070090";"Outras obras de zinco";"Paraíba";"906";"53"
"Importação ";" 2026";"78060090";"Outras obras de chumbo";"Rio Grande do Norte";"738";"600"
"Importação ";" 2026";"80070090";"Outras obras de estanho";"Santa Catarina";"429";"9"
"Importação ";" 2026";"75089090";"Outras obras de níquel";"Rio Grande do Norte";"286";"0"
"Importação ";" 2026";"78060090";"Outras obras de chumbo";"Paraná";"231";"18"
"Importação ";" 2026";"75089090";"Outras obras de níquel";"Ceará";"190";"0"
"Importação ";" 2026";"76169900";"Outras obras de alumínio";"Amapá";"120";"3"
"Importação ";" 2026";"79070090";"Outras obras de zinco";"Mato Grosso";"84";"5"
"Importação ";" 2026";"79070090";"Outras obras de zinco";"Roraima";"36";"0"
"Importação ";" 2026";"78060090";"Outras obras de chumbo";"Amazonas";"0";"0"
"Exportação ";" 2025";"76169900";"Outras obras de alumínio";"São Paulo";"34104325";"1697357"
"Exportação ";" 2025";"75089090";"Outras obras de níquel";"Rio de Janeiro";"16467650";"2537"
"Exportação ";" 2025";"76169900";"Outras obras de alumínio";"Rio Grande do Sul";"3412799";"514938"
"Exportação ";" 2025";"76169900";"Outras obras de alumínio";"Santa Catarina";"2386305";"229710"
"Exportação ";" 2025";"75089090";"Outras obras de níquel";"São Paulo";"2129933";"1513"
"Exportação ";" 2025";"76169900";"Outras obras de alumínio";"Rio de Janeiro";"1891065";"133545"
"Exportação ";" 2025";"76169900";"Outras obras de alumínio";"Minas Gerais";"1188560";"30716"
"Exportação ";" 2025";"76169900";"Outras obras de alumínio";"Paraná";"1039664";"63265"
"Exportação ";" 2025";"79070090";"Outras obras de zinco";"São Paulo";"1024233";"84978"
"Exportação ";" 2025";"75089090";"Outras obras de níquel";"Rio Grande do Sul";"434620";"19639"
"Exportação ";" 2025";"79070090";"Outras obras de zinco";"Rio Grande do Sul";"319429";"38475"
"Exportação ";" 2025";"76169900";"Outras obras de alumínio";"Espírito Santo";"298700";"3138"
"Exportação ";" 2025";"78060090";"Outras obras de chumbo";"São Paulo";"293731";"45909"
"Exportação ";" 2025";"79070090";"Outras obras de zinco";"Rio de Janeiro";"162807";"25935"
"Exportação ";" 2025";"79070090";"Outras obras de zinco";"Santa Catarina";"142710";"9662"
"Exportação ";" 2025";"76169900";"Outras obras de alumínio";"Não Declarada";"62285";"468"
"Exportação ";" 2025";"79070090";"Outras obras de zinco";"Paraná";"56792";"4635"
"Exportação ";" 2025";"76169900";"Outras obras de alumínio";"Bahia";"49941";"2141"
"Exportação ";" 2025";"75089090";"Outras obras de níquel";"Paraná";"47159";"45"
"Exportação ";" 2025";"78060090";"Outras obras de chumbo";"Minas Gerais";"45505";"10150"
"Exportação ";" 2025";"76169900";"Outras obras de alumínio";"Paraíba";"34485";"2822"
"Exportação ";" 2025";"76169900";"Outras obras de alumínio";"Amazonas";"21199";"1701"
"Exportação ";" 2025";"79070090";"Outras obras de zinco";"Minas Gerais";"15597";"897"
"Exportação ";" 2025";"75089090";"Outras obras de níquel";"Minas Gerais";"8404";"28"
"Exportação ";" 2025";"76169900";"Outras obras de alumínio";"Ceará";"8254";"218"
"Exportação ";" 2025";"76169900";"Outras obras de alumínio";"Roraima";"4540";"1298"
"Exportação ";" 2025";"76169900";"Outras obras de alumínio";"Pernambuco";"3653";"800"
"Exportação ";" 2025";"80070090";"Outras obras de estanho";"Minas Gerais";"2922";"3"
"Exportação ";" 2025";"76169900";"Outras obras de alumínio";"Rio Grande do Norte";"2834";"54"
"Exportação ";" 2025";"76169900";"Outras obras de alumínio";"Goiás";"2674";"6"
"Exportação ";" 2025";"75089090";"Outras obras de níquel";"Amazonas";"1540";"128"
"Exportação ";" 2025";"76169900";"Outras obras de alumínio";"Maranhão";"1073";"10"
"Exportação ";" 2025";"78060090";"Outras obras de chumbo";"Paraná";"1017";"71"
"Exportação ";" 2025";"76169900";"Outras obras de alumínio";"Alagoas";"650";"16"
"Exportação ";" 2025";"80070090";"Outras obras de estanho";"Paraná";"622";"4"
"Exportação ";" 2025";"75089090";"Outras obras de níquel";"Santa Catarina";"598";"5"
"Exportação ";" 2025";"76169900";"Outras obras de alumínio";"Pará";"577";"25"
"Exportação ";" 2025";"78060090";"Outras obras de chumbo";"Rio de Janeiro";"471";"17"
"Exportação ";" 2025";"76169900";"Outras obras de alumínio";"Rondônia";"463";"30"
"Exportação ";" 2025";"80070090";"Outras obras de estanho";"São Paulo";"255";"1"
"Exportação ";" 2025";"78060090";"Outras obras de chumbo";"Rio Grande do Sul";"165";"1"
"Exportação ";" 2025";"79070090";"Outras obras de zinco";"Alagoas";"155";"2"
"Exportação ";" 2025";"78060090";"Outras obras de chumbo";"Goiás";"96";"32"
"Exportação ";" 2025";"79070090";"Outras obras de zinco";"Roraima";"90";"215"
"Exportação ";" 2025";"79070090";"Outras obras de zinco";"Mato Grosso do Sul";"67";"1"
"Exportação ";" 2025";"78060090";"Outras obras de chumbo";"Sergipe";"22";"0"
"Exportação ";" 2025";"78060090";"Outras obras de chumbo";"Santa Catarina";"10";"14"
"Exportação ";" 2025";"79070090";"Outras obras de zinco";"Espírito Santo";"0";"3"
"Importação ";" 2025";"75089090";"Outras obras de níquel";"Rio de Janeiro";"142266618";"90765"
"Importação ";" 2025";"76169900";"Outras obras de alumínio";"São Paulo";"121633206";"8642934"
"Importação ";" 2025";"76169900";"Outras obras de alumínio";"Rio de Janeiro";"41379488";"3434955"
"Importação ";" 2025";"76169900";"Outras obras de alumínio";"Pernambuco";"29330529";"2898236"
"Importação ";" 2025";"76169900";"Outras obras de alumínio";"Santa Catarina";"29114373";"5809819"
"Importação ";" 2025";"75089090";"Outras obras de níquel";"São Paulo";"22218733";"51218"
"Importação ";" 2025";"76169900";"Outras obras de alumínio";"Minas Gerais";"14675769";"1097070"
"Importação ";" 2025";"76169900";"Outras obras de alumínio";"Amazonas";"10006397";"678686"
"Importação ";" 2025";"76169900";"Outras obras de alumínio";"Paraná";"8546985";"1288143"
"Importação ";" 2025";"79070090";"Outras obras de zinco";"Santa Catarina";"3831579";"725417"
"Importação ";" 2025";"76169900";"Outras obras de alumínio";"Alagoas";"3082889";"741781"
"Importação ";" 2025";"75089090";"Outras obras de níquel";"Paraná";"1984105";"5133"
"Importação ";" 2025";"76169900";"Outras obras de alumínio";"Rio Grande do Sul";"1924913";"173239"
"Importação ";" 2025";"79070090";"Outras obras de zinco";"São Paulo";"1715491";"131457"
"Importação ";" 2025";"76169900";"Outras obras de alumínio";"Bahia";"1538556";"97016"
"Importação ";" 2025";"75089090";"Outras obras de níquel";"Minas Gerais";"1358150";"954"
"Importação ";" 2025";"76169900";"Outras obras de alumínio";"Espírito Santo";"1101274";"138069"
"Importação ";" 2025";"79070090";"Outras obras de zinco";"Pernambuco";"922930";"279795"
"Importação ";" 2025";"79070090";"Outras obras de zinco";"Rio de Janeiro";"736335";"21503"
"Importação ";" 2025";"79070090";"Outras obras de zinco";"Espírito Santo";"634255";"59227"
"Importação ";" 2025";"79070090";"Outras obras de zinco";"Minas Gerais";"594254";"114362"
"Importação ";" 2025";"76169900";"Outras obras de alumínio";"Rondônia";"545730";"125304"
"Importação ";" 2025";"76169900";"Outras obras de alumínio";"Mato Grosso do Sul";"456431";"77109"
"Importação ";" 2025";"76169900";"Outras obras de alumínio";"Ceará";"425090";"78516"
"Importação ";" 2025";"76169900";"Outras obras de alumínio";"Goiás";"372194";"12311"
"Importação ";" 2025";"76169900";"Outras obras de alumínio";"Distrito Federal";"345688";"7928"
"Importação ";" 2025";"80070090";"Outras obras de estanho";"São Paulo";"260713";"4320"
"Importação ";" 2025";"79070090";"Outras obras de zinco";"Paraná";"232934";"24277"
"Importação ";" 2025";"78060090";"Outras obras de chumbo";"São Paulo";"225475";"154000"
"Importação ";" 2025";"75089090";"Outras obras de níquel";"Bahia";"221667";"2346"
"Importação ";" 2025";"75089090";"Outras obras de níquel";"Santa Catarina";"200412";"4133"
"Importação ";" 2025";"75089090";"Outras obras de níquel";"Maranhão";"134156";"2847"
"Importação ";" 2025";"78060090";"Outras obras de chumbo";"Santa Catarina";"112649";"51353"
"Importação ";" 2025";"78060090";"Outras obras de chumbo";"Rio de Janeiro";"90856";"3997"
"Importação ";" 2025";"76169900";"Outras obras de alumínio";"Rio Grande do Norte";"89197";"24013"
"Importação ";" 2025";"80070090";"Outras obras de estanho";"Rio de Janeiro";"86539";"194"
"Importação ";" 2025";"75089090";"Outras obras de níquel";"Rio Grande do Sul";"76229";"63"
"Importação ";" 2025";"76169900";"Outras obras de alumínio";"Pará";"67476";"19454"
"Importação ";" 2025";"79070090";"Outras obras de zinco";"Amazonas";"63252";"1984"
"Importação ";" 2025";"75089090";"Outras obras de níquel";"Rio Grande do Norte";"59828";"2"
"Importação ";" 2025";"76169900";"Outras obras de alumínio";"Paraíba";"58878";"4335"
"Importação ";" 2025";"75089090";"Outras obras de níquel";"Amazonas";"54147";"410"
"Importação ";" 2025";"79070090";"Outras obras de zinco";"Rio Grande do Sul";"53636";"4770"
"Importação ";" 2025";"75089090";"Outras obras de níquel";"Espírito Santo";"47847";"966"
"Importação ";" 2025";"80070090";"Outras obras de estanho";"Paraná";"47491";"3211"
"Importação ";" 2025";"80070090";"Outras obras de estanho";"Rio Grande do Sul";"39727";"632"
"Importação ";" 2025";"76169900";"Outras obras de alumínio";"Piauí";"32003";"5444"
"Importação ";" 2025";"76169900";"Outras obras de alumínio";"Amapá";"30040";"6682"
"Importação ";" 2025";"78060090";"Outras obras de chumbo";"Minas Gerais";"28612";"407"
"Importação ";" 2025";"79070090";"Outras obras de zinco";"Bahia";"23433";"806"
"Importação ";" 2025";"78060090";"Outras obras de chumbo";"Rio Grande do Sul";"19737";"159"
"Importação ";" 2025";"79070090";"Outras obras de zinco";"Rondônia";"17296";"1878"
"Importação ";" 2025";"76169900";"Outras obras de alumínio";"Maranhão";"15828";"274"
"Importação ";" 2025";"76169900";"Outras obras de alumínio";"Mato Grosso";"13763";"47"
"Importação ";" 2025";"78060090";"Outras obras de chumbo";"Goiás";"11796";"1817"
"Importação ";" 2025";"76169900";"Outras obras de alumínio";"Sergipe";"9736";"174"
"Importação ";" 2025";"79070090";"Outras obras de zinco";"Alagoas";"6700";"1069"
"Importação ";" 2025";"79070090";"Outras obras de zinco";"Goiás";"5000";"58"
"Importação ";" 2025";"80070090";"Outras obras de estanho";"Minas Gerais";"4653";"8"
"Importação ";" 2025";"79070090";"Outras obras de zinco";"Paraíba";"4407";"401"
"Importação ";" 2025";"78060090";"Outras obras de chumbo";"Sergipe";"4098";"252"
"Importação ";" 2025";"78060090";"Outras obras de chumbo";"Bahia";"4002";"212"
"Importação ";" 2025";"76169900";"Outras obras de alumínio";"Roraima";"3588";"8"
"Importação ";" 2025";"79070090";"Outras obras de zinco";"Pará";"2675";"2"
"Importação ";" 2025";"80070090";"Outras obras de estanho";"Santa Catarina";"2566";"2171"
"Importação ";" 2025";"79070090";"Outras obras de zinco";"Rio Grande do Norte";"2323";"48"
"Importação ";" 2025";"76169900";"Outras obras de alumínio";"Tocantins";"2130";"16"
"Importação ";" 2025";"75089090";"Outras obras de níquel";"Pernambuco";"1757";"11"
"Importação ";" 2025";"79070090";"Outras obras de zinco";"Tocantins";"1498";"32"
"Importação ";" 2025";"80070090";"Outras obras de estanho";"Amazonas";"1260";"2"
"Importação ";" 2025";"78060090";"Outras obras de chumbo";"Espírito Santo";"787";"120"
"Importação ";" 2025";"75089090";"Outras obras de níquel";"Sergipe";"754";"1"
"Importação ";" 2025";"79070090";"Outras obras de zinco";"Distrito Federal";"684";"28"
"Importação ";" 2025";"75089090";"Outras obras de níquel";"Ceará";"546";"0"
"Importação ";" 2025";"78060090";"Outras obras de chumbo";"Mato Grosso do Sul";"512";"0"
"Importação ";" 2025";"80070090";"Outras obras de estanho";"Goiás";"356";"3"
"Importação ";" 2025";"80070090";"Outras obras de estanho";"Distrito Federal";"286";"0"
"Importação ";" 2025";"79070090";"Outras obras de zinco";"Mato Grosso do Sul";"269";"1"
"Importação ";" 2025";"75089090";"Outras obras de níquel";"Mato Grosso do Sul";"119";"0"
"Importação ";" 2025";"80070090";"Outras obras de estanho";"Alagoas";"43";"25"
"Exportação ";" 2024";"76169900";"Outras obras de alumínio";"São Paulo";"28853908";"1831035"
"Exportação ";" 2024";"75089090";"Outras obras de níquel";"Rio de Janeiro";"17533416";"2934"
"Exportação ";" 2024";"75089090";"Outras obras de níquel";"São Paulo";"3495428";"4109"
"Exportação ";" 2024";"76169900";"Outras obras de alumínio";"Rio Grande do Sul";"3298158";"514250"
"Exportação ";" 2024";"76169900";"Outras obras de alumínio";"Santa Catarina";"2630286";"192947"
"Exportação ";" 2024";"76169900";"Outras obras de alumínio";"Rio de Janeiro";"1864312";"158816"
"Exportação ";" 2024";"76169900";"Outras obras de alumínio";"Minas Gerais";"1315209";"13486"
"Exportação ";" 2024";"76169900";"Outras obras de alumínio";"Paraná";"1039627";"63577"
"Exportação ";" 2024";"79070090";"Outras obras de zinco";"São Paulo";"883805";"79455"
"Exportação ";" 2024";"78060090";"Outras obras de chumbo";"Rio de Janeiro";"582902";"183856"
"Exportação ";" 2024";"75089090";"Outras obras de níquel";"Rio Grande do Sul";"542452";"24822"
"Exportação ";" 2024";"79070090";"Outras obras de zinco";"Rio Grande do Sul";"296216";"23970"
"Exportação ";" 2024";"79070090";"Outras obras de zinco";"Santa Catarina";"267357";"11247"
"Exportação ";" 2024";"78060090";"Outras obras de chumbo";"São Paulo";"266896";"42195"
"Exportação ";" 2024";"75089090";"Outras obras de níquel";"Paraná";"95039";"266"
"Exportação ";" 2024";"79070090";"Outras obras de zinco";"Espírito Santo";"84613";"2699"
"Exportação ";" 2024";"79070090";"Outras obras de zinco";"Paraná";"79561";"4624"
"Exportação ";" 2024";"76169900";"Outras obras de alumínio";"Não Declarada";"66688";"574"
"Exportação ";" 2024";"79070090";"Outras obras de zinco";"Rio de Janeiro";"64724";"7607"
"Exportação ";" 2024";"76169900";"Outras obras de alumínio";"Espírito Santo";"57314";"2240"
"Exportação ";" 2024";"78060090";"Outras obras de chumbo";"Minas Gerais";"32327";"7127"
"Exportação ";" 2024";"76169900";"Outras obras de alumínio";"Bahia";"27166";"1588"
"Exportação ";" 2024";"76169900";"Outras obras de alumínio";"Ceará";"8017";"153"
"Exportação ";" 2024";"75089090";"Outras obras de níquel";"Santa Catarina";"6631";"19"
"Exportação ";" 2024";"75089090";"Outras obras de níquel";"Minas Gerais";"5727";"3"
"Exportação ";" 2024";"76169900";"Outras obras de alumínio";"Mato Grosso do Sul";"4205";"454"
"Exportação ";" 2024";"76169900";"Outras obras de alumínio";"Acre";"3661";"559"
"Exportação ";" 2024";"79070090";"Outras obras de zinco";"Minas Gerais";"2461";"178"
"Exportação ";" 2024";"80070090";"Outras obras de estanho";"Paraná";"1845";"1"
"Exportação ";" 2024";"80070090";"Outras obras de estanho";"Minas Gerais";"1720";"4"
"Exportação ";" 2024";"80070090";"Outras obras de estanho";"São Paulo";"1333";"45"
"Exportação ";" 2024";"76169900";"Outras obras de alumínio";"Roraima";"1219";"80"
"Exportação ";" 2024";"78060090";"Outras obras de chumbo";"Paraná";"721";"813"
"Exportação ";" 2024";"78060090";"Outras obras de chumbo";"Não Declarada";"333";"2"
"Exportação ";" 2024";"76169900";"Outras obras de alumínio";"Alagoas";"303";"1"
"Exportação ";" 2024";"76169900";"Outras obras de alumínio";"Amazonas";"277";"94"
"Exportação ";" 2024";"76169900";"Outras obras de alumínio";"Amapá";"181";"12"
"Exportação ";" 2024";"78060090";"Outras obras de chumbo";"Rio Grande do Sul";"146";"2"
"Exportação ";" 2024";"79070090";"Outras obras de zinco";"Ceará";"107";"2"
"Exportação ";" 2024";"76169900";"Outras obras de alumínio";"Pará";"93";"2"
"Exportação ";" 2024";"76169900";"Outras obras de alumínio";"Distrito Federal";"75";"1"
"Exportação ";" 2024";"76169900";"Outras obras de alumínio";"Maranhão";"58";"3"
"Exportação ";" 2024";"79070090";"Outras obras de zinco";"Roraima";"44";"1"
"Exportação ";" 2024";"79070090";"Outras obras de zinco";"Amapá";"31";"2"
"Exportação ";" 2024";"79070090";"Outras obras de zinco";"Amazonas";"9";"6"
"Exportação ";" 2024";"80070090";"Outras obras de estanho";"Não Declarada";"7";"0"
"Importação ";" 2024";"76169900";"Outras obras de alumínio";"São Paulo";"157594677";"16378532"
"Importação ";" 2024";"75089090";"Outras obras de níquel";"Rio de Janeiro";"111412111";"50449"
"Importação ";" 2024";"76169900";"Outras obras de alumínio";"Pernambuco";"41618488";"4244346"
"Importação ";" 2024";"76169900";"Outras obras de alumínio";"Rio de Janeiro";"33495221";"2759947"
"Importação ";" 2024";"75089090";"Outras obras de níquel";"São Paulo";"17713847";"42272"
"Importação ";" 2024";"76169900";"Outras obras de alumínio";"Santa Catarina";"12384439";"1786618"
"Importação ";" 2024";"76169900";"Outras obras de alumínio";"Minas Gerais";"11777598";"736222"
"Importação ";" 2024";"76169900";"Outras obras de alumínio";"Amazonas";"10453273";"635146"
"Importação ";" 2024";"76169900";"Outras obras de alumínio";"Paraná";"9252828";"1369636"
"Importação ";" 2024";"79070090";"Outras obras de zinco";"Santa Catarina";"5868114";"602646"
"Importação ";" 2024";"76169900";"Outras obras de alumínio";"Ceará";"4912665";"403741"
"Importação ";" 2024";"76169900";"Outras obras de alumínio";"Rio Grande do Sul";"1774735";"128341"
"Importação ";" 2024";"79070090";"Outras obras de zinco";"São Paulo";"1385743";"121296"
"Importação ";" 2024";"76169900";"Outras obras de alumínio";"Espírito Santo";"1336783";"184053"
"Importação ";" 2024";"79070090";"Outras obras de zinco";"Pernambuco";"1240999";"445113"
"Importação ";" 2024";"79070090";"Outras obras de zinco";"Rio de Janeiro";"942650";"19633"
"Importação ";" 2024";"76169900";"Outras obras de alumínio";"Alagoas";"741148";"264834"
"Importação ";" 2024";"76169900";"Outras obras de alumínio";"Goiás";"700179";"22377"
"Importação ";" 2024";"75089090";"Outras obras de níquel";"Minas Gerais";"649560";"239"
"Importação ";" 2024";"76169900";"Outras obras de alumínio";"Bahia";"633553";"38205"
"Importação ";" 2024";"79070090";"Outras obras de zinco";"Minas Gerais";"586219";"70387"
"Importação ";" 2024";"80070090";"Outras obras de estanho";"São Paulo";"490885";"11743"
"Importação ";" 2024";"75089090";"Outras obras de níquel";"Paraná";"425176";"2168"
"Importação ";" 2024";"79070090";"Outras obras de zinco";"Espírito Santo";"368654";"40108"
"Importação ";" 2024";"76169900";"Outras obras de alumínio";"Rondônia";"312077";"71656"
"Importação ";" 2024";"76169900";"Outras obras de alumínio";"Distrito Federal";"253668";"2452"
"Importação ";" 2024";"78060090";"Outras obras de chumbo";"São Paulo";"230615";"63372"
"Importação ";" 2024";"76169900";"Outras obras de alumínio";"Mato Grosso do Sul";"189627";"25250"
"Importação ";" 2024";"79070090";"Outras obras de zinco";"Amazonas";"153108";"46954"
"Importação ";" 2024";"75089090";"Outras obras de níquel";"Maranhão";"150856";"2930"
"Importação ";" 2024";"79070090";"Outras obras de zinco";"Paraná";"146120";"13571"
"Importação ";" 2024";"76169900";"Outras obras de alumínio";"Rio Grande do Norte";"145036";"36298"
"Importação ";" 2024";"75089090";"Outras obras de níquel";"Espírito Santo";"137347";"1748"
"Importação ";" 2024";"76169900";"Outras obras de alumínio";"Paraíba";"117871";"3572"
"Importação ";" 2024";"75089090";"Outras obras de níquel";"Amazonas";"110828";"374"
"Importação ";" 2024";"78060090";"Outras obras de chumbo";"Santa Catarina";"103309";"32629"
"Importação ";" 2024";"79070090";"Outras obras de zinco";"Rio Grande do Sul";"93656";"11241"
"Importação ";" 2024";"75089090";"Outras obras de níquel";"Bahia";"69414";"470"
"Importação ";" 2024";"76169900";"Outras obras de alumínio";"Sergipe";"66222";"26390"
"Importação ";" 2024";"78060090";"Outras obras de chumbo";"Rio de Janeiro";"56422";"303"
"Importação ";" 2024";"78060090";"Outras obras de chumbo";"Rio Grande do Sul";"42706";"397"
"Importação ";" 2024";"80070090";"Outras obras de estanho";"Rio Grande do Sul";"39722";"519"
"Importação ";" 2024";"79070090";"Outras obras de zinco";"Ceará";"39703";"843"
"Importação ";" 2024";"76169900";"Outras obras de alumínio";"Mato Grosso";"38891";"144"
"Importação ";" 2024";"76169900";"Outras obras de alumínio";"Pará";"38176";"1916"
"Importação ";" 2024";"80070090";"Outras obras de estanho";"Paraná";"31874";"880"
"Importação ";" 2024";"80070090";"Outras obras de estanho";"Minas Gerais";"31224";"395"
"Importação ";" 2024";"76169900";"Outras obras de alumínio";"Piauí";"26602";"645"
"Importação ";" 2024";"76169900";"Outras obras de alumínio";"Maranhão";"25295";"323"
"Importação ";" 2024";"78060090";"Outras obras de chumbo";"Goiás";"24490";"4597"
"Importação ";" 2024";"75089090";"Outras obras de níquel";"Pernambuco";"19987";"44"
"Importação ";" 2024";"76169900";"Outras obras de alumínio";"Amapá";"19278";"5157"
"Importação ";" 2024";"80070090";"Outras obras de estanho";"Santa Catarina";"17396";"16173"
"Importação ";" 2024";"79070090";"Outras obras de zinco";"Bahia";"14993";"173"
"Importação ";" 2024";"75089090";"Outras obras de níquel";"Rio Grande do Sul";"13960";"84"
"Importação ";" 2024";"78060090";"Outras obras de chumbo";"Minas Gerais";"13953";"538"
"Importação ";" 2024";"80070090";"Outras obras de estanho";"Rio de Janeiro";"12556";"21"
"Importação ";" 2024";"75089090";"Outras obras de níquel";"Santa Catarina";"11135";"348"
"Importação ";" 2024";"75089090";"Outras obras de níquel";"Rio Grande do Norte";"9727";"0"
"Importação ";" 2024";"78060090";"Outras obras de chumbo";"Pernambuco";"9592";"1934"
"Importação ";" 2024";"79070090";"Outras obras de zinco";"Rondônia";"7256";"857"
"Importação ";" 2024";"79070090";"Outras obras de zinco";"Tocantins";"7048";"107"
"Importação ";" 2024";"78060090";"Outras obras de chumbo";"Rio Grande do Norte";"4180";"2183"
"Importação ";" 2024";"78060090";"Outras obras de chumbo";"Bahia";"3139";"33"
"Importação ";" 2024";"79070090";"Outras obras de zinco";"Distrito Federal";"1864";"54"
"Importação ";" 2024";"75089090";"Outras obras de níquel";"Sergipe";"1622";"15"
"Importação ";" 2024";"78060090";"Outras obras de chumbo";"Ceará";"1568";"4"
"Importação ";" 2024";"80070090";"Outras obras de estanho";"Rondônia";"1500";"168"
"Importação ";" 2024";"79070090";"Outras obras de zinco";"Paraíba";"1290";"147"
"Importação ";" 2024";"79070090";"Outras obras de zinco";"Maranhão";"708";"154"
"Importação ";" 2024";"80070090";"Outras obras de estanho";"Goiás";"569";"1"
"Importação ";" 2024";"78060090";"Outras obras de chumbo";"Mato Grosso do Sul";"499";"6"
"Importação ";" 2024";"76169900";"Outras obras de alumínio";"Acre";"403";"1"
"Importação ";" 2024";"79070090";"Outras obras de zinco";"Rio Grande do Norte";"253";"14"
"Importação ";" 2024";"75089090";"Outras obras de níquel";"Distrito Federal";"249";"1"
"Importação ";" 2024";"75089090";"Outras obras de níquel";"Alagoas";"178";"0"
"Importação ";" 2024";"78060090";"Outras obras de chumbo";"Amazonas";"177";"18"
"Importação ";" 2024";"75089090";"Outras obras de níquel";"Mato Grosso do Sul";"61";"0"
"Importação ";" 2024";"75089090";"Outras obras de níquel";"Goiás";"37";"0"
"Importação ";" 2024";"75089090";"Outras obras de níquel";"Mato Grosso";"22";"0"
"Importação ";" 2024";"76169900";"Outras obras de alumínio";"Roraima";"19";"0"
"Importação ";" 2024";"78060090";"Outras obras de chumbo";"Espírito Santo";"15";"10"
"Exportação ";" 2023";"76169900";"Outras obras de alumínio";"São Paulo";"29344815";"1755527"
"Exportação ";" 2023";"75089090";"Outras obras de níquel";"Rio de Janeiro";"15848870";"5826"
"Exportação ";" 2023";"75089090";"Outras obras de níquel";"São Paulo";"4037506";"4642"
"Exportação ";" 2023";"76169900";"Outras obras de alumínio";"Rio Grande do Sul";"3368046";"497037"
"Exportação ";" 2023";"76169900";"Outras obras de alumínio";"Rio de Janeiro";"2412552";"214799"
"Exportação ";" 2023";"76169900";"Outras obras de alumínio";"Santa Catarina";"1960838";"118124"
"Exportação ";" 2023";"78060090";"Outras obras de chumbo";"Rio de Janeiro";"1370872";"418098"
"Exportação ";" 2023";"76169900";"Outras obras de alumínio";"Minas Gerais";"1246591";"56188"
"Exportação ";" 2023";"76169900";"Outras obras de alumínio";"Paraná";"1011818";"75100"
"Exportação ";" 2023";"79070090";"Outras obras de zinco";"São Paulo";"955845";"81458"
"Exportação ";" 2023";"78060090";"Outras obras de chumbo";"São Paulo";"553958";"63084"
"Exportação ";" 2023";"75089090";"Outras obras de níquel";"Rio Grande do Sul";"475415";"21536"
"Exportação ";" 2023";"80070090";"Outras obras de estanho";"São Paulo";"284843";"11005"
"Exportação ";" 2023";"79070090";"Outras obras de zinco";"Rio Grande do Sul";"254150";"16628"
"Exportação ";" 2023";"76169900";"Outras obras de alumínio";"Espírito Santo";"215460";"2729"
"Exportação ";" 2023";"79070090";"Outras obras de zinco";"Santa Catarina";"160570";"8235"
"Exportação ";" 2023";"76169900";"Outras obras de alumínio";"Rio Grande do Norte";"80236";"454"
"Exportação ";" 2023";"79070090";"Outras obras de zinco";"Rio de Janeiro";"62280";"6546"
"Exportação ";" 2023";"79070090";"Outras obras de zinco";"Paraná";"54890";"4631"
"Exportação ";" 2023";"78060090";"Outras obras de chumbo";"Minas Gerais";"27257";"5645"
"Exportação ";" 2023";"76169900";"Outras obras de alumínio";"Goiás";"22419";"312"
"Exportação ";" 2023";"76169900";"Outras obras de alumínio";"Bahia";"11728";"891"
"Exportação ";" 2023";"79070090";"Outras obras de zinco";"Acre";"5581";"425"
"Exportação ";" 2023";"76169900";"Outras obras de alumínio";"Roraima";"3703";"132"
"Exportação ";" 2023";"79070090";"Outras obras de zinco";"Minas Gerais";"3545";"200"
"Exportação ";" 2023";"76169900";"Outras obras de alumínio";"Distrito Federal";"2676";"41"
"Exportação ";" 2023";"75089090";"Outras obras de níquel";"Paraná";"2419";"1"
"Exportação ";" 2023";"76169900";"Outras obras de alumínio";"Mato Grosso do Sul";"2292";"76"
"Exportação ";" 2023";"75089090";"Outras obras de níquel";"Santa Catarina";"2166";"5"
"Exportação ";" 2023";"76169900";"Outras obras de alumínio";"Não Declarada";"2155";"162"
"Exportação ";" 2023";"80070090";"Outras obras de estanho";"Minas Gerais";"1250";"1"
"Exportação ";" 2023";"76169900";"Outras obras de alumínio";"Pará";"824";"11"
"Exportação ";" 2023";"76169900";"Outras obras de alumínio";"Amazonas";"698";"57"
"Exportação ";" 2023";"79070090";"Outras obras de zinco";"Espírito Santo";"399";"4"
"Exportação ";" 2023";"76169900";"Outras obras de alumínio";"Alagoas";"297";"16"
"Exportação ";" 2023";"76169900";"Outras obras de alumínio";"Ceará";"247";"2"
"Exportação ";" 2023";"76169900";"Outras obras de alumínio";"Maranhão";"221";"6"
"Exportação ";" 2023";"75089090";"Outras obras de níquel";"Minas Gerais";"155";"14"
"Exportação ";" 2023";"78060090";"Outras obras de chumbo";"Rio Grande do Sul";"115";"3"
"Exportação ";" 2023";"75089090";"Outras obras de níquel";"Espírito Santo";"98";"0"
"Exportação ";" 2023";"80070090";"Outras obras de estanho";"Paraná";"33";"14"
"Exportação ";" 2023";"79070090";"Outras obras de zinco";"Bahia";"30";"0"
"Exportação ";" 2023";"76169900";"Outras obras de alumínio";"Amapá";"6";"0"
"Importação ";" 2023";"76169900";"Outras obras de alumínio";"São Paulo";"128528850";"11538116"
"Importação ";" 2023";"75089090";"Outras obras de níquel";"Rio de Janeiro";"85265976";"36139"
"Importação ";" 2023";"76169900";"Outras obras de alumínio";"Rio de Janeiro";"16273965";"1247837"
"Importação ";" 2023";"76169900";"Outras obras de alumínio";"Minas Gerais";"15049453";"1055154"
"Importação ";" 2023";"75089090";"Outras obras de níquel";"São Paulo";"14613950";"49761"
"Importação ";" 2023";"76169900";"Outras obras de alumínio";"Santa Catarina";"12924703";"2226701"
"Importação ";" 2023";"76169900";"Outras obras de alumínio";"Paraná";"7476926";"1016076"
"Importação ";" 2023";"76169900";"Outras obras de alumínio";"Amazonas";"5212764";"295274"
"Importação ";" 2023";"76169900";"Outras obras de alumínio";"Ceará";"4228636";"238170"
"Importação ";" 2023";"79070090";"Outras obras de zinco";"Santa Catarina";"3820503";"406334"
"Importação ";" 2023";"76169900";"Outras obras de alumínio";"Pernambuco";"3442787";"638560"
"Importação ";" 2023";"76169900";"Outras obras de alumínio";"Rio Grande do Sul";"2019878";"192875"
"Importação ";" 2023";"79070090";"Outras obras de zinco";"Pernambuco";"1632528";"639283"
"Importação ";" 2023";"79070090";"Outras obras de zinco";"Rio de Janeiro";"1506033";"17844"
"Importação ";" 2023";"79070090";"Outras obras de zinco";"São Paulo";"1347789";"95544"
"Importação ";" 2023";"76169900";"Outras obras de alumínio";"Espírito Santo";"739992";"97213"
"Importação ";" 2023";"75089090";"Outras obras de níquel";"Paraná";"717841";"1396"
"Importação ";" 2023";"76169900";"Outras obras de alumínio";"Goiás";"632845";"23694"
"Importação ";" 2023";"75089090";"Outras obras de níquel";"Minas Gerais";"617170";"385"
"Importação ";" 2023";"76169900";"Outras obras de alumínio";"Alagoas";"608946";"203596"
"Importação ";" 2023";"76169900";"Outras obras de alumínio";"Mato Grosso do Sul";"527753";"57127"
"Importação ";" 2023";"76169900";"Outras obras de alumínio";"Bahia";"526005";"25147"
"Importação ";" 2023";"80070090";"Outras obras de estanho";"São Paulo";"318741";"11417"
"Importação ";" 2023";"76169900";"Outras obras de alumínio";"Distrito Federal";"293655";"3818"
"Importação ";" 2023";"79070090";"Outras obras de zinco";"Espírito Santo";"278837";"29824"
"Importação ";" 2023";"79070090";"Outras obras de zinco";"Amazonas";"212372";"22331"
"Importação ";" 2023";"78060090";"Outras obras de chumbo";"Pernambuco";"199717";"49173"
"Importação ";" 2023";"79070090";"Outras obras de zinco";"Paraná";"191854";"17149"
"Importação ";" 2023";"76169900";"Outras obras de alumínio";"Rio Grande do Norte";"174376";"3071"
"Importação ";" 2023";"79070090";"Outras obras de zinco";"Minas Gerais";"167002";"11920"
"Importação ";" 2023";"75089090";"Outras obras de níquel";"Santa Catarina";"157313";"2582"
"Importação ";" 2023";"76169900";"Outras obras de alumínio";"Rondônia";"136671";"20844"
"Importação ";" 2023";"78060090";"Outras obras de chumbo";"Rio de Janeiro";"116546";"11230"
"Importação ";" 2023";"79070090";"Outras obras de zinco";"Rio Grande do Sul";"104184";"11038"
"Importação ";" 2023";"78060090";"Outras obras de chumbo";"Santa Catarina";"93909";"20672"
"Importação ";" 2023";"75089090";"Outras obras de níquel";"Amazonas";"87927";"354"
"Importação ";" 2023";"78060090";"Outras obras de chumbo";"Rio Grande do Sul";"82915";"1927"
"Importação ";" 2023";"80070090";"Outras obras de estanho";"Rio Grande do Sul";"81659";"1078"
"Importação ";" 2023";"75089090";"Outras obras de níquel";"Maranhão";"81341";"1608"
"Importação ";" 2023";"76169900";"Outras obras de alumínio";"Paraíba";"76960";"4873"
"Importação ";" 2023";"78060090";"Outras obras de chumbo";"São Paulo";"74416";"330"
"Importação ";" 2023";"76169900";"Outras obras de alumínio";"Piauí";"60851";"14921"
"Importação ";" 2023";"75089090";"Outras obras de níquel";"Bahia";"53257";"246"
"Importação ";" 2023";"75089090";"Outras obras de níquel";"Rio Grande do Sul";"51241";"566"
"Importação ";" 2023";"79070090";"Outras obras de zinco";"Paraíba";"32116";"17511"
"Importação ";" 2023";"76169900";"Outras obras de alumínio";"Pará";"31515";"1183"
"Importação ";" 2023";"76169900";"Outras obras de alumínio";"Mato Grosso";"30538";"113"
"Importação ";" 2023";"80070090";"Outras obras de estanho";"Paraná";"22260";"638"
"Importação ";" 2023";"78060090";"Outras obras de chumbo";"Minas Gerais";"16160";"72"
"Importação ";" 2023";"75089090";"Outras obras de níquel";"Espírito Santo";"14953";"67"
"Importação ";" 2023";"75089090";"Outras obras de níquel";"Sergipe";"6537";"47"
"Importação ";" 2023";"79070090";"Outras obras de zinco";"Mato Grosso";"6171";"1172"
"Importação ";" 2023";"80070090";"Outras obras de estanho";"Rio de Janeiro";"6146";"10"
"Importação ";" 2023";"75089090";"Outras obras de níquel";"Pernambuco";"5587";"13"
"Importação ";" 2023";"79070090";"Outras obras de zinco";"Ceará";"4875";"220"
"Importação ";" 2023";"76169900";"Outras obras de alumínio";"Amapá";"4411";"1153"
"Importação ";" 2023";"80070090";"Outras obras de estanho";"Santa Catarina";"3962";"2457"
"Importação ";" 2023";"76169900";"Outras obras de alumínio";"Roraima";"3628";"28"
"Importação ";" 2023";"75089090";"Outras obras de níquel";"Goiás";"3572";"2"
"Importação ";" 2023";"76169900";"Outras obras de alumínio";"Sergipe";"3080";"266"
"Importação ";" 2023";"78060090";"Outras obras de chumbo";"Ceará";"3062";"66"
"Importação ";" 2023";"79070090";"Outras obras de zinco";"Rio Grande do Norte";"3014";"82"
"Importação ";" 2023";"78060090";"Outras obras de chumbo";"Goiás";"2253";"238"
"Importação ";" 2023";"78060090";"Outras obras de chumbo";"Mato Grosso do Sul";"2243";"22"
"Importação ";" 2023";"75089090";"Outras obras de níquel";"Distrito Federal";"1550";"0"
"Importação ";" 2023";"76169900";"Outras obras de alumínio";"Maranhão";"1298";"11"
"Importação ";" 2023";"79070090";"Outras obras de zinco";"Rondônia";"1275";"26"
"Importação ";" 2023";"78060090";"Outras obras de chumbo";"Bahia";"1236";"17"
"Importação ";" 2023";"78060090";"Outras obras de chumbo";"Rio Grande do Norte";"1070";"750"
"Importação ";" 2023";"79070090";"Outras obras de zinco";"Bahia";"852";"54"
"Importação ";" 2023";"78060090";"Outras obras de chumbo";"Pará";"795";"1"
"Importação ";" 2023";"78060090";"Outras obras de chumbo";"Sergipe";"746";"5"
"Importação ";" 2023";"75089090";"Outras obras de níquel";"Alagoas";"581";"0"
"Importação ";" 2023";"75089090";"Outras obras de níquel";"Ceará";"371";"1"
"Importação ";" 2023";"79070090";"Outras obras de zinco";"Pará";"363";"1"
"Importação ";" 2023";"80070090";"Outras obras de estanho";"Amazonas";"250";"0"
"Importação ";" 2023";"79070090";"Outras obras de zinco";"Tocantins";"88";"9"
"Importação ";" 2023";"79070090";"Outras obras de zinco";"Sergipe";"37";"0"
"Importação ";" 2023";"79070090";"Outras obras de zinco";"Goiás";"15";"1"
"Importação ";" 2023";"75089090";"Outras obras de níquel";"Rio Grande do Norte";"6";"1"
"Exportação ";" 2022";"76169900";"Outras obras de alumínio";"São Paulo";"29776439";"1399815"
"Exportação ";" 2022";"75089090";"Outras obras de níquel";"Rio de Janeiro";"13886547";"1708"
"Exportação ";" 2022";"75089090";"Outras obras de níquel";"São Paulo";"2887008";"5822"
"Exportação ";" 2022";"76169900";"Outras obras de alumínio";"Rio Grande do Sul";"2712634";"415656"
"Exportação ";" 2022";"76169900";"Outras obras de alumínio";"Rio de Janeiro";"2016441";"148609"
"Exportação ";" 2022";"76169900";"Outras obras de alumínio";"Santa Catarina";"1951454";"106604"
"Exportação ";" 2022";"78060090";"Outras obras de chumbo";"Rio de Janeiro";"1518974";"512279"
"Exportação ";" 2022";"76169900";"Outras obras de alumínio";"Minas Gerais";"1153373";"97133"
"Exportação ";" 2022";"75089090";"Outras obras de níquel";"Rio Grande do Sul";"1063580";"48243"
"Exportação ";" 2022";"80070090";"Outras obras de estanho";"São Paulo";"963755";"354637"
"Exportação ";" 2022";"76169900";"Outras obras de alumínio";"Paraná";"758846";"50910"
"Exportação ";" 2022";"79070090";"Outras obras de zinco";"São Paulo";"708280";"62879"
"Exportação ";" 2022";"78060090";"Outras obras de chumbo";"São Paulo";"294254";"50923"
"Exportação ";" 2022";"79070090";"Outras obras de zinco";"Rio Grande do Sul";"223385";"14463"
"Exportação ";" 2022";"79070090";"Outras obras de zinco";"Santa Catarina";"113465";"5128"
"Exportação ";" 2022";"79070090";"Outras obras de zinco";"Rio de Janeiro";"73245";"10877"
"Exportação ";" 2022";"79070090";"Outras obras de zinco";"Paraná";"46066";"3042"
"Exportação ";" 2022";"76169900";"Outras obras de alumínio";"Espírito Santo";"31178";"4729"
"Exportação ";" 2022";"80070090";"Outras obras de estanho";"Santa Catarina";"28751";"471"
"Exportação ";" 2022";"76169900";"Outras obras de alumínio";"Roraima";"18727";"561"
"Exportação ";" 2022";"76169900";"Outras obras de alumínio";"Não Declarada";"16382";"200"
"Exportação ";" 2022";"78060090";"Outras obras de chumbo";"Minas Gerais";"14908";"3235"
"Exportação ";" 2022";"75089090";"Outras obras de níquel";"Paraná";"12931";"8"
"Exportação ";" 2022";"78060090";"Outras obras de chumbo";"Amazonas";"12350";"525"
"Exportação ";" 2022";"76169900";"Outras obras de alumínio";"Bahia";"11350";"208"
"Exportação ";" 2022";"75089090";"Outras obras de níquel";"Espírito Santo";"10611";"16"
"Exportação ";" 2022";"76169900";"Outras obras de alumínio";"Rio Grande do Norte";"10195";"162"
"Exportação ";" 2022";"80070090";"Outras obras de estanho";"Minas Gerais";"5853";"116"
"Exportação ";" 2022";"79070090";"Outras obras de zinco";"Minas Gerais";"5251";"160"
"Exportação ";" 2022";"74199100";"Outras obras de cobre, vazadas, moldadas, estampadas ou forjadas, mas não trabalhadas de outro modo";"Rio Grande do Sul";"4097";"166"
"Exportação ";" 2022";"74199100";"Outras obras de cobre, vazadas, moldadas, estampadas ou forjadas, mas não trabalhadas de outro modo";"São Paulo";"4028";"219"
"Exportação ";" 2022";"76169900";"Outras obras de alumínio";"Goiás";"3659";"35"
"Exportação ";" 2022";"76169900";"Outras obras de alumínio";"Maranhão";"1581";"42"
"Exportação ";" 2022";"75089090";"Outras obras de níquel";"Santa Catarina";"1500";"4"
"Exportação ";" 2022";"76169900";"Outras obras de alumínio";"Pará";"1244";"3"
"Exportação ";" 2022";"76169900";"Outras obras de alumínio";"Ceará";"1240";"22"
"Exportação ";" 2022";"76169900";"Outras obras de alumínio";"Amazonas";"1142";"124"
"Exportação ";" 2022";"74199100";"Outras obras de cobre, vazadas, moldadas, estampadas ou forjadas, mas não trabalhadas de outro modo";"Rio de Janeiro";"1066";"2"
"Exportação ";" 2022";"79070090";"Outras obras de zinco";"Acre";"1037";"66"
"Exportação ";" 2022";"75089090";"Outras obras de níquel";"Minas Gerais";"749";"0"
"Exportação ";" 2022";"79070090";"Outras obras de zinco";"Roraima";"594";"32"
"Exportação ";" 2022";"76169900";"Outras obras de alumínio";"Acre";"439";"4"
"Exportação ";" 2022";"79070090";"Outras obras de zinco";"Mato Grosso do Sul";"131";"6"
"Exportação ";" 2022";"78060090";"Outras obras de chumbo";"Rio Grande do Sul";"111";"0"
"Exportação ";" 2022";"80070090";"Outras obras de estanho";"Rio Grande do Sul";"53";"1"
"Exportação ";" 2022";"79070090";"Outras obras de zinco";"Espírito Santo";"43";"0"
"Exportação ";" 2022";"76169900";"Outras obras de alumínio";"Pernambuco";"26";"2"
"Exportação ";" 2022";"79070090";"Outras obras de zinco";"Pará";"26";"2"
"Exportação ";" 2022";"79070090";"Outras obras de zinco";"Amazonas";"15";"20"
"Exportação ";" 2022";"74199100";"Outras obras de cobre, vazadas, moldadas, estampadas ou forjadas, mas não trabalhadas de outro modo";"Paraná";"15";"0"
"Exportação ";" 2022";"78060090";"Outras obras de chumbo";"Espírito Santo";"7";"1"
"Importação ";" 2022";"76169900";"Outras obras de alumínio";"São Paulo";"147397226";"13007918"
"Importação ";" 2022";"75089090";"Outras obras de níquel";"Rio de Janeiro";"76492694";"37812"
"Importação ";" 2022";"76169900";"Outras obras de alumínio";"Minas Gerais";"40698154";"3534024"
"Importação ";" 2022";"76169900";"Outras obras de alumínio";"Rio de Janeiro";"31518621";"2733249"
"Importação ";" 2022";"76169900";"Outras obras de alumínio";"Santa Catarina";"17535441";"2518723"
"Importação ";" 2022";"75089090";"Outras obras de níquel";"São Paulo";"14667529";"53825"
"Importação ";" 2022";"76169900";"Outras obras de alumínio";"Paraná";"7947273";"1203330"
"Importação ";" 2022";"76169900";"Outras obras de alumínio";"Amazonas";"5363444";"330412"
"Importação ";" 2022";"76169900";"Outras obras de alumínio";"Pernambuco";"3103629";"374676"
"Importação ";" 2022";"76169900";"Outras obras de alumínio";"Rio Grande do Sul";"2286242";"205710"
"Importação ";" 2022";"79070090";"Outras obras de zinco";"Rio de Janeiro";"2107227";"9676"
"Importação ";" 2022";"76169900";"Outras obras de alumínio";"Ceará";"2031575";"122927"
"Importação ";" 2022";"79070090";"Outras obras de zinco";"São Paulo";"1451067";"117608"
"Importação ";" 2022";"79070090";"Outras obras de zinco";"Santa Catarina";"1394957";"232224"
"Importação ";" 2022";"76169900";"Outras obras de alumínio";"Bahia";"1192728";"72310"
"Importação ";" 2022";"79070090";"Outras obras de zinco";"Pernambuco";"1163806";"329698"
"Importação ";" 2022";"75089090";"Outras obras de níquel";"Minas Gerais";"848885";"318"
"Importação ";" 2022";"76169900";"Outras obras de alumínio";"Goiás";"745936";"22106"
"Importação ";" 2022";"76169900";"Outras obras de alumínio";"Espírito Santo";"595129";"75519"
"Importação ";" 2022";"79070090";"Outras obras de zinco";"Espírito Santo";"490397";"40845"
"Importação ";" 2022";"75089090";"Outras obras de níquel";"Amazonas";"417234";"449"
"Importação ";" 2022";"76169900";"Outras obras de alumínio";"Pará";"414888";"5559"
"Importação ";" 2022";"76169900";"Outras obras de alumínio";"Distrito Federal";"397297";"7387"
"Importação ";" 2022";"79070090";"Outras obras de zinco";"Paraná";"285556";"29578"
"Importação ";" 2022";"78060090";"Outras obras de chumbo";"Santa Catarina";"242148";"69301"
"Importação ";" 2022";"76169900";"Outras obras de alumínio";"Rio Grande do Norte";"238245";"13208"
"Importação ";" 2022";"79070090";"Outras obras de zinco";"Amazonas";"198735";"35620"
"Importação ";" 2022";"80070090";"Outras obras de estanho";"São Paulo";"193480";"5484"
"Importação ";" 2022";"75089090";"Outras obras de níquel";"Maranhão";"184526";"3742"
"Importação ";" 2022";"78060090";"Outras obras de chumbo";"Pernambuco";"162884";"43656"
"Importação ";" 2022";"75089090";"Outras obras de níquel";"Paraná";"155087";"394"
"Importação ";" 2022";"78060090";"Outras obras de chumbo";"Rio de Janeiro";"136958";"274247"
"Importação ";" 2022";"75089090";"Outras obras de níquel";"Bahia";"121038";"1174"
"Importação ";" 2022";"79070090";"Outras obras de zinco";"Rio Grande do Sul";"102059";"11751"
"Importação ";" 2022";"76169900";"Outras obras de alumínio";"Alagoas";"93308";"26104"
"Importação ";" 2022";"79070090";"Outras obras de zinco";"Minas Gerais";"85650";"3887"
"Importação ";" 2022";"78060090";"Outras obras de chumbo";"São Paulo";"82428";"1822"
"Importação ";" 2022";"76169900";"Outras obras de alumínio";"Rondônia";"75988";"25370"
"Importação ";" 2022";"79070090";"Outras obras de zinco";"Rondônia";"63960";"16010"
"Importação ";" 2022";"80070090";"Outras obras de estanho";"Rio Grande do Sul";"59549";"732"
"Importação ";" 2022";"80070090";"Outras obras de estanho";"Paraná";"37663";"1772"
"Importação ";" 2022";"78060090";"Outras obras de chumbo";"Rio Grande do Sul";"34955";"354"
"Importação ";" 2022";"76169900";"Outras obras de alumínio";"Mato Grosso do Sul";"33610";"1956"
"Importação ";" 2022";"74199100";"Outras obras de cobre, vazadas, moldadas, estampadas ou forjadas, mas não trabalhadas de outro modo";"São Paulo";"26817";"1693"
"Importação ";" 2022";"74199100";"Outras obras de cobre, vazadas, moldadas, estampadas ou forjadas, mas não trabalhadas de outro modo";"Espírito Santo";"24732";"1212"
"Importação ";" 2022";"74199100";"Outras obras de cobre, vazadas, moldadas, estampadas ou forjadas, mas não trabalhadas de outro modo";"Santa Catarina";"21445";"621"
"Importação ";" 2022";"76169900";"Outras obras de alumínio";"Mato Grosso";"20899";"105"
"Importação ";" 2022";"75089090";"Outras obras de níquel";"Mato Grosso";"20896";"9"
"Importação ";" 2022";"74199100";"Outras obras de cobre, vazadas, moldadas, estampadas ou forjadas, mas não trabalhadas de outro modo";"Minas Gerais";"20277";"517"
"Importação ";" 2022";"78060090";"Outras obras de chumbo";"Goiás";"18139";"10009"
"Importação ";" 2022";"75089090";"Outras obras de níquel";"Santa Catarina";"17295";"150"
"Importação ";" 2022";"76169900";"Outras obras de alumínio";"Piauí";"16164";"528"
"Importação ";" 2022";"76169900";"Outras obras de alumínio";"Tocantins";"14450";"4481"
"Importação ";" 2022";"78060090";"Outras obras de chumbo";"Minas Gerais";"13679";"172"
"Importação ";" 2022";"79070090";"Outras obras de zinco";"Paraíba";"13140";"6643"
"Importação ";" 2022";"80070090";"Outras obras de estanho";"Rio de Janeiro";"13121";"37"
"Importação ";" 2022";"75089090";"Outras obras de níquel";"Pernambuco";"10817";"51"
"Importação ";" 2022";"76169900";"Outras obras de alumínio";"Maranhão";"9848";"742"
"Importação ";" 2022";"75089090";"Outras obras de níquel";"Espírito Santo";"8864";"34"
"Importação ";" 2022";"74199100";"Outras obras de cobre, vazadas, moldadas, estampadas ou forjadas, mas não trabalhadas de outro modo";"Rio de Janeiro";"8569";"74"
"Importação ";" 2022";"74199100";"Outras obras de cobre, vazadas, moldadas, estampadas ou forjadas, mas não trabalhadas de outro modo";"Maranhão";"8204";"236"
"Importação ";" 2022";"76169900";"Outras obras de alumínio";"Sergipe";"7556";"53"
"Importação ";" 2022";"76169900";"Outras obras de alumínio";"Roraima";"6993";"301"
"Importação ";" 2022";"75089090";"Outras obras de níquel";"Rio Grande do Sul";"6544";"7"
"Importação ";" 2022";"75089090";"Outras obras de níquel";"Goiás";"6084";"1"
"Importação ";" 2022";"80070090";"Outras obras de estanho";"Minas Gerais";"5247";"37"
"Importação ";" 2022";"74199100";"Outras obras de cobre, vazadas, moldadas, estampadas ou forjadas, mas não trabalhadas de outro modo";"Rio Grande do Sul";"4038";"39"
"Importação ";" 2022";"78060090";"Outras obras de chumbo";"Paraná";"2943";"390"
"Importação ";" 2022";"78060090";"Outras obras de chumbo";"Rio Grande do Norte";"2829";"1653"
"Importação ";" 2022";"76169900";"Outras obras de alumínio";"Paraíba";"2689";"155"
"Importação ";" 2022";"79070090";"Outras obras de zinco";"Bahia";"2670";"11"
"Importação ";" 2022";"80070090";"Outras obras de estanho";"Amazonas";"1911";"5"
"Importação ";" 2022";"79070090";"Outras obras de zinco";"Distrito Federal";"1745";"43"
"Importação ";" 2022";"78060090";"Outras obras de chumbo";"Bahia";"1704";"6"
"Importação ";" 2022";"74199100";"Outras obras de cobre, vazadas, moldadas, estampadas ou forjadas, mas não trabalhadas de outro modo";"Paraná";"1556";"51"
"Importação ";" 2022";"74199100";"Outras obras de cobre, vazadas, moldadas, estampadas ou forjadas, mas não trabalhadas de outro modo";"Sergipe";"1267";"20"
"Importação ";" 2022";"80070090";"Outras obras de estanho";"Santa Catarina";"953";"1"
"Importação ";" 2022";"75089090";"Outras obras de níquel";"Ceará";"898";"2"
"Importação ";" 2022";"80070090";"Outras obras de estanho";"Bahia";"861";"3"
"Importação ";" 2022";"75089090";"Outras obras de níquel";"Sergipe";"786";"0"
"Importação ";" 2022";"76169900";"Outras obras de alumínio";"Amapá";"487";"30"
"Importação ";" 2022";"79070090";"Outras obras de zinco";"Goiás";"360";"258"
"Importação ";" 2022";"80070090";"Outras obras de estanho";"Espírito Santo";"308";"22"
"Importação ";" 2022";"75089090";"Outras obras de níquel";"Alagoas";"297";"0"
"Importação ";" 2022";"74199100";"Outras obras de cobre, vazadas, moldadas, estampadas ou forjadas, mas não trabalhadas de outro modo";"Goiás";"278";"1"
"Importação ";" 2022";"74199100";"Outras obras de cobre, vazadas, moldadas, estampadas ou forjadas, mas não trabalhadas de outro modo";"Paraíba";"155";"9"
"Importação ";" 2022";"78060090";"Outras obras de chumbo";"Sergipe";"113";"1"
"Importação ";" 2022";"79070090";"Outras obras de zinco";"Pará";"77";"0"
"Importação ";" 2022";"79070090";"Outras obras de zinco";"Maranhão";"71";"26"
"Importação ";" 2022";"74199100";"Outras obras de cobre, vazadas, moldadas, estampadas ou forjadas, mas não trabalhadas de outro modo";"Amazonas";"55";"0"
"Importação ";" 2022";"79070090";"Outras obras de zinco";"Tocantins";"12";"52"
"Exportação ";" 2021";"76169900";"Outras obras de alumínio";"São Paulo";"24754403";"1478271"
"Exportação ";" 2021";"75089090";"Outras obras de níquel";"Rio de Janeiro";"20138442";"1775"
"Exportação ";" 2021";"76169900";"Outras obras de alumínio";"Rio Grande do Sul";"2686410";"508921"
"Exportação ";" 2021";"75089090";"Outras obras de níquel";"São Paulo";"2059624";"1828"
"Exportação ";" 2021";"76169900";"Outras obras de alumínio";"Rio de Janeiro";"2011843";"193415"
"Exportação ";" 2021";"76169900";"Outras obras de alumínio";"Santa Catarina";"1822948";"121095"
"Exportação ";" 2021";"78060090";"Outras obras de chumbo";"Rio de Janeiro";"1430288";"458269"
"Exportação ";" 2021";"76169900";"Outras obras de alumínio";"Minas Gerais";"1148146";"142015"
"Exportação ";" 2021";"79070090";"Outras obras de zinco";"São Paulo";"1004038";"89143"
"Exportação ";" 2021";"76169900";"Outras obras de alumínio";"Paraná";"677297";"46031"
"Exportação ";" 2021";"75089090";"Outras obras de níquel";"Rio Grande do Sul";"403710";"18312"
"Exportação ";" 2021";"78060090";"Outras obras de chumbo";"São Paulo";"339629";"55922"
"Exportação ";" 2021";"80070090";"Outras obras de estanho";"São Paulo";"276073";"123292"
"Exportação ";" 2021";"79070090";"Outras obras de zinco";"Rio Grande do Sul";"248342";"19597"
"Exportação ";" 2021";"79070090";"Outras obras de zinco";"Paraná";"76833";"13726"
"Exportação ";" 2021";"79070090";"Outras obras de zinco";"Santa Catarina";"47338";"2867"
"Exportação ";" 2021";"79070090";"Outras obras de zinco";"Rio de Janeiro";"46117";"9440"
"Exportação ";" 2021";"78060090";"Outras obras de chumbo";"Minas Gerais";"45843";"10281"
"Exportação ";" 2021";"76169900";"Outras obras de alumínio";"Espírito Santo";"36425";"6443"
"Exportação ";" 2021";"76169900";"Outras obras de alumínio";"Bahia";"34509";"1424"
"Exportação ";" 2021";"74199100";"Outras obras de cobre, vazadas, moldadas, estampadas ou forjadas, mas não trabalhadas de outro modo";"São Paulo";"24450";"1496"
"Exportação ";" 2021";"78060090";"Outras obras de chumbo";"Amazonas";"21822";"1475"
"Exportação ";" 2021";"74199100";"Outras obras de cobre, vazadas, moldadas, estampadas ou forjadas, mas não trabalhadas de outro modo";"Rio Grande do Sul";"17978";"686"
"Exportação ";" 2021";"75089090";"Outras obras de níquel";"Paraná";"13000";"10"
"Exportação ";" 2021";"76169900";"Outras obras de alumínio";"Mato Grosso do Sul";"8253";"963"
"Exportação ";" 2021";"80070090";"Outras obras de estanho";"Santa Catarina";"6824";"159"
"Exportação ";" 2021";"80070090";"Outras obras de estanho";"Paraná";"6526";"116"
"Exportação ";" 2021";"76169900";"Outras obras de alumínio";"Goiás";"4008";"62"
"Exportação ";" 2021";"76169900";"Outras obras de alumínio";"Amazonas";"3587";"1850"
"Exportação ";" 2021";"74199100";"Outras obras de cobre, vazadas, moldadas, estampadas ou forjadas, mas não trabalhadas de outro modo";"Espírito Santo";"2833";"156"
"Exportação ";" 2021";"74199100";"Outras obras de cobre, vazadas, moldadas, estampadas ou forjadas, mas não trabalhadas de outro modo";"Santa Catarina";"1928";"150"
"Exportação ";" 2021";"76169900";"Outras obras de alumínio";"Ceará";"1699";"22"
"Exportação ";" 2021";"75089090";"Outras obras de níquel";"Santa Catarina";"1122";"8"
"Exportação ";" 2021";"78060090";"Outras obras de chumbo";"Alagoas";"900";"75"
"Exportação ";" 2021";"76169900";"Outras obras de alumínio";"Maranhão";"605";"10"
"Exportação ";" 2021";"79070090";"Outras obras de zinco";"Roraima";"583";"48"
"Exportação ";" 2021";"75089090";"Outras obras de níquel";"Minas Gerais";"540";"0"
"Exportação ";" 2021";"79070090";"Outras obras de zinco";"Acre";"459";"3"
"Exportação ";" 2021";"79070090";"Outras obras de zinco";"Espírito Santo";"318";"509"
"Exportação ";" 2021";"79070090";"Outras obras de zinco";"Bahia";"303";"0"
"Exportação ";" 2021";"79070090";"Outras obras de zinco";"Paraíba";"190";"12"
"Exportação ";" 2021";"79070090";"Outras obras de zinco";"Minas Gerais";"180";"5"
"Exportação ";" 2021";"74199100";"Outras obras de cobre, vazadas, moldadas, estampadas ou forjadas, mas não trabalhadas de outro modo";"Paraná";"173";"0"
"Exportação ";" 2021";"76169900";"Outras obras de alumínio";"Pernambuco";"96";"2"
"Exportação ";" 2021";"78060090";"Outras obras de chumbo";"Rio Grande do Sul";"96";"0"
"Exportação ";" 2021";"76169900";"Outras obras de alumínio";"Alagoas";"95";"0"
"Exportação ";" 2021";"76169900";"Outras obras de alumínio";"Distrito Federal";"64";"6"
"Exportação ";" 2021";"79070090";"Outras obras de zinco";"Amazonas";"55";"40"
"Exportação ";" 2021";"79070090";"Outras obras de zinco";"Amapá";"46";"2"
"Importação ";" 2021";"76169900";"Outras obras de alumínio";"São Paulo";"114142087";"13694789"
"Importação ";" 2021";"75089090";"Outras obras de níquel";"Rio de Janeiro";"62708297";"25725"
"Importação ";" 2021";"76169900";"Outras obras de alumínio";"Minas Gerais";"28473341";"2945224"
"Importação ";" 2021";"76169900";"Outras obras de alumínio";"Pernambuco";"27092155";"3331563"
"Importação ";" 2021";"76169900";"Outras obras de alumínio";"Rio de Janeiro";"18683178";"1765226"
"Importação ";" 2021";"76169900";"Outras obras de alumínio";"Santa Catarina";"13860616";"2067833"
"Importação ";" 2021";"75089090";"Outras obras de níquel";"São Paulo";"9885524";"34332"
"Importação ";" 2021";"76169900";"Outras obras de alumínio";"Paraná";"7539490";"1051044"
"Importação ";" 2021";"76169900";"Outras obras de alumínio";"Amazonas";"3969838";"211890"
"Importação ";" 2021";"76169900";"Outras obras de alumínio";"Ceará";"3588027";"97417"
"Importação ";" 2021";"76169900";"Outras obras de alumínio";"Rio Grande do Sul";"3484577";"816976"
"Importação ";" 2021";"79070090";"Outras obras de zinco";"São Paulo";"2002135";"314608"
"Importação ";" 2021";"79070090";"Outras obras de zinco";"Santa Catarina";"1543282";"237751"
"Importação ";" 2021";"74199100";"Outras obras de cobre, vazadas, moldadas, estampadas ou forjadas, mas não trabalhadas de outro modo";"São Paulo";"1034075";"82110"
"Importação ";" 2021";"76169900";"Outras obras de alumínio";"Espírito Santo";"772534";"107930"
"Importação ";" 2021";"76169900";"Outras obras de alumínio";"Bahia";"682612";"27778"
"Importação ";" 2021";"79070090";"Outras obras de zinco";"Rio de Janeiro";"596880";"13598"
"Importação ";" 2021";"79070090";"Outras obras de zinco";"Espírito Santo";"491784";"41557"
"Importação ";" 2021";"76169900";"Outras obras de alumínio";"Goiás";"482199";"12969"
"Importação ";" 2021";"76169900";"Outras obras de alumínio";"Alagoas";"357340";"90457"
"Importação ";" 2021";"75089090";"Outras obras de níquel";"Minas Gerais";"340088";"176"
"Importação ";" 2021";"78060090";"Outras obras de chumbo";"Rio de Janeiro";"319215";"125399"
"Importação ";" 2021";"79070090";"Outras obras de zinco";"Pernambuco";"301315";"102480"
"Importação ";" 2021";"79070090";"Outras obras de zinco";"Paraná";"260088";"27854"
"Importação ";" 2021";"76169900";"Outras obras de alumínio";"Distrito Federal";"241676";"2592"
"Importação ";" 2021";"75089090";"Outras obras de níquel";"Espírito Santo";"236124";"174"
"Importação ";" 2021";"74199100";"Outras obras de cobre, vazadas, moldadas, estampadas ou forjadas, mas não trabalhadas de outro modo";"Espírito Santo";"228422";"13693"
"Importação ";" 2021";"75089090";"Outras obras de níquel";"Paraná";"200157";"666"
"Importação ";" 2021";"76169900";"Outras obras de alumínio";"Rio Grande do Norte";"196564";"25216"
"Importação ";" 2021";"76169900";"Outras obras de alumínio";"Rondônia";"186562";"66339"
"Importação ";" 2021";"78060090";"Outras obras de chumbo";"Pernambuco";"163363";"39973"
"Importação ";" 2021";"78060090";"Outras obras de chumbo";"Bahia";"153272";"21900"
"Importação ";" 2021";"80070090";"Outras obras de estanho";"São Paulo";"150546";"4044"
"Importação ";" 2021";"79070090";"Outras obras de zinco";"Amazonas";"142307";"26585"
"Importação ";" 2021";"79070090";"Outras obras de zinco";"Rio Grande do Sul";"116638";"13859"
"Importação ";" 2021";"74199100";"Outras obras de cobre, vazadas, moldadas, estampadas ou forjadas, mas não trabalhadas de outro modo";"Minas Gerais";"115135";"2294"
"Importação ";" 2021";"78060090";"Outras obras de chumbo";"São Paulo";"105431";"1721"
"Importação ";" 2021";"76169900";"Outras obras de alumínio";"Mato Grosso do Sul";"104331";"4207"
"Importação ";" 2021";"75089090";"Outras obras de níquel";"Maranhão";"103684";"2159"
"Importação ";" 2021";"78060090";"Outras obras de chumbo";"Santa Catarina";"81526";"53158"
"Importação ";" 2021";"74199100";"Outras obras de cobre, vazadas, moldadas, estampadas ou forjadas, mas não trabalhadas de outro modo";"Rio Grande do Sul";"77470";"1321"
"Importação ";" 2021";"79070090";"Outras obras de zinco";"Minas Gerais";"73503";"6018"
"Importação ";" 2021";"75089090";"Outras obras de níquel";"Rio Grande do Sul";"64814";"1559"
"Importação ";" 2021";"74199100";"Outras obras de cobre, vazadas, moldadas, estampadas ou forjadas, mas não trabalhadas de outro modo";"Santa Catarina";"64142";"4879"
"Importação ";" 2021";"76169900";"Outras obras de alumínio";"Piauí";"60242";"9392"
"Importação ";" 2021";"75089090";"Outras obras de níquel";"Bahia";"55628";"244"
"Importação ";" 2021";"75089090";"Outras obras de níquel";"Ceará";"54512";"74"
"Importação ";" 2021";"76169900";"Outras obras de alumínio";"Pará";"53181";"9034"
"Importação ";" 2021";"80070090";"Outras obras de estanho";"Rio Grande do Sul";"49006";"667"
"Importação ";" 2021";"79070090";"Outras obras de zinco";"Paraíba";"48003";"16909"
"Importação ";" 2021";"74199100";"Outras obras de cobre, vazadas, moldadas, estampadas ou forjadas, mas não trabalhadas de outro modo";"Rio de Janeiro";"40648";"279"
"Importação ";" 2021";"76169900";"Outras obras de alumínio";"Mato Grosso";"36241";"7650"
"Importação ";" 2021";"80070090";"Outras obras de estanho";"Santa Catarina";"34255";"34239"
"Importação ";" 2021";"74199100";"Outras obras de cobre, vazadas, moldadas, estampadas ou forjadas, mas não trabalhadas de outro modo";"Paraná";"27242";"635"
"Importação ";" 2021";"76169900";"Outras obras de alumínio";"Tocantins";"24401";"10560"
"Importação ";" 2021";"78060090";"Outras obras de chumbo";"Rio Grande do Sul";"21194";"237"
"Importação ";" 2021";"80070090";"Outras obras de estanho";"Paraná";"16495";"980"
"Importação ";" 2021";"78060090";"Outras obras de chumbo";"Goiás";"11913";"7043"
"Importação ";" 2021";"80070090";"Outras obras de estanho";"Rio de Janeiro";"9666";"20"
"Importação ";" 2021";"75089090";"Outras obras de níquel";"Amazonas";"7828";"1049"
"Importação ";" 2021";"74199100";"Outras obras de cobre, vazadas, moldadas, estampadas ou forjadas, mas não trabalhadas de outro modo";"Maranhão";"6560";"185"
"Importação ";" 2021";"76169900";"Outras obras de alumínio";"Sergipe";"5637";"29"
"Importação ";" 2021";"74199100";"Outras obras de cobre, vazadas, moldadas, estampadas ou forjadas, mas não trabalhadas de outro modo";"Mato Grosso do Sul";"4863";"12"
"Importação ";" 2021";"78060090";"Outras obras de chumbo";"Minas Gerais";"4537";"50"
"Importação ";" 2021";"76169900";"Outras obras de alumínio";"Paraíba";"4432";"1186"
"Importação ";" 2021";"75089090";"Outras obras de níquel";"Santa Catarina";"3645";"62"
"Importação ";" 2021";"79070090";"Outras obras de zinco";"Bahia";"3643";"3601"
"Importação ";" 2021";"75089090";"Outras obras de níquel";"Mato Grosso";"3632";"0"
"Importação ";" 2021";"79070090";"Outras obras de zinco";"Pará";"3557";"286"
"Importação ";" 2021";"75089090";"Outras obras de níquel";"Pernambuco";"3533";"19"
"Importação ";" 2021";"79070090";"Outras obras de zinco";"Alagoas";"3176";"1433"
"Importação ";" 2021";"74199100";"Outras obras de cobre, vazadas, moldadas, estampadas ou forjadas, mas não trabalhadas de outro modo";"Sergipe";"3010";"41"
"Importação ";" 2021";"76169900";"Outras obras de alumínio";"Maranhão";"2488";"79"
"Importação ";" 2021";"79070090";"Outras obras de zinco";"Rondônia";"2382";"52"
"Importação ";" 2021";"78060090";"Outras obras de chumbo";"Paraná";"2370";"53"
"Importação ";" 2021";"79070090";"Outras obras de zinco";"Maranhão";"2033";"100"
"Importação ";" 2021";"80070090";"Outras obras de estanho";"Amazonas";"1494";"2"
"Importação ";" 2021";"76169900";"Outras obras de alumínio";"Roraima";"1244";"37"
"Importação ";" 2021";"74199100";"Outras obras de cobre, vazadas, moldadas, estampadas ou forjadas, mas não trabalhadas de outro modo";"Bahia";"1087";"28"
"Importação ";" 2021";"76169900";"Outras obras de alumínio";"Amapá";"665";"9"
"Importação ";" 2021";"80070090";"Outras obras de estanho";"Minas Gerais";"610";"96"
"Importação ";" 2021";"75089090";"Outras obras de níquel";"Alagoas";"526";"0"
"Importação ";" 2021";"78060090";"Outras obras de chumbo";"Rio Grande do Norte";"326";"3"
"Importação ";" 2021";"74199100";"Outras obras de cobre, vazadas, moldadas, estampadas ou forjadas, mas não trabalhadas de outro modo";"Ceará";"294";"11"
"Importação ";" 2021";"74199100";"Outras obras de cobre, vazadas, moldadas, estampadas ou forjadas, mas não trabalhadas de outro modo";"Amazonas";"271";"0"
"Importação ";" 2021";"74199100";"Outras obras de cobre, vazadas, moldadas, estampadas ou forjadas, mas não trabalhadas de outro modo";"Pernambuco";"231";"0"
"Importação ";" 2021";"75089090";"Outras obras de níquel";"Sergipe";"137";"0"
"Importação ";" 2021";"74199100";"Outras obras de cobre, vazadas, moldadas, estampadas ou forjadas, mas não trabalhadas de outro modo";"Rio Grande do Norte";"97";"6"
"Importação ";" 2021";"79070090";"Outras obras de zinco";"Mato Grosso do Sul";"50";"0"
"Importação ";" 2021";"74199100";"Outras obras de cobre, vazadas, moldadas, estampadas ou forjadas, mas não trabalhadas de outro modo";"Paraíba";"32";"6"
"Importação ";" 2021";"74199100";"Outras obras de cobre, vazadas, moldadas, estampadas ou forjadas, mas não trabalhadas de outro modo";"Rondônia";"5";"1"
"Importação ";" 2021";"78060090";"Outras obras de chumbo";"Ceará";"2";"5"
"Importação ";" 2021";"78060090";"Outras obras de chumbo";"Sergipe";"2";"0"
"Exportação ";" 2020";"75089090";"Outras obras de níquel";"Rio de Janeiro";"23878778";"3211"
"Exportação ";" 2020";"76169900";"Outras obras de alumínio";"São Paulo";"19911044";"1260501"
"Exportação ";" 2020";"76169900";"Outras obras de alumínio";"Rio de Janeiro";"1511951";"121669"
"Exportação ";" 2020";"76169900";"Outras obras de alumínio";"Santa Catarina";"1224003";"95857"
"Exportação ";" 2020";"75089090";"Outras obras de níquel";"São Paulo";"1185965";"2584"
"Exportação ";" 2020";"76169900";"Outras obras de alumínio";"Rio Grande do Sul";"1123535";"182518"
"Exportação ";" 2020";"76169900";"Outras obras de alumínio";"Minas Gerais";"978917";"71707"
"Exportação ";" 2020";"79070090";"Outras obras de zinco";"São Paulo";"948581";"81761"
"Exportação ";" 2020";"78060090";"Outras obras de chumbo";"Rio de Janeiro";"858868";"242160"
"Exportação ";" 2020";"76169900";"Outras obras de alumínio";"Paraná";"656218";"48556"
"Exportação ";" 2020";"78060090";"Outras obras de chumbo";"São Paulo";"394905";"57098"
"Exportação ";" 2020";"74199100";"Outras obras de cobre, vazadas, moldadas, estampadas ou forjadas, mas não trabalhadas de outro modo";"São Paulo";"222522";"12806"
"Exportação ";" 2020";"79070090";"Outras obras de zinco";"Rio Grande do Sul";"162375";"15086"
"Exportação ";" 2020";"79070090";"Outras obras de zinco";"Santa Catarina";"107492";"6788"
"Exportação ";" 2020";"75089090";"Outras obras de níquel";"Paraná";"78631";"103"
"Exportação ";" 2020";"79070090";"Outras obras de zinco";"Paraná";"58774";"10960"
"Exportação ";" 2020";"79070090";"Outras obras de zinco";"Rio de Janeiro";"54355";"10946"
"Exportação ";" 2020";"78060090";"Outras obras de chumbo";"Amazonas";"51380";"4875"
"Exportação ";" 2020";"76169900";"Outras obras de alumínio";"Pernambuco";"36139";"3065"
"Exportação ";" 2020";"78060090";"Outras obras de chumbo";"Santa Catarina";"20892";"4"
"Exportação ";" 2020";"76169900";"Outras obras de alumínio";"Amazonas";"9329";"1160"
"Exportação ";" 2020";"78060090";"Outras obras de chumbo";"Minas Gerais";"9039";"2391"
"Exportação ";" 2020";"76169900";"Outras obras de alumínio";"Espírito Santo";"8743";"1251"
"Exportação ";" 2020";"74199100";"Outras obras de cobre, vazadas, moldadas, estampadas ou forjadas, mas não trabalhadas de outro modo";"Rio Grande do Sul";"7921";"297"
"Exportação ";" 2020";"80070090";"Outras obras de estanho";"Santa Catarina";"7628";"195"
"Exportação ";" 2020";"76169900";"Outras obras de alumínio";"Rio Grande do Norte";"7196";"249"
"Exportação ";" 2020";"80070090";"Outras obras de estanho";"Paraná";"5777";"27"
"Exportação ";" 2020";"76169900";"Outras obras de alumínio";"Bahia";"4307";"529"
"Exportação ";" 2020";"75089090";"Outras obras de níquel";"Santa Catarina";"2484";"20"
"Exportação ";" 2020";"76169900";"Outras obras de alumínio";"Mato Grosso do Sul";"1931";"273"
"Exportação ";" 2020";"79070090";"Outras obras de zinco";"Minas Gerais";"697";"15"
"Exportação ";" 2020";"76169900";"Outras obras de alumínio";"Ceará";"602";"73"
"Exportação ";" 2020";"78060090";"Outras obras de chumbo";"Ceará";"600";"0"
"Exportação ";" 2020";"80070090";"Outras obras de estanho";"São Paulo";"523";"115"
"Exportação ";" 2020";"76169900";"Outras obras de alumínio";"Amapá";"306";"299"
"Exportação ";" 2020";"74199100";"Outras obras de cobre, vazadas, moldadas, estampadas ou forjadas, mas não trabalhadas de outro modo";"Paraná";"295";"2"
"Exportação ";" 2020";"76169900";"Outras obras de alumínio";"Pará";"273";"22"
"Exportação ";" 2020";"76169900";"Outras obras de alumínio";"Goiás";"136";"4"
"Exportação ";" 2020";"79070090";"Outras obras de zinco";"Amazonas";"81";"44"
"Exportação ";" 2020";"76169900";"Outras obras de alumínio";"Roraima";"80";"24"
"Exportação ";" 2020";"80070090";"Outras obras de estanho";"Bahia";"68";"30"
"Exportação ";" 2020";"78060090";"Outras obras de chumbo";"Rio Grande do Sul";"45";"0"
"Exportação ";" 2020";"74199100";"Outras obras de cobre, vazadas, moldadas, estampadas ou forjadas, mas não trabalhadas de outro modo";"Santa Catarina";"42";"3"
"Exportação ";" 2020";"76169900";"Outras obras de alumínio";"Maranhão";"42";"2"
"Exportação ";" 2020";"76169900";"Outras obras de alumínio";"Alagoas";"31";"7"
"Exportação ";" 2020";"78060090";"Outras obras de chumbo";"Paraná";"4";"1"
"Importação ";" 2020";"76169900";"Outras obras de alumínio";"São Paulo";"93362450";"12501427"
"Importação ";" 2020";"75089090";"Outras obras de níquel";"Rio de Janeiro";"31604637";"19671"
"Importação ";" 2020";"76169900";"Outras obras de alumínio";"Minas Gerais";"17118452";"1715104"
"Importação ";" 2020";"76169900";"Outras obras de alumínio";"Pernambuco";"12629733";"1515278"
"Importação ";" 2020";"76169900";"Outras obras de alumínio";"Santa Catarina";"9870245";"1433620"
"Importação ";" 2020";"75089090";"Outras obras de níquel";"São Paulo";"9523197";"13044"
"Importação ";" 2020";"76169900";"Outras obras de alumínio";"Paraná";"5357529";"623469"
"Importação ";" 2020";"76169900";"Outras obras de alumínio";"Rio de Janeiro";"5246041";"302735"
"Importação ";" 2020";"76169900";"Outras obras de alumínio";"Ceará";"2586171";"122494"
"Importação ";" 2020";"76169900";"Outras obras de alumínio";"Amazonas";"2484507";"123946"
"Importação ";" 2020";"76169900";"Outras obras de alumínio";"Rio Grande do Sul";"2378278";"591911"
"Importação ";" 2020";"79070090";"Outras obras de zinco";"Santa Catarina";"1303537";"256950"
"Importação ";" 2020";"79070090";"Outras obras de zinco";"São Paulo";"1184273";"118288"
"Importação ";" 2020";"76169900";"Outras obras de alumínio";"Bahia";"680236";"24853"
"Importação ";" 2020";"74199100";"Outras obras de cobre, vazadas, moldadas, estampadas ou forjadas, mas não trabalhadas de outro modo";"São Paulo";"660391";"56071"
"Importação ";" 2020";"76169900";"Outras obras de alumínio";"Espírito Santo";"657226";"92007"
"Importação ";" 2020";"76169900";"Outras obras de alumínio";"Alagoas";"575733";"102122"
"Importação ";" 2020";"78060090";"Outras obras de chumbo";"Rio de Janeiro";"473152";"125144"
"Importação ";" 2020";"79070090";"Outras obras de zinco";"Espírito Santo";"421798";"47732"
"Importação ";" 2020";"76169900";"Outras obras de alumínio";"Goiás";"386996";"11045"
"Importação ";" 2020";"79070090";"Outras obras de zinco";"Paraná";"306808";"28529"
"Importação ";" 2020";"74199100";"Outras obras de cobre, vazadas, moldadas, estampadas ou forjadas, mas não trabalhadas de outro modo";"Espírito Santo";"276823";"19262"
"Importação ";" 2020";"75089090";"Outras obras de níquel";"Minas Gerais";"271501";"176"
"Importação ";" 2020";"79070090";"Outras obras de zinco";"Rio de Janeiro";"269982";"6445"
"Importação ";" 2020";"80070090";"Outras obras de estanho";"São Paulo";"178040";"7195"
"Importação ";" 2020";"75089090";"Outras obras de níquel";"Espírito Santo";"168656";"2066"
"Importação ";" 2020";"79070090";"Outras obras de zinco";"Amazonas";"160713";"35052"
"Importação ";" 2020";"76169900";"Outras obras de alumínio";"Distrito Federal";"133562";"2909"
"Importação ";" 2020";"78060090";"Outras obras de chumbo";"Pernambuco";"122186";"32980"
"Importação ";" 2020";"75089090";"Outras obras de níquel";"Bahia";"110309";"470"
"Importação ";" 2020";"78060090";"Outras obras de chumbo";"São Paulo";"103788";"36095"
"Importação ";" 2020";"79070090";"Outras obras de zinco";"Minas Gerais";"87743";"26627"
"Importação ";" 2020";"74199100";"Outras obras de cobre, vazadas, moldadas, estampadas ou forjadas, mas não trabalhadas de outro modo";"Rio Grande do Sul";"76623";"1605"
"Importação ";" 2020";"76169900";"Outras obras de alumínio";"Rio Grande do Norte";"73407";"18506"
"Importação ";" 2020";"74199100";"Outras obras de cobre, vazadas, moldadas, estampadas ou forjadas, mas não trabalhadas de outro modo";"Minas Gerais";"73279";"1555"
"Importação ";" 2020";"79070090";"Outras obras de zinco";"Rio Grande do Sul";"73259";"6994"
"Importação ";" 2020";"76169900";"Outras obras de alumínio";"Rondônia";"67258";"24439"
"Importação ";" 2020";"76169900";"Outras obras de alumínio";"Pará";"63592";"14210"
"Importação ";" 2020";"75089090";"Outras obras de níquel";"Mato Grosso";"56837";"8"
"Importação ";" 2020";"75089090";"Outras obras de níquel";"Maranhão";"55646";"1207"
"Importação ";" 2020";"75089090";"Outras obras de níquel";"Pernambuco";"53349";"45"
"Importação ";" 2020";"76169900";"Outras obras de alumínio";"Mato Grosso";"46266";"8381"
"Importação ";" 2020";"75089090";"Outras obras de níquel";"Paraná";"43097";"163"
"Importação ";" 2020";"80070090";"Outras obras de estanho";"Rio Grande do Sul";"38774";"450"
"Importação ";" 2020";"78060090";"Outras obras de chumbo";"Santa Catarina";"33008";"9592"
"Importação ";" 2020";"78060090";"Outras obras de chumbo";"Minas Gerais";"30844";"62"
"Importação ";" 2020";"76169900";"Outras obras de alumínio";"Maranhão";"28712";"80"
"Importação ";" 2020";"74199100";"Outras obras de cobre, vazadas, moldadas, estampadas ou forjadas, mas não trabalhadas de outro modo";"Rio de Janeiro";"27997";"179"
"Importação ";" 2020";"76169900";"Outras obras de alumínio";"Mato Grosso do Sul";"25555";"507"
"Importação ";" 2020";"75089090";"Outras obras de níquel";"Rio Grande do Sul";"19242";"106"
"Importação ";" 2020";"78060090";"Outras obras de chumbo";"Goiás";"17795";"2073"
"Importação ";" 2020";"80070090";"Outras obras de estanho";"Paraná";"16415";"1306"
"Importação ";" 2020";"76169900";"Outras obras de alumínio";"Piauí";"15982";"451"
"Importação ";" 2020";"74199100";"Outras obras de cobre, vazadas, moldadas, estampadas ou forjadas, mas não trabalhadas de outro modo";"Paraná";"12911";"339"
"Importação ";" 2020";"76169900";"Outras obras de alumínio";"Paraíba";"12633";"1239"
"Importação ";" 2020";"74199100";"Outras obras de cobre, vazadas, moldadas, estampadas ou forjadas, mas não trabalhadas de outro modo";"Santa Catarina";"10730";"382"
"Importação ";" 2020";"78060090";"Outras obras de chumbo";"Rio Grande do Sul";"9918";"105"
"Importação ";" 2020";"80070090";"Outras obras de estanho";"Rio de Janeiro";"9882";"40"
"Importação ";" 2020";"79070090";"Outras obras de zinco";"Mato Grosso";"7778";"1585"
"Importação ";" 2020";"80070090";"Outras obras de estanho";"Ceará";"7680";"30"
"Importação ";" 2020";"80070090";"Outras obras de estanho";"Santa Catarina";"7199";"1073"
"Importação ";" 2020";"79070090";"Outras obras de zinco";"Paraíba";"7162";"765"
"Importação ";" 2020";"75089090";"Outras obras de níquel";"Amazonas";"6350";"25"
"Importação ";" 2020";"74199100";"Outras obras de cobre, vazadas, moldadas, estampadas ou forjadas, mas não trabalhadas de outro modo";"Maranhão";"6252";"188"
"Importação ";" 2020";"79070090";"Outras obras de zinco";"Maranhão";"5789";"259"
"Importação ";" 2020";"75089090";"Outras obras de níquel";"Ceará";"4783";"4"
"Importação ";" 2020";"78060090";"Outras obras de chumbo";"Rio Grande do Norte";"4387";"3004"
"Importação ";" 2020";"79070090";"Outras obras de zinco";"Bahia";"4039";"1403"
"Importação ";" 2020";"79070090";"Outras obras de zinco";"Rondônia";"3133";"85"
"Importação ";" 2020";"78060090";"Outras obras de chumbo";"Maranhão";"2925";"99"
"Importação ";" 2020";"79070090";"Outras obras de zinco";"Ceará";"2776";"14"
"Importação ";" 2020";"75089090";"Outras obras de níquel";"Alagoas";"2737";"1"
"Importação ";" 2020";"75089090";"Outras obras de níquel";"Santa Catarina";"2273";"12"
"Importação ";" 2020";"74199100";"Outras obras de cobre, vazadas, moldadas, estampadas ou forjadas, mas não trabalhadas de outro modo";"Alagoas";"2113";"176"
"Importação ";" 2020";"79070090";"Outras obras de zinco";"Pernambuco";"1638";"76"
"Importação ";" 2020";"76169900";"Outras obras de alumínio";"Tocantins";"1566";"640"
"Importação ";" 2020";"78060090";"Outras obras de chumbo";"Mato Grosso do Sul";"1489";"87"
"Importação ";" 2020";"74199100";"Outras obras de cobre, vazadas, moldadas, estampadas ou forjadas, mas não trabalhadas de outro modo";"Amazonas";"1206";"527"
"Importação ";" 2020";"78060090";"Outras obras de chumbo";"Bahia";"1112";"6"
"Importação ";" 2020";"76169900";"Outras obras de alumínio";"Amapá";"1053";"53"
"Importação ";" 2020";"75089090";"Outras obras de níquel";"Goiás";"987";"0"
"Importação ";" 2020";"76169900";"Outras obras de alumínio";"Acre";"886";"125"
"Importação ";" 2020";"75089090";"Outras obras de níquel";"Sergipe";"744";"0"
"Importação ";" 2020";"79070090";"Outras obras de zinco";"Pará";"234";"0"
"Importação ";" 2020";"80070090";"Outras obras de estanho";"Mato Grosso do Sul";"182";"3"
"Importação ";" 2020";"80070090";"Outras obras de estanho";"Alagoas";"150";"6"
"Importação ";" 2020";"78060090";"Outras obras de chumbo";"Sergipe";"106";"1"
"Importação ";" 2020";"79070090";"Outras obras de zinco";"Alagoas";"55";"1"
"Importação ";" 2020";"74199100";"Outras obras de cobre, vazadas, moldadas, estampadas ou forjadas, mas não trabalhadas de outro modo";"Bahia";"55";"1"
"Importação ";" 2020";"78060090";"Outras obras de chumbo";"Ceará";"36";"13"
"Importação ";" 2020";"78060090";"Outras obras de chumbo";"Paraná";"20";"2"
"Importação ";" 2020";"75089090";"Outras obras de níquel";"Paraíba";"18";"0"
"Importação ";" 2020";"74199100";"Outras obras de cobre, vazadas, moldadas, estampadas ou forjadas, mas não trabalhadas de outro modo";"Rio Grande do Norte";"12";"1"
"Exportação ";" 2019";"76169900";"Outras obras de alumínio";"São Paulo";"21947004";"946837"
"Exportação ";" 2019";"75089090";"Outras obras de níquel";"Rio de Janeiro";"12694757";"2254"
"Exportação ";" 2019";"75089090";"Outras obras de níquel";"São Paulo";"1659257";"6694"
"Exportação ";" 2019";"76169900";"Outras obras de alumínio";"Santa Catarina";"1347404";"117402"
"Exportação ";" 2019";"76169900";"Outras obras de alumínio";"Rio Grande do Sul";"1229238";"171147"
"Exportação ";" 2019";"76169900";"Outras obras de alumínio";"Rio de Janeiro";"1121156";"95428"
"Exportação ";" 2019";"76169900";"Outras obras de alumínio";"Minas Gerais";"1074780";"90221"
"Exportação ";" 2019";"74199100";"Outras obras de cobre, vazadas, moldadas, estampadas ou forjadas, mas não trabalhadas de outro modo";"São Paulo";"996702";"143075"
"Exportação ";" 2019";"76169900";"Outras obras de alumínio";"Paraná";"897822";"61770"
"Exportação ";" 2019";"79070090";"Outras obras de zinco";"São Paulo";"787020";"92462"
"Exportação ";" 2019";"78060090";"Outras obras de chumbo";"São Paulo";"205685";"35034"
"Exportação ";" 2019";"79070090";"Outras obras de zinco";"Rio Grande do Sul";"196249";"15785"
"Exportação ";" 2019";"78060090";"Outras obras de chumbo";"Amazonas";"101782";"9750"
"Exportação ";" 2019";"74199100";"Outras obras de cobre, vazadas, moldadas, estampadas ou forjadas, mas não trabalhadas de outro modo";"Maranhão";"82795";"19713"
"Exportação ";" 2019";"76169900";"Outras obras de alumínio";"Amazonas";"70050";"2504"
"Exportação ";" 2019";"79070090";"Outras obras de zinco";"Paraná";"38992";"4811"
"Exportação ";" 2019";"78060090";"Outras obras de chumbo";"Minas Gerais";"28189";"7151"
"Exportação ";" 2019";"74199100";"Outras obras de cobre, vazadas, moldadas, estampadas ou forjadas, mas não trabalhadas de outro modo";"Rio Grande do Sul";"23883";"863"
"Exportação ";" 2019";"79070090";"Outras obras de zinco";"Santa Catarina";"22499";"1142"
"Exportação ";" 2019";"75089090";"Outras obras de níquel";"Paraná";"17414";"14"
"Exportação ";" 2019";"79070090";"Outras obras de zinco";"Espírito Santo";"14059";"2670"
"Exportação ";" 2019";"76169900";"Outras obras de alumínio";"Pernambuco";"11785";"1268"
"Exportação ";" 2019";"79070090";"Outras obras de zinco";"Rio de Janeiro";"7515";"1021"
"Exportação ";" 2019";"76169900";"Outras obras de alumínio";"Espírito Santo";"5426";"253"
"Exportação ";" 2019";"80070090";"Outras obras de estanho";"São Paulo";"3248";"488"
"Exportação ";" 2019";"75089090";"Outras obras de níquel";"Santa Catarina";"2447";"10"
"Exportação ";" 2019";"76169900";"Outras obras de alumínio";"Bahia";"2418";"25"
"Exportação ";" 2019";"76169900";"Outras obras de alumínio";"Ceará";"2322";"103"
"Exportação ";" 2019";"76169900";"Outras obras de alumínio";"Mato Grosso do Sul";"2255";"332"
"Exportação ";" 2019";"79070090";"Outras obras de zinco";"Minas Gerais";"2248";"28"
"Exportação ";" 2019";"76169900";"Outras obras de alumínio";"Pará";"905";"86"
"Exportação ";" 2019";"78060090";"Outras obras de chumbo";"Pernambuco";"653";"1500"
"Exportação ";" 2019";"80070090";"Outras obras de estanho";"Bahia";"215";"105"
"Exportação ";" 2019";"76169900";"Outras obras de alumínio";"Goiás";"187";"18"
"Exportação ";" 2019";"74199100";"Outras obras de cobre, vazadas, moldadas, estampadas ou forjadas, mas não trabalhadas de outro modo";"Paraná";"165";"1"
"Exportação ";" 2019";"76169900";"Outras obras de alumínio";"Maranhão";"144";"11"
"Exportação ";" 2019";"79070090";"Outras obras de zinco";"Alagoas";"139";"1"
"Exportação ";" 2019";"79070090";"Outras obras de zinco";"Amazonas";"62";"18"
"Exportação ";" 2019";"78060090";"Outras obras de chumbo";"Rio Grande do Sul";"56";"1"
"Exportação ";" 2019";"74199100";"Outras obras de cobre, vazadas, moldadas, estampadas ou forjadas, mas não trabalhadas de outro modo";"Amazonas";"9";"0"
"Exportação ";" 2019";"74199100";"Outras obras de cobre, vazadas, moldadas, estampadas ou forjadas, mas não trabalhadas de outro modo";"Minas Gerais";"0";"0"
"Importação ";" 2019";"76169900";"Outras obras de alumínio";"São Paulo";"120058963";"12019405"
"Importação ";" 2019";"75089090";"Outras obras de níquel";"Rio de Janeiro";"24449756";"19175"
"Importação ";" 2019";"75089090";"Outras obras de níquel";"São Paulo";"15222180";"18393"
"Importação ";" 2019";"76169900";"Outras obras de alumínio";"Santa Catarina";"8059722";"1203781"
"Importação ";" 2019";"76169900";"Outras obras de alumínio";"Paraná";"7338337";"815433"
"Importação ";" 2019";"76169900";"Outras obras de alumínio";"Minas Gerais";"6197583";"273284"
"Importação ";" 2019";"76169900";"Outras obras de alumínio";"Amazonas";"3649403";"181805"
"Importação ";" 2019";"76169900";"Outras obras de alumínio";"Rio Grande do Sul";"3542826";"972125"
"Importação ";" 2019";"76169900";"Outras obras de alumínio";"Rio de Janeiro";"3205591";"166216"
"Importação ";" 2019";"79070090";"Outras obras de zinco";"São Paulo";"1998786";"235971"
"Importação ";" 2019";"76169900";"Outras obras de alumínio";"Ceará";"1542553";"9314"
"Importação ";" 2019";"79070090";"Outras obras de zinco";"Santa Catarina";"1047750";"201908"
"Importação ";" 2019";"76169900";"Outras obras de alumínio";"Bahia";"874541";"24544"
"Importação ";" 2019";"74199100";"Outras obras de cobre, vazadas, moldadas, estampadas ou forjadas, mas não trabalhadas de outro modo";"São Paulo";"566635";"38344"
"Importação ";" 2019";"79070090";"Outras obras de zinco";"Paraná";"478636";"51252"
"Importação ";" 2019";"75089090";"Outras obras de níquel";"Amazonas";"434868";"20295"
"Importação ";" 2019";"76169900";"Outras obras de alumínio";"Goiás";"363586";"21558"
"Importação ";" 2019";"76169900";"Outras obras de alumínio";"Pernambuco";"339087";"80075"
"Importação ";" 2019";"79070090";"Outras obras de zinco";"Rio de Janeiro";"291810";"8806"
"Importação ";" 2019";"80070090";"Outras obras de estanho";"São Paulo";"291160";"20378"
"Importação ";" 2019";"75089090";"Outras obras de níquel";"Paraná";"271511";"695"
"Importação ";" 2019";"79070090";"Outras obras de zinco";"Espírito Santo";"271227";"40166"
"Importação ";" 2019";"75089090";"Outras obras de níquel";"Minas Gerais";"223363";"324"
"Importação ";" 2019";"74199100";"Outras obras de cobre, vazadas, moldadas, estampadas ou forjadas, mas não trabalhadas de outro modo";"Rio de Janeiro";"219182";"718"
"Importação ";" 2019";"76169900";"Outras obras de alumínio";"Alagoas";"200733";"33734"
"Importação ";" 2019";"78060090";"Outras obras de chumbo";"São Paulo";"193738";"31379"
"Importação ";" 2019";"79070090";"Outras obras de zinco";"Amazonas";"183601";"39241"
"Importação ";" 2019";"75089090";"Outras obras de níquel";"Espírito Santo";"180634";"2143"
"Importação ";" 2019";"76169900";"Outras obras de alumínio";"Espírito Santo";"175977";"7151"
"Importação ";" 2019";"74199100";"Outras obras de cobre, vazadas, moldadas, estampadas ou forjadas, mas não trabalhadas de outro modo";"Espírito Santo";"160535";"10938"
"Importação ";" 2019";"76169900";"Outras obras de alumínio";"Rondônia";"151096";"27192"
"Importação ";" 2019";"78060090";"Outras obras de chumbo";"Minas Gerais";"151056";"19603"
"Importação ";" 2019";"76169900";"Outras obras de alumínio";"Distrito Federal";"137656";"1435"
"Importação ";" 2019";"78060090";"Outras obras de chumbo";"Pernambuco";"128254";"32641"
"Importação ";" 2019";"78060090";"Outras obras de chumbo";"Bahia";"122747";"17522"
"Importação ";" 2019";"74199100";"Outras obras de cobre, vazadas, moldadas, estampadas ou forjadas, mas não trabalhadas de outro modo";"Santa Catarina";"94540";"1326"
"Importação ";" 2019";"74199100";"Outras obras de cobre, vazadas, moldadas, estampadas ou forjadas, mas não trabalhadas de outro modo";"Rio Grande do Sul";"94481";"2118"
"Importação ";" 2019";"75089090";"Outras obras de níquel";"Bahia";"92566";"230"
"Importação ";" 2019";"78060090";"Outras obras de chumbo";"Rio de Janeiro";"91589";"3561"
"Importação ";" 2019";"79070090";"Outras obras de zinco";"Rio Grande do Sul";"79491";"8815"
"Importação ";" 2019";"80070090";"Outras obras de estanho";"Paraná";"61953";"4383"
"Importação ";" 2019";"76169900";"Outras obras de alumínio";"Pará";"57961";"17842"
"Importação ";" 2019";"76169900";"Outras obras de alumínio";"Paraíba";"53224";"4361"
"Importação ";" 2019";"74199100";"Outras obras de cobre, vazadas, moldadas, estampadas ou forjadas, mas não trabalhadas de outro modo";"Minas Gerais";"51679";"898"
"Importação ";" 2019";"78060090";"Outras obras de chumbo";"Santa Catarina";"50593";"23428"
"Importação ";" 2019";"79070090";"Outras obras de zinco";"Goiás";"46991";"4240"
"Importação ";" 2019";"75089090";"Outras obras de níquel";"Maranhão";"46980";"983"
"Importação ";" 2019";"80070090";"Outras obras de estanho";"Rio Grande do Sul";"42049";"678"
"Importação ";" 2019";"76169900";"Outras obras de alumínio";"Mato Grosso";"34473";"1952"
"Importação ";" 2019";"80070090";"Outras obras de estanho";"Santa Catarina";"29230";"9638"
"Importação ";" 2019";"76169900";"Outras obras de alumínio";"Rio Grande do Norte";"27017";"5176"
"Importação ";" 2019";"76169900";"Outras obras de alumínio";"Mato Grosso do Sul";"26030";"1328"
"Importação ";" 2019";"78060090";"Outras obras de chumbo";"Goiás";"25512";"2982"
"Importação ";" 2019";"79070090";"Outras obras de zinco";"Minas Gerais";"24516";"1650"
"Importação ";" 2019";"76169900";"Outras obras de alumínio";"Maranhão";"23741";"2925"
"Importação ";" 2019";"74199100";"Outras obras de cobre, vazadas, moldadas, estampadas ou forjadas, mas não trabalhadas de outro modo";"Maranhão";"21860";"656"
"Importação ";" 2019";"74199100";"Outras obras de cobre, vazadas, moldadas, estampadas ou forjadas, mas não trabalhadas de outro modo";"Paraná";"19718";"960"
"Importação ";" 2019";"74199100";"Outras obras de cobre, vazadas, moldadas, estampadas ou forjadas, mas não trabalhadas de outro modo";"Ceará";"18106";"376"
"Importação ";" 2019";"79070090";"Outras obras de zinco";"Ceará";"17461";"141"
"Importação ";" 2019";"76169900";"Outras obras de alumínio";"Piauí";"12520";"175"
"Importação ";" 2019";"80070090";"Outras obras de estanho";"Rio de Janeiro";"11277";"65"
"Importação ";" 2019";"75089090";"Outras obras de níquel";"Pernambuco";"9426";"14"
"Importação ";" 2019";"79070090";"Outras obras de zinco";"Rondônia";"8154";"142"
"Importação ";" 2019";"80070090";"Outras obras de estanho";"Ceará";"6870";"9"
"Importação ";" 2019";"78060090";"Outras obras de chumbo";"Pará";"5878";"6800"
"Importação ";" 2019";"78060090";"Outras obras de chumbo";"Rio Grande do Sul";"5620";"72"
"Importação ";" 2019";"79070090";"Outras obras de zinco";"Pernambuco";"5289";"1219"
"Importação ";" 2019";"75089090";"Outras obras de níquel";"Rio Grande do Sul";"5008";"9"
"Importação ";" 2019";"75089090";"Outras obras de níquel";"Santa Catarina";"4465";"63"
"Importação ";" 2019";"79070090";"Outras obras de zinco";"Amapá";"3003";"180"
"Importação ";" 2019";"78060090";"Outras obras de chumbo";"Ceará";"2914";"99"
"Importação ";" 2019";"74199100";"Outras obras de cobre, vazadas, moldadas, estampadas ou forjadas, mas não trabalhadas de outro modo";"Goiás";"2798";"11"
"Importação ";" 2019";"80070090";"Outras obras de estanho";"Amazonas";"2793";"13"
"Importação ";" 2019";"74199100";"Outras obras de cobre, vazadas, moldadas, estampadas ou forjadas, mas não trabalhadas de outro modo";"Mato Grosso do Sul";"2738";"23"
"Importação ";" 2019";"75089090";"Outras obras de níquel";"Ceará";"2251";"11"
"Importação ";" 2019";"76169900";"Outras obras de alumínio";"Sergipe";"2229";"31"
"Importação ";" 2019";"74199100";"Outras obras de cobre, vazadas, moldadas, estampadas ou forjadas, mas não trabalhadas de outro modo";"Alagoas";"1922";"165"
"Importação ";" 2019";"78060090";"Outras obras de chumbo";"Paraná";"1645";"19"
"Importação ";" 2019";"76169900";"Outras obras de alumínio";"Amapá";"1643";"47"
"Importação ";" 2019";"74199100";"Outras obras de cobre, vazadas, moldadas, estampadas ou forjadas, mas não trabalhadas de outro modo";"Amazonas";"1624";"76"
"Importação ";" 2019";"79070090";"Outras obras de zinco";"Bahia";"1105";"23"
"Importação ";" 2019";"79070090";"Outras obras de zinco";"Rio Grande do Norte";"1058";"60"
"Importação ";" 2019";"74199100";"Outras obras de cobre, vazadas, moldadas, estampadas ou forjadas, mas não trabalhadas de outro modo";"Bahia";"999";"4"
"Importação ";" 2019";"80070090";"Outras obras de estanho";"Minas Gerais";"487";"1"
"Importação ";" 2019";"74199100";"Outras obras de cobre, vazadas, moldadas, estampadas ou forjadas, mas não trabalhadas de outro modo";"Pará";"485";"2"
"Importação ";" 2019";"80070090";"Outras obras de estanho";"Espírito Santo";"281";"0"
"Importação ";" 2019";"80070090";"Outras obras de estanho";"Mato Grosso do Sul";"186";"9"
"Importação ";" 2019";"75089090";"Outras obras de níquel";"Alagoas";"186";"0"
"Importação ";" 2019";"76169900";"Outras obras de alumínio";"Tocantins";"115";"3"
"Importação ";" 2019";"78060090";"Outras obras de chumbo";"Sergipe";"97";"8"
"Importação ";" 2019";"80070090";"Outras obras de estanho";"Maranhão";"80";"0"
"Exportação ";" 2018";"76169900";"Outras obras de alumínio";"São Paulo";"21882941";"1193729"
"Exportação ";" 2018";"76169900";"Outras obras de alumínio";"Rio de Janeiro";"4334901";"1078805"
"Exportação ";" 2018";"75089090";"Outras obras de níquel";"Rio de Janeiro";"2627697";"2687"
"Exportação ";" 2018";"76169900";"Outras obras de alumínio";"Não Declarada";"1826161";"26113"
"Exportação ";" 2018";"79070090";"Outras obras de zinco";"São Paulo";"1437441";"226312"
"Exportação ";" 2018";"76169900";"Outras obras de alumínio";"Rio Grande do Sul";"1348890";"186437"
"Exportação ";" 2018";"75089090";"Outras obras de níquel";"Não Declarada";"1214916";"1445"
"Exportação ";" 2018";"76169900";"Outras obras de alumínio";"Santa Catarina";"1124568";"113827"
"Exportação ";" 2018";"76169900";"Outras obras de alumínio";"Minas Gerais";"1062865";"124681"
"Exportação ";" 2018";"74199100";"Outras obras de cobre, vazadas, moldadas, estampadas ou forjadas, mas não trabalhadas de outro modo";"São Paulo";"654828";"75831"
"Exportação ";" 2018";"76169900";"Outras obras de alumínio";"Paraná";"595040";"41052"
"Exportação ";" 2018";"75089090";"Outras obras de níquel";"São Paulo";"480652";"2641"
"Exportação ";" 2018";"78060090";"Outras obras de chumbo";"Não Declarada";"410815";"10482"
"Exportação ";" 2018";"78060090";"Outras obras de chumbo";"Rio de Janeiro";"401354";"119423"
"Exportação ";" 2018";"78060090";"Outras obras de chumbo";"São Paulo";"297198";"65833"
"Exportação ";" 2018";"79070090";"Outras obras de zinco";"Rio Grande do Sul";"148374";"17091"
"Exportação ";" 2018";"76169900";"Outras obras de alumínio";"Reexportação";"117057";"1720"
"Exportação ";" 2018";"79070090";"Outras obras de zinco";"Rio de Janeiro";"99498";"17904"
"Exportação ";" 2018";"78060090";"Outras obras de chumbo";"Amazonas";"84928";"7605"
"Exportação ";" 2018";"74199100";"Outras obras de cobre, vazadas, moldadas, estampadas ou forjadas, mas não trabalhadas de outro modo";"Não Declarada";"78201";"5074"
"Exportação ";" 2018";"79070090";"Outras obras de zinco";"Santa Catarina";"65838";"2737"
"Exportação ";" 2018";"74199100";"Outras obras de cobre, vazadas, moldadas, estampadas ou forjadas, mas não trabalhadas de outro modo";"Rio Grande do Sul";"45216";"1247"
"Exportação ";" 2018";"76169900";"Outras obras de alumínio";"Bahia";"41200";"269"
"Exportação ";" 2018";"79070090";"Outras obras de zinco";"Paraná";"32998";"3410"
"Exportação ";" 2018";"78060090";"Outras obras de chumbo";"Minas Gerais";"22691";"6049"
"Exportação ";" 2018";"76169900";"Outras obras de alumínio";"Espírito Santo";"21618";"173"
"Exportação ";" 2018";"76169900";"Outras obras de alumínio";"Ceará";"17838";"874"
"Exportação ";" 2018";"79070090";"Outras obras de zinco";"Não Declarada";"11835";"507"
"Exportação ";" 2018";"80070090";"Outras obras de estanho";"Minas Gerais";"9772";"196"
"Exportação ";" 2018";"78060090";"Outras obras de chumbo";"Paraná";"5902";"2687"
"Exportação ";" 2018";"80070090";"Outras obras de estanho";"Paraná";"3556";"127"
"Exportação ";" 2018";"76169900";"Outras obras de alumínio";"Mato Grosso do Sul";"2587";"200"
"Exportação ";" 2018";"79070090";"Outras obras de zinco";"Minas Gerais";"2160";"313"
"Exportação ";" 2018";"76169900";"Outras obras de alumínio";"Amazonas";"1831";"176"
"Exportação ";" 2018";"75089090";"Outras obras de níquel";"Bahia";"1608";"9"
"Exportação ";" 2018";"75089090";"Outras obras de níquel";"Santa Catarina";"1502";"13"
"Exportação ";" 2018";"74199100";"Outras obras de cobre, vazadas, moldadas, estampadas ou forjadas, mas não trabalhadas de outro modo";"Santa Catarina";"963";"169"
"Exportação ";" 2018";"75089090";"Outras obras de níquel";"Rio Grande do Sul";"552";"5"
"Exportação ";" 2018";"78060090";"Outras obras de chumbo";"Bahia";"515";"1"
"Exportação ";" 2018";"76169900";"Outras obras de alumínio";"Goiás";"511";"19"
"Exportação ";" 2018";"76169900";"Outras obras de alumínio";"Pernambuco";"403";"55"
"Exportação ";" 2018";"74199100";"Outras obras de cobre, vazadas, moldadas, estampadas ou forjadas, mas não trabalhadas de outro modo";"Rio de Janeiro";"365";"4"
"Exportação ";" 2018";"76169900";"Outras obras de alumínio";"Rondônia";"318";"17"
"Exportação ";" 2018";"76169900";"Outras obras de alumínio";"Pará";"183";"20"
"Exportação ";" 2018";"74199100";"Outras obras de cobre, vazadas, moldadas, estampadas ou forjadas, mas não trabalhadas de outro modo";"Amazonas";"177";"0"
"Exportação ";" 2018";"74199100";"Outras obras de cobre, vazadas, moldadas, estampadas ou forjadas, mas não trabalhadas de outro modo";"Paraná";"142";"10"
"Exportação ";" 2018";"75089090";"Outras obras de níquel";"Minas Gerais";"118";"0"
"Exportação ";" 2018";"78060090";"Outras obras de chumbo";"Rio Grande do Sul";"105";"7"
"Exportação ";" 2018";"79070090";"Outras obras de zinco";"Espírito Santo";"62";"1"
"Exportação ";" 2018";"80070090";"Outras obras de estanho";"São Paulo";"38";"20"
"Exportação ";" 2018";"78060090";"Outras obras de chumbo";"Pernambuco";"12";"2"
"Importação ";" 2018";"76169900";"Outras obras de alumínio";"São Paulo";"125572578";"9911963"
"Importação ";" 2018";"75089090";"Outras obras de níquel";"Rio de Janeiro";"12976209";"27944"
"Importação ";" 2018";"76169900";"Outras obras de alumínio";"Paraná";"10331454";"1229175"
"Importação ";" 2018";"75089090";"Outras obras de níquel";"São Paulo";"9737697";"17071"
"Importação ";" 2018";"76169900";"Outras obras de alumínio";"Minas Gerais";"8590874";"370967"
"Importação ";" 2018";"76169900";"Outras obras de alumínio";"Santa Catarina";"6817813";"825679"
"Importação ";" 2018";"76169900";"Outras obras de alumínio";"Rio Grande do Sul";"5556869";"1488572"
"Importação ";" 2018";"76169900";"Outras obras de alumínio";"Amazonas";"4077277";"360821"
"Importação ";" 2018";"76169900";"Outras obras de alumínio";"Rio de Janeiro";"3833467";"151198"
"Importação ";" 2018";"79070090";"Outras obras de zinco";"São Paulo";"2078043";"202984"
"Importação ";" 2018";"75089090";"Outras obras de níquel";"Amazonas";"1956496";"92251"
"Importação ";" 2018";"79070090";"Outras obras de zinco";"Santa Catarina";"1103286";"217607"
"Importação ";" 2018";"76169900";"Outras obras de alumínio";"Pernambuco";"820826";"200505"
"Importação ";" 2018";"76169900";"Outras obras de alumínio";"Bahia";"806053";"53663"
"Importação ";" 2018";"79070090";"Outras obras de zinco";"Paraná";"570862";"49769"
"Importação ";" 2018";"78060090";"Outras obras de chumbo";"Rio de Janeiro";"505763";"120248"
"Importação ";" 2018";"76169900";"Outras obras de alumínio";"Goiás";"485921";"31050"
"Importação ";" 2018";"78060090";"Outras obras de chumbo";"São Paulo";"459747";"84942"
"Importação ";" 2018";"78060090";"Outras obras de chumbo";"Pernambuco";"357894";"88364"
"Importação ";" 2018";"76169900";"Outras obras de alumínio";"Rondônia";"305435";"42559"
"Importação ";" 2018";"80070090";"Outras obras de estanho";"São Paulo";"305001";"26503"
"Importação ";" 2018";"79070090";"Outras obras de zinco";"Espírito Santo";"291431";"47247"
"Importação ";" 2018";"74199100";"Outras obras de cobre, vazadas, moldadas, estampadas ou forjadas, mas não trabalhadas de outro modo";"Espírito Santo";"286774";"18442"
"Importação ";" 2018";"76169900";"Outras obras de alumínio";"Espírito Santo";"284254";"40642"
"Importação ";" 2018";"76169900";"Outras obras de alumínio";"Distrito Federal";"264077";"5255"
"Importação ";" 2018";"79070090";"Outras obras de zinco";"Rio Grande do Sul";"244350";"18261"
"Importação ";" 2018";"74199100";"Outras obras de cobre, vazadas, moldadas, estampadas ou forjadas, mas não trabalhadas de outro modo";"São Paulo";"227838";"8842"
"Importação ";" 2018";"75089090";"Outras obras de níquel";"Paraná";"218498";"706"
"Importação ";" 2018";"79070090";"Outras obras de zinco";"Rio de Janeiro";"217404";"11996"
"Importação ";" 2018";"75089090";"Outras obras de níquel";"Maranhão";"174034";"3912"
"Importação ";" 2018";"74199100";"Outras obras de cobre, vazadas, moldadas, estampadas ou forjadas, mas não trabalhadas de outro modo";"Minas Gerais";"163160";"4125"
"Importação ";" 2018";"79070090";"Outras obras de zinco";"Amazonas";"157020";"29403"
"Importação ";" 2018";"76169900";"Outras obras de alumínio";"Alagoas";"141482";"25003"
"Importação ";" 2018";"75089090";"Outras obras de níquel";"Minas Gerais";"141005";"564"
"Importação ";" 2018";"76169900";"Outras obras de alumínio";"Pará";"138341";"40694"
"Importação ";" 2018";"76169900";"Outras obras de alumínio";"Mato Grosso do Sul";"108669";"2930"
"Importação ";" 2018";"76169900";"Outras obras de alumínio";"Ceará";"96403";"4207"
"Importação ";" 2018";"76169900";"Outras obras de alumínio";"Paraíba";"90912";"10579"
"Importação ";" 2018";"80070090";"Outras obras de estanho";"Santa Catarina";"86444";"83859"
"Importação ";" 2018";"75089090";"Outras obras de níquel";"Bahia";"71006";"186"
"Importação ";" 2018";"74199100";"Outras obras de cobre, vazadas, moldadas, estampadas ou forjadas, mas não trabalhadas de outro modo";"Rio Grande do Sul";"67296";"2689"
"Importação ";" 2018";"79070090";"Outras obras de zinco";"Goiás";"61558";"5846"
"Importação ";" 2018";"80070090";"Outras obras de estanho";"Paraná";"48488";"1778"
"Importação ";" 2018";"75089090";"Outras obras de níquel";"Rio Grande do Norte";"45987";"103"
"Importação ";" 2018";"78060090";"Outras obras de chumbo";"Bahia";"44970";"6574"
"Importação ";" 2018";"75089090";"Outras obras de níquel";"Rio Grande do Sul";"42804";"196"
"Importação ";" 2018";"74199100";"Outras obras de cobre, vazadas, moldadas, estampadas ou forjadas, mas não trabalhadas de outro modo";"Rio de Janeiro";"42417";"523"
"Importação ";" 2018";"78060090";"Outras obras de chumbo";"Goiás";"42007";"4974"
"Importação ";" 2018";"78060090";"Outras obras de chumbo";"Santa Catarina";"40835";"27011"
"Importação ";" 2018";"75089090";"Outras obras de níquel";"Espírito Santo";"40280";"419"
"Importação ";" 2018";"80070090";"Outras obras de estanho";"Rio Grande do Sul";"37959";"647"
"Importação ";" 2018";"76169900";"Outras obras de alumínio";"Sergipe";"30720";"2556"
"Importação ";" 2018";"79070090";"Outras obras de zinco";"Minas Gerais";"28484";"2953"
"Importação ";" 2018";"75089090";"Outras obras de níquel";"Pernambuco";"25242";"80"
"Importação ";" 2018";"74199100";"Outras obras de cobre, vazadas, moldadas, estampadas ou forjadas, mas não trabalhadas de outro modo";"Santa Catarina";"23923";"2148"
"Importação ";" 2018";"79070090";"Outras obras de zinco";"Pernambuco";"21462";"1419"
"Importação ";" 2018";"78060090";"Outras obras de chumbo";"Pará";"20071";"22694"
"Importação ";" 2018";"74199100";"Outras obras de cobre, vazadas, moldadas, estampadas ou forjadas, mas não trabalhadas de outro modo";"Maranhão";"18823";"566"
"Importação ";" 2018";"76169900";"Outras obras de alumínio";"Rio Grande do Norte";"16414";"3228"
"Importação ";" 2018";"78060090";"Outras obras de chumbo";"Rio Grande do Sul";"16224";"226"
"Importação ";" 2018";"74199100";"Outras obras de cobre, vazadas, moldadas, estampadas ou forjadas, mas não trabalhadas de outro modo";"Paraná";"14379";"954"
"Importação ";" 2018";"79070090";"Outras obras de zinco";"Sergipe";"10982";"208"
"Importação ";" 2018";"75089090";"Outras obras de níquel";"Mato Grosso do Sul";"10732";"35"
"Importação ";" 2018";"79070090";"Outras obras de zinco";"Alagoas";"9985";"645"
"Importação ";" 2018";"80070090";"Outras obras de estanho";"Rio de Janeiro";"9937";"126"
"Importação ";" 2018";"76169900";"Outras obras de alumínio";"Mato Grosso";"9540";"33"
"Importação ";" 2018";"74199100";"Outras obras de cobre, vazadas, moldadas, estampadas ou forjadas, mas não trabalhadas de outro modo";"Ceará";"8301";"174"
"Importação ";" 2018";"80070090";"Outras obras de estanho";"Ceará";"6804";"6"
"Importação ";" 2018";"76169900";"Outras obras de alumínio";"Piauí";"6466";"40"
"Importação ";" 2018";"76169900";"Outras obras de alumínio";"Tocantins";"6278";"438"
"Importação ";" 2018";"75089090";"Outras obras de níquel";"Goiás";"5693";"1"
"Importação ";" 2018";"79070090";"Outras obras de zinco";"Bahia";"4915";"1749"
"Importação ";" 2018";"79070090";"Outras obras de zinco";"Pará";"4199";"216"
"Importação ";" 2018";"75089090";"Outras obras de níquel";"Santa Catarina";"3374";"91"
"Importação ";" 2018";"78060090";"Outras obras de chumbo";"Minas Gerais";"2977";"36"
"Importação ";" 2018";"79070090";"Outras obras de zinco";"Rondônia";"2759";"77"
"Importação ";" 2018";"74199100";"Outras obras de cobre, vazadas, moldadas, estampadas ou forjadas, mas não trabalhadas de outro modo";"Amazonas";"2485";"87"
"Importação ";" 2018";"80070090";"Outras obras de estanho";"Amazonas";"2138";"8"
"Importação ";" 2018";"74199100";"Outras obras de cobre, vazadas, moldadas, estampadas ou forjadas, mas não trabalhadas de outro modo";"Alagoas";"2106";"174"
"Importação ";" 2018";"76169900";"Outras obras de alumínio";"Maranhão";"1765";"4"
"Importação ";" 2018";"74199100";"Outras obras de cobre, vazadas, moldadas, estampadas ou forjadas, mas não trabalhadas de outro modo";"Pernambuco";"1344";"7"
"Importação ";" 2018";"78060090";"Outras obras de chumbo";"Ceará";"1054";"44"
"Importação ";" 2018";"75089090";"Outras obras de níquel";"Ceará";"633";"28"
"Importação ";" 2018";"79070090";"Outras obras de zinco";"Maranhão";"426";"0"
"Importação ";" 2018";"75089090";"Outras obras de níquel";"Sergipe";"401";"0"
"Importação ";" 2018";"75089090";"Outras obras de níquel";"Alagoas";"309";"0"
"Importação ";" 2018";"76169900";"Outras obras de alumínio";"Amapá";"253";"7"
"Importação ";" 2018";"78060090";"Outras obras de chumbo";"Paraná";"220";"22"
"Importação ";" 2018";"80070090";"Outras obras de estanho";"Espírito Santo";"142";"0"
"Importação ";" 2018";"74199100";"Outras obras de cobre, vazadas, moldadas, estampadas ou forjadas, mas não trabalhadas de outro modo";"Piauí";"32";"0"
"Importação ";" 2018";"74199100";"Outras obras de cobre, vazadas, moldadas, estampadas ou forjadas, mas não trabalhadas de outro modo";"Bahia";"16";"2"
"Importação ";" 2018";"78060090";"Outras obras de chumbo";"Sergipe";"5";"0"
"Exportação ";" 2017";"76169900";"Outras obras de alumínio";"São Paulo";"18439596";"1036172"
"Exportação ";" 2017";"76169900";"Outras obras de alumínio";"Rio de Janeiro";"5625067";"1699115"
"Exportação ";" 2017";"76169900";"Outras obras de alumínio";"Não Declarada";"3500102";"65705"
"Exportação ";" 2017";"76169900";"Outras obras de alumínio";"Santa Catarina";"1316244";"126527"
"Exportação ";" 2017";"79070090";"Outras obras de zinco";"São Paulo";"1288935";"143373"
"Exportação ";" 2017";"76169900";"Outras obras de alumínio";"Rio Grande do Sul";"1271041";"175768"
"Exportação ";" 2017";"76169900";"Outras obras de alumínio";"Minas Gerais";"932441";"103583"
"Exportação ";" 2017";"76169900";"Outras obras de alumínio";"Paraná";"818473";"51119"
"Exportação ";" 2017";"75089090";"Outras obras de níquel";"Não Declarada";"562804";"726"
"Exportação ";" 2017";"78060090";"Outras obras de chumbo";"São Paulo";"561314";"96508"
"Exportação ";" 2017";"78060090";"Outras obras de chumbo";"Não Declarada";"365864";"28034"
"Exportação ";" 2017";"75089090";"Outras obras de níquel";"São Paulo";"225905";"629"
"Exportação ";" 2017";"76169900";"Outras obras de alumínio";"Espírito Santo";"177240";"11528"
"Exportação ";" 2017";"76169900";"Outras obras de alumínio";"Reexportação";"175267";"735"
"Exportação ";" 2017";"75089090";"Outras obras de níquel";"Rio de Janeiro";"133100";"160"
"Exportação ";" 2017";"79070090";"Outras obras de zinco";"Rio Grande do Sul";"115510";"11784"
"Exportação ";" 2017";"74199100";"Outras obras de cobre, vazadas, moldadas, estampadas ou forjadas, mas não trabalhadas de outro modo";"São Paulo";"89622";"4558"
"Exportação ";" 2017";"78060090";"Outras obras de chumbo";"Amazonas";"82246";"7750"
"Exportação ";" 2017";"79070090";"Outras obras de zinco";"Santa Catarina";"48233";"2564"
"Exportação ";" 2017";"78060090";"Outras obras de chumbo";"Minas Gerais";"47889";"11433"
"Exportação ";" 2017";"79070090";"Outras obras de zinco";"Não Declarada";"47864";"2250"
"Exportação ";" 2017";"76169900";"Outras obras de alumínio";"Bahia";"46344";"1177"
"Exportação ";" 2017";"74199100";"Outras obras de cobre, vazadas, moldadas, estampadas ou forjadas, mas não trabalhadas de outro modo";"Rio Grande do Sul";"40034";"1636"
"Exportação ";" 2017";"76169900";"Outras obras de alumínio";"Distrito Federal";"29264";"534"
"Exportação ";" 2017";"79070090";"Outras obras de zinco";"Reexportação";"25603";"3364"
"Exportação ";" 2017";"75089090";"Outras obras de níquel";"Paraná";"21502";"63"
"Exportação ";" 2017";"79070090";"Outras obras de zinco";"Paraná";"20005";"1666"
"Exportação ";" 2017";"79070090";"Outras obras de zinco";"Rio de Janeiro";"18846";"3733"
"Exportação ";" 2017";"80070090";"Outras obras de estanho";"Minas Gerais";"18840";"236"
"Exportação ";" 2017";"79070090";"Outras obras de zinco";"Mato Grosso do Sul";"11905";"1586"
"Exportação ";" 2017";"79070090";"Outras obras de zinco";"Minas Gerais";"8631";"420"
"Exportação ";" 2017";"80070090";"Outras obras de estanho";"São Paulo";"8302";"451"
"Exportação ";" 2017";"76169900";"Outras obras de alumínio";"Amazonas";"4418";"102"
"Exportação ";" 2017";"76169900";"Outras obras de alumínio";"Mato Grosso do Sul";"2186";"105"
"Exportação ";" 2017";"75089090";"Outras obras de níquel";"Santa Catarina";"1980";"13"
"Exportação ";" 2017";"74199100";"Outras obras de cobre, vazadas, moldadas, estampadas ou forjadas, mas não trabalhadas de outro modo";"Paraná";"1299";"16"
"Exportação ";" 2017";"78060090";"Outras obras de chumbo";"Rio de Janeiro";"851";"230"
"Exportação ";" 2017";"76169900";"Outras obras de alumínio";"Rondônia";"825";"56"
"Exportação ";" 2017";"74199100";"Outras obras de cobre, vazadas, moldadas, estampadas ou forjadas, mas não trabalhadas de outro modo";"Rio de Janeiro";"745";"17"
"Exportação ";" 2017";"76169900";"Outras obras de alumínio";"Pernambuco";"441";"36"
"Exportação ";" 2017";"79070090";"Outras obras de zinco";"Ceará";"176";"22"
"Exportação ";" 2017";"74199100";"Outras obras de cobre, vazadas, moldadas, estampadas ou forjadas, mas não trabalhadas de outro modo";"Não Declarada";"154";"0"
"Exportação ";" 2017";"78060090";"Outras obras de chumbo";"Rio Grande do Sul";"147";"5"
"Exportação ";" 2017";"75089090";"Outras obras de níquel";"Rio Grande do Sul";"110";"1"
"Exportação ";" 2017";"74199100";"Outras obras de cobre, vazadas, moldadas, estampadas ou forjadas, mas não trabalhadas de outro modo";"Santa Catarina";"108";"2"
"Exportação ";" 2017";"74199100";"Outras obras de cobre, vazadas, moldadas, estampadas ou forjadas, mas não trabalhadas de outro modo";"Bahia";"82";"0"
"Exportação ";" 2017";"74199100";"Outras obras de cobre, vazadas, moldadas, estampadas ou forjadas, mas não trabalhadas de outro modo";"Amazonas";"47";"0"
"Exportação ";" 2017";"76169900";"Outras obras de alumínio";"Ceará";"14";"1"
"Importação ";" 2017";"76169900";"Outras obras de alumínio";"São Paulo";"113960723";"9738245"
"Importação ";" 2017";"75089090";"Outras obras de níquel";"Rio de Janeiro";"11585096";"18821"
"Importação ";" 2017";"76169900";"Outras obras de alumínio";"Paraná";"6993967";"860600"
"Importação ";" 2017";"76169900";"Outras obras de alumínio";"Minas Gerais";"6854235";"398362"
"Importação ";" 2017";"75089090";"Outras obras de níquel";"São Paulo";"6413829";"15625"
"Importação ";" 2017";"76169900";"Outras obras de alumínio";"Santa Catarina";"5566730";"652429"
"Importação ";" 2017";"76169900";"Outras obras de alumínio";"Rio Grande do Sul";"5335798";"1565567"
"Importação ";" 2017";"76169900";"Outras obras de alumínio";"Rio de Janeiro";"3790411";"83975"
"Importação ";" 2017";"76169900";"Outras obras de alumínio";"Amazonas";"3383127";"226426"
"Importação ";" 2017";"79070090";"Outras obras de zinco";"São Paulo";"2429391";"242059"
"Importação ";" 2017";"79070090";"Outras obras de zinco";"Santa Catarina";"969655";"201897"
"Importação ";" 2017";"76169900";"Outras obras de alumínio";"Bahia";"794150";"37117"
"Importação ";" 2017";"76169900";"Outras obras de alumínio";"Pernambuco";"776198";"180067"
"Importação ";" 2017";"79070090";"Outras obras de zinco";"Paraná";"755407";"85373"
"Importação ";" 2017";"75089090";"Outras obras de níquel";"Paraná";"642870";"3139"
"Importação ";" 2017";"76169900";"Outras obras de alumínio";"Distrito Federal";"559012";"15485"
"Importação ";" 2017";"79070090";"Outras obras de zinco";"Rio Grande do Sul";"543321";"26111"
"Importação ";" 2017";"76169900";"Outras obras de alumínio";"Ceará";"422950";"53751"
"Importação ";" 2017";"76169900";"Outras obras de alumínio";"Goiás";"372057";"24177"
"Importação ";" 2017";"80070090";"Outras obras de estanho";"São Paulo";"332313";"18954"
"Importação ";" 2017";"78060090";"Outras obras de chumbo";"Pernambuco";"324060";"81536"
"Importação ";" 2017";"75089090";"Outras obras de níquel";"Amazonas";"284270";"18260"
"Importação ";" 2017";"74199100";"Outras obras de cobre, vazadas, moldadas, estampadas ou forjadas, mas não trabalhadas de outro modo";"São Paulo";"267273";"8191"
"Importação ";" 2017";"78060090";"Outras obras de chumbo";"São Paulo";"247770";"44628"
"Importação ";" 2017";"76169900";"Outras obras de alumínio";"Rondônia";"232277";"20982"
"Importação ";" 2017";"75089090";"Outras obras de níquel";"Minas Gerais";"212927";"479"
"Importação ";" 2017";"74199100";"Outras obras de cobre, vazadas, moldadas, estampadas ou forjadas, mas não trabalhadas de outro modo";"Espírito Santo";"172836";"11502"
"Importação ";" 2017";"79070090";"Outras obras de zinco";"Espírito Santo";"166988";"31542"
"Importação ";" 2017";"74199100";"Outras obras de cobre, vazadas, moldadas, estampadas ou forjadas, mas não trabalhadas de outro modo";"Minas Gerais";"141366";"3431"
"Importação ";" 2017";"79070090";"Outras obras de zinco";"Rio de Janeiro";"124349";"3986"
"Importação ";" 2017";"79070090";"Outras obras de zinco";"Amazonas";"115425";"11079"
"Importação ";" 2017";"76169900";"Outras obras de alumínio";"Alagoas";"114121";"15661"
"Importação ";" 2017";"76169900";"Outras obras de alumínio";"Espírito Santo";"111811";"11681"
"Importação ";" 2017";"75089090";"Outras obras de níquel";"Bahia";"80977";"237"
"Importação ";" 2017";"76169900";"Outras obras de alumínio";"Pará";"76268";"38287"
"Importação ";" 2017";"76169900";"Outras obras de alumínio";"Rio Grande do Norte";"74268";"9327"
"Importação ";" 2017";"78060090";"Outras obras de chumbo";"Rio de Janeiro";"71135";"5252"
"Importação ";" 2017";"78060090";"Outras obras de chumbo";"Goiás";"57225";"8390"
"Importação ";" 2017";"80070090";"Outras obras de estanho";"Rio Grande do Sul";"54359";"3005"
"Importação ";" 2017";"75089090";"Outras obras de níquel";"Alagoas";"46960";"463"
"Importação ";" 2017";"76169900";"Outras obras de alumínio";"Paraíba";"44597";"10062"
"Importação ";" 2017";"79070090";"Outras obras de zinco";"Minas Gerais";"42673";"4896"
"Importação ";" 2017";"74199100";"Outras obras de cobre, vazadas, moldadas, estampadas ou forjadas, mas não trabalhadas de outro modo";"Santa Catarina";"38235";"3627"
"Importação ";" 2017";"79070090";"Outras obras de zinco";"Goiás";"37238";"3466"
"Importação ";" 2017";"75089090";"Outras obras de níquel";"Espírito Santo";"30343";"74"
"Importação ";" 2017";"74199100";"Outras obras de cobre, vazadas, moldadas, estampadas ou forjadas, mas não trabalhadas de outro modo";"Paraná";"30168";"1186"
"Importação ";" 2017";"80070090";"Outras obras de estanho";"Santa Catarina";"25707";"24110"
"Importação ";" 2017";"74199100";"Outras obras de cobre, vazadas, moldadas, estampadas ou forjadas, mas não trabalhadas de outro modo";"Rio de Janeiro";"22156";"612"
"Importação ";" 2017";"74199100";"Outras obras de cobre, vazadas, moldadas, estampadas ou forjadas, mas não trabalhadas de outro modo";"Rio Grande do Sul";"21705";"1268"
"Importação ";" 2017";"78060090";"Outras obras de chumbo";"Santa Catarina";"20549";"16166"
"Importação ";" 2017";"75089090";"Outras obras de níquel";"Rio Grande do Sul";"17889";"16"
"Importação ";" 2017";"79070090";"Outras obras de zinco";"Alagoas";"17608";"22794"
"Importação ";" 2017";"74199100";"Outras obras de cobre, vazadas, moldadas, estampadas ou forjadas, mas não trabalhadas de outro modo";"Maranhão";"17091";"492"
"Importação ";" 2017";"76169900";"Outras obras de alumínio";"Piauí";"16737";"3376"
"Importação ";" 2017";"76169900";"Outras obras de alumínio";"Mato Grosso do Sul";"16027";"975"
"Importação ";" 2017";"75089090";"Outras obras de níquel";"Ceará";"10699";"402"
"Importação ";" 2017";"74199100";"Outras obras de cobre, vazadas, moldadas, estampadas ou forjadas, mas não trabalhadas de outro modo";"Amazonas";"9734";"42"
"Importação ";" 2017";"80070090";"Outras obras de estanho";"Paraná";"9628";"230"
"Importação ";" 2017";"78060090";"Outras obras de chumbo";"Ceará";"8223";"15"
"Importação ";" 2017";"78060090";"Outras obras de chumbo";"Rio Grande do Sul";"5488";"79"
"Importação ";" 2017";"80070090";"Outras obras de estanho";"Rio de Janeiro";"4976";"42"
"Importação ";" 2017";"78060090";"Outras obras de chumbo";"Paraná";"4305";"265"
"Importação ";" 2017";"76169900";"Outras obras de alumínio";"Maranhão";"4067";"1446"
"Importação ";" 2017";"79070090";"Outras obras de zinco";"Pernambuco";"3532";"253"
"Importação ";" 2017";"76169900";"Outras obras de alumínio";"Sergipe";"2284";"43"
"Importação ";" 2017";"76169900";"Outras obras de alumínio";"Tocantins";"2247";"126"
"Importação ";" 2017";"79070090";"Outras obras de zinco";"Rondônia";"2108";"198"
"Importação ";" 2017";"78060090";"Outras obras de chumbo";"Minas Gerais";"2011";"9"
"Importação ";" 2017";"79070090";"Outras obras de zinco";"Pará";"1875";"108"
"Importação ";" 2017";"79070090";"Outras obras de zinco";"Amapá";"1747";"133"
"Importação ";" 2017";"79070090";"Outras obras de zinco";"Ceará";"1533";"261"
"Importação ";" 2017";"75089090";"Outras obras de níquel";"Mato Grosso do Sul";"1196";"6"
"Importação ";" 2017";"75089090";"Outras obras de níquel";"Rio Grande do Norte";"1181";"0"
"Importação ";" 2017";"75089090";"Outras obras de níquel";"Mato Grosso";"1148";"0"
"Importação ";" 2017";"74199100";"Outras obras de cobre, vazadas, moldadas, estampadas ou forjadas, mas não trabalhadas de outro modo";"Pernambuco";"1081";"11"
"Importação ";" 2017";"76169900";"Outras obras de alumínio";"Mato Grosso";"968";"42"
"Importação ";" 2017";"75089090";"Outras obras de níquel";"Maranhão";"959";"20"
"Importação ";" 2017";"80070090";"Outras obras de estanho";"Amazonas";"855";"3"
"Importação ";" 2017";"79070090";"Outras obras de zinco";"Bahia";"516";"12"
"Importação ";" 2017";"76169900";"Outras obras de alumínio";"Amapá";"477";"9"
"Importação ";" 2017";"75089090";"Outras obras de níquel";"Sergipe";"418";"6"
"Importação ";" 2017";"74199100";"Outras obras de cobre, vazadas, moldadas, estampadas ou forjadas, mas não trabalhadas de outro modo";"Bahia";"398";"5"
"Importação ";" 2017";"78060090";"Outras obras de chumbo";"Sergipe";"335";"0"
"Importação ";" 2017";"78060090";"Outras obras de chumbo";"Bahia";"302";"6"
"Importação ";" 2017";"75089090";"Outras obras de níquel";"Santa Catarina";"297";"16"
"Importação ";" 2017";"74199100";"Outras obras de cobre, vazadas, moldadas, estampadas ou forjadas, mas não trabalhadas de outro modo";"Paraíba";"191";"18"
"Importação ";" 2017";"75089090";"Outras obras de níquel";"Goiás";"173";"0"
"Exportação ";" 2016";"76169900";"Outras obras de alumínio";"São Paulo";"18650848";"1097233"
"Exportação ";" 2016";"76169900";"Outras obras de alumínio";"Minas Gerais";"1135837";"159727"
"Exportação ";" 2016";"76169900";"Outras obras de alumínio";"Paraná";"1120035";"98378"
"Exportação ";" 2016";"76169900";"Outras obras de alumínio";"Não Declarada";"1036790";"29593"
"Exportação ";" 2016";"76169900";"Outras obras de alumínio";"Santa Catarina";"1005855";"82381"
"Exportação ";" 2016";"79070090";"Outras obras de zinco";"São Paulo";"929277";"120520"
"Exportação ";" 2016";"76169900";"Outras obras de alumínio";"Mercadoria Nacionalizada";"857188";"13077"
"Exportação ";" 2016";"76169900";"Outras obras de alumínio";"Rio Grande do Sul";"824347";"99167"
"Exportação ";" 2016";"76169900";"Outras obras de alumínio";"Rio de Janeiro";"806989";"91928"
"Exportação ";" 2016";"75089090";"Outras obras de níquel";"Não Declarada";"315365";"250"
"Exportação ";" 2016";"78060090";"Outras obras de chumbo";"São Paulo";"290254";"69191"
"Exportação ";" 2016";"76169900";"Outras obras de alumínio";"Reexportação";"218347";"1452"
"Exportação ";" 2016";"75089090";"Outras obras de níquel";"São Paulo";"207253";"291"
"Exportação ";" 2016";"75089090";"Outras obras de níquel";"Mercadoria Nacionalizada";"195104";"262"
"Exportação ";" 2016";"78060090";"Outras obras de chumbo";"Reexportação";"192411";"10482"
"Exportação ";" 2016";"75089090";"Outras obras de níquel";"Rio de Janeiro";"166389";"240"
"Exportação ";" 2016";"78060090";"Outras obras de chumbo";"Amazonas";"121141";"13510"
"Exportação ";" 2016";"76169900";"Outras obras de alumínio";"Bahia";"112163";"1297"
"Exportação ";" 2016";"79070090";"Outras obras de zinco";"Rio Grande do Sul";"108698";"14656"
"Exportação ";" 2016";"79070090";"Outras obras de zinco";"Rio de Janeiro";"59291";"10509"
"Exportação ";" 2016";"76169900";"Outras obras de alumínio";"Distrito Federal";"55391";"1140"
"Exportação ";" 2016";"75089090";"Outras obras de níquel";"Paraná";"45096";"71"
"Exportação ";" 2016";"74199100";"Outras obras de cobre, vazadas, moldadas, estampadas ou forjadas, mas não trabalhadas de outro modo";"São Paulo";"41302";"3958"
"Exportação ";" 2016";"74199100";"Outras obras de cobre, vazadas, moldadas, estampadas ou forjadas, mas não trabalhadas de outro modo";"Rio Grande do Sul";"36850";"1652"
"Exportação ";" 2016";"80070090";"Outras obras de estanho";"Minas Gerais";"35052";"412"
"Exportação ";" 2016";"78060090";"Outras obras de chumbo";"Minas Gerais";"32817";"7912"
"Exportação ";" 2016";"79070090";"Outras obras de zinco";"Santa Catarina";"26193";"1261"
"Exportação ";" 2016";"79070090";"Outras obras de zinco";"Minas Gerais";"14696";"786"
"Exportação ";" 2016";"79070090";"Outras obras de zinco";"Paraná";"12764";"1607"
"Exportação ";" 2016";"80070090";"Outras obras de estanho";"Não Declarada";"7891";"221"
"Exportação ";" 2016";"76169900";"Outras obras de alumínio";"Mato Grosso do Sul";"7614";"1800"
"Exportação ";" 2016";"75089090";"Outras obras de níquel";"Reexportação";"6160";"7"
"Exportação ";" 2016";"74199100";"Outras obras de cobre, vazadas, moldadas, estampadas ou forjadas, mas não trabalhadas de outro modo";"Não Declarada";"4269";"71"
"Exportação ";" 2016";"79070090";"Outras obras de zinco";"Mato Grosso do Sul";"3040";"638"
"Exportação ";" 2016";"74199100";"Outras obras de cobre, vazadas, moldadas, estampadas ou forjadas, mas não trabalhadas de outro modo";"Reexportação";"2974";"16"
"Exportação ";" 2016";"79070090";"Outras obras de zinco";"Não Declarada";"2709";"196"
"Exportação ";" 2016";"80070090";"Outras obras de estanho";"São Paulo";"1220";"21"
"Exportação ";" 2016";"76169900";"Outras obras de alumínio";"Pernambuco";"1113";"36"
"Exportação ";" 2016";"76169900";"Outras obras de alumínio";"Rondônia";"565";"50"
"Exportação ";" 2016";"79070090";"Outras obras de zinco";"Mercadoria Nacionalizada";"552";"45"
"Exportação ";" 2016";"75089090";"Outras obras de níquel";"Santa Catarina";"364";"4"
"Exportação ";" 2016";"79070090";"Outras obras de zinco";"Reexportação";"330";"11"
"Exportação ";" 2016";"80070090";"Outras obras de estanho";"Paraná";"308";"0"
"Exportação ";" 2016";"74199100";"Outras obras de cobre, vazadas, moldadas, estampadas ou forjadas, mas não trabalhadas de outro modo";"Santa Catarina";"292";"4"
"Exportação ";" 2016";"78060090";"Outras obras de chumbo";"Rio de Janeiro";"255";"2"
"Exportação ";" 2016";"74199100";"Outras obras de cobre, vazadas, moldadas, estampadas ou forjadas, mas não trabalhadas de outro modo";"Mato Grosso do Sul";"120";"691"
"Exportação ";" 2016";"80070090";"Outras obras de estanho";"Reexportação";"114";"1"
"Exportação ";" 2016";"74199100";"Outras obras de cobre, vazadas, moldadas, estampadas ou forjadas, mas não trabalhadas de outro modo";"Paraná";"108";"161"
"Exportação ";" 2016";"79070090";"Outras obras de zinco";"Ceará";"105";"1"
"Exportação ";" 2016";"76169900";"Outras obras de alumínio";"Ceará";"44";"1"
"Exportação ";" 2016";"80070090";"Outras obras de estanho";"Mercadoria Nacionalizada";"41";"0"
"Exportação ";" 2016";"74199100";"Outras obras de cobre, vazadas, moldadas, estampadas ou forjadas, mas não trabalhadas de outro modo";"Minas Gerais";"34";"0"
"Exportação ";" 2016";"78060090";"Outras obras de chumbo";"Rio Grande do Sul";"27";"2"
"Exportação ";" 2016";"76169900";"Outras obras de alumínio";"Goiás";"24";"4"
"Exportação ";" 2016";"76169900";"Outras obras de alumínio";"Amazonas";"18";"0"
"Exportação ";" 2016";"74199100";"Outras obras de cobre, vazadas, moldadas, estampadas ou forjadas, mas não trabalhadas de outro modo";"Mercadoria Nacionalizada";"16";"0"
"Importação ";" 2016";"76169900";"Outras obras de alumínio";"São Paulo";"116772698";"8752138"
"Importação ";" 2016";"75089090";"Outras obras de níquel";"São Paulo";"9001154";"14193"
"Importação ";" 2016";"76169900";"Outras obras de alumínio";"Minas Gerais";"7190990";"285933"
"Importação ";" 2016";"75089090";"Outras obras de níquel";"Rio de Janeiro";"6321252";"12224"
"Importação ";" 2016";"76169900";"Outras obras de alumínio";"Paraná";"6153268";"592936"
"Importação ";" 2016";"76169900";"Outras obras de alumínio";"Santa Catarina";"4816847";"569631"
"Importação ";" 2016";"76169900";"Outras obras de alumínio";"Rio de Janeiro";"4339907";"345419"
"Importação ";" 2016";"76169900";"Outras obras de alumínio";"Rio Grande do Sul";"3000697";"671035"
"Importação ";" 2016";"76169900";"Outras obras de alumínio";"Amazonas";"2706464";"274143"
"Importação ";" 2016";"76169900";"Outras obras de alumínio";"Bahia";"1572291";"61536"
"Importação ";" 2016";"79070090";"Outras obras de zinco";"Paraná";"1527399";"269812"
"Importação ";" 2016";"79070090";"Outras obras de zinco";"São Paulo";"1495372";"124525"
"Importação ";" 2016";"76169900";"Outras obras de alumínio";"Pernambuco";"799445";"119350"
"Importação ";" 2016";"79070090";"Outras obras de zinco";"Santa Catarina";"714358";"102903"
"Importação ";" 2016";"76169900";"Outras obras de alumínio";"Ceará";"581638";"50711"
"Importação ";" 2016";"75089090";"Outras obras de níquel";"Paraná";"542144";"3057"
"Importação ";" 2016";"79070090";"Outras obras de zinco";"Rio Grande do Sul";"423537";"23841"
"Importação ";" 2016";"76169900";"Outras obras de alumínio";"Goiás";"408905";"74746"
"Importação ";" 2016";"75089090";"Outras obras de níquel";"Minas Gerais";"301735";"871"
"Importação ";" 2016";"80070090";"Outras obras de estanho";"São Paulo";"291938";"16077"
"Importação ";" 2016";"78060090";"Outras obras de chumbo";"Pernambuco";"201741";"58441"
"Importação ";" 2016";"79070090";"Outras obras de zinco";"Espírito Santo";"186621";"39315"
"Importação ";" 2016";"76169900";"Outras obras de alumínio";"Distrito Federal";"176729";"1640"
"Importação ";" 2016";"79070090";"Outras obras de zinco";"Rio de Janeiro";"153137";"9225"
"Importação ";" 2016";"74199100";"Outras obras de cobre, vazadas, moldadas, estampadas ou forjadas, mas não trabalhadas de outro modo";"Espírito Santo";"148637";"10284"
"Importação ";" 2016";"76169900";"Outras obras de alumínio";"Rondônia";"148584";"13976"
"Importação ";" 2016";"78060090";"Outras obras de chumbo";"São Paulo";"145379";"20365"
"Importação ";" 2016";"78060090";"Outras obras de chumbo";"Rio de Janeiro";"143143";"2112"
"Importação ";" 2016";"75089090";"Outras obras de níquel";"Maranhão";"138321";"2927"
"Importação ";" 2016";"79070090";"Outras obras de zinco";"Amazonas";"137874";"6993"
"Importação ";" 2016";"74199100";"Outras obras de cobre, vazadas, moldadas, estampadas ou forjadas, mas não trabalhadas de outro modo";"São Paulo";"133327";"3245"
"Importação ";" 2016";"76169900";"Outras obras de alumínio";"Espírito Santo";"126808";"7483"
"Importação ";" 2016";"75089090";"Outras obras de níquel";"Bahia";"102704";"329"
"Importação ";" 2016";"78060090";"Outras obras de chumbo";"Santa Catarina";"85454";"13799"
"Importação ";" 2016";"75089090";"Outras obras de níquel";"Amazonas";"75960";"105"
"Importação ";" 2016";"74199100";"Outras obras de cobre, vazadas, moldadas, estampadas ou forjadas, mas não trabalhadas de outro modo";"Minas Gerais";"75667";"1830"
"Importação ";" 2016";"80070090";"Outras obras de estanho";"Amazonas";"66558";"12"
"Importação ";" 2016";"75089090";"Outras obras de níquel";"Ceará";"56275";"263"
"Importação ";" 2016";"80070090";"Outras obras de estanho";"Paraná";"54442";"2254"
"Importação ";" 2016";"76169900";"Outras obras de alumínio";"Paraíba";"49614";"7782"
"Importação ";" 2016";"80070090";"Outras obras de estanho";"Santa Catarina";"49262";"6836"
"Importação ";" 2016";"79070090";"Outras obras de zinco";"Minas Gerais";"40699";"5254"
"Importação ";" 2016";"80070090";"Outras obras de estanho";"Rio Grande do Sul";"39893";"1045"
"Importação ";" 2016";"79070090";"Outras obras de zinco";"Goiás";"36602";"3385"
"Importação ";" 2016";"74199100";"Outras obras de cobre, vazadas, moldadas, estampadas ou forjadas, mas não trabalhadas de outro modo";"Rio de Janeiro";"36059";"3700"
"Importação ";" 2016";"76169900";"Outras obras de alumínio";"Pará";"35209";"22262"
"Importação ";" 2016";"74199100";"Outras obras de cobre, vazadas, moldadas, estampadas ou forjadas, mas não trabalhadas de outro modo";"Santa Catarina";"28258";"4052"
"Importação ";" 2016";"75089090";"Outras obras de níquel";"Rio Grande do Sul";"24724";"36"
"Importação ";" 2016";"75089090";"Outras obras de níquel";"Pernambuco";"19140";"18"
"Importação ";" 2016";"74199100";"Outras obras de cobre, vazadas, moldadas, estampadas ou forjadas, mas não trabalhadas de outro modo";"Paraná";"18951";"812"
"Importação ";" 2016";"78060090";"Outras obras de chumbo";"Goiás";"18921";"7081"
"Importação ";" 2016";"76169900";"Outras obras de alumínio";"Maranhão";"14440";"4125"
"Importação ";" 2016";"75089090";"Outras obras de níquel";"Espírito Santo";"11631";"24"
"Importação ";" 2016";"76169900";"Outras obras de alumínio";"Mato Grosso";"11237";"259"
"Importação ";" 2016";"76169900";"Outras obras de alumínio";"Amapá";"10761";"1032"
"Importação ";" 2016";"76169900";"Outras obras de alumínio";"Mato Grosso do Sul";"10234";"845"
"Importação ";" 2016";"80070090";"Outras obras de estanho";"Rio de Janeiro";"10166";"55"
"Importação ";" 2016";"79070090";"Outras obras de zinco";"Mato Grosso";"6953";"1365"
"Importação ";" 2016";"74199100";"Outras obras de cobre, vazadas, moldadas, estampadas ou forjadas, mas não trabalhadas de outro modo";"Amazonas";"6004";"166"
"Importação ";" 2016";"78060090";"Outras obras de chumbo";"Espírito Santo";"5692";"6000"
"Importação ";" 2016";"75089090";"Outras obras de níquel";"Sergipe";"5052";"13"
"Importação ";" 2016";"79070090";"Outras obras de zinco";"Pernambuco";"4834";"699"
"Importação ";" 2016";"75089090";"Outras obras de níquel";"Mato Grosso do Sul";"4722";"6"
"Importação ";" 2016";"74199100";"Outras obras de cobre, vazadas, moldadas, estampadas ou forjadas, mas não trabalhadas de outro modo";"Rio Grande do Sul";"4716";"192"
"Importação ";" 2016";"76169900";"Outras obras de alumínio";"Tocantins";"4497";"281"
"Importação ";" 2016";"76169900";"Outras obras de alumínio";"Rio Grande do Norte";"3975";"715"
"Importação ";" 2016";"76169900";"Outras obras de alumínio";"Piauí";"3807";"1356"
"Importação ";" 2016";"78060090";"Outras obras de chumbo";"Paraná";"3403";"324"
"Importação ";" 2016";"79070090";"Outras obras de zinco";"Maranhão";"3288";"3"
"Importação ";" 2016";"80070090";"Outras obras de estanho";"Minas Gerais";"2759";"13"
"Importação ";" 2016";"75089090";"Outras obras de níquel";"Alagoas";"2674";"2"
"Importação ";" 2016";"76169900";"Outras obras de alumínio";"Alagoas";"2540";"1437"
"Importação ";" 2016";"76169900";"Outras obras de alumínio";"Sergipe";"1842";"8"
"Importação ";" 2016";"79070090";"Outras obras de zinco";"Bahia";"1654";"46"
"Importação ";" 2016";"75089090";"Outras obras de níquel";"Santa Catarina";"1482";"20"
"Importação ";" 2016";"78060090";"Outras obras de chumbo";"Minas Gerais";"498";"1"
"Importação ";" 2016";"78060090";"Outras obras de chumbo";"Sergipe";"336";"19"
"Importação ";" 2016";"78060090";"Outras obras de chumbo";"Bahia";"334";"0"
"Importação ";" 2016";"80070090";"Outras obras de estanho";"Ceará";"280";"39"
"Importação ";" 2016";"78060090";"Outras obras de chumbo";"Amazonas";"198";"1"
"Importação ";" 2016";"74199100";"Outras obras de cobre, vazadas, moldadas, estampadas ou forjadas, mas não trabalhadas de outro modo";"Bahia";"126";"0"
"Importação ";" 2016";"75089090";"Outras obras de níquel";"Rio Grande do Norte";"106";"2"
"Importação ";" 2016";"79070090";"Outras obras de zinco";"Distrito Federal";"90";"14"
"Importação ";" 2016";"74199100";"Outras obras de cobre, vazadas, moldadas, estampadas ou forjadas, mas não trabalhadas de outro modo";"Paraíba";"73";"7"
"Importação ";" 2016";"78060090";"Outras obras de chumbo";"Rio Grande do Sul";"49";"1"
"Importação ";" 2016";"78060090";"Outras obras de chumbo";"Pará";"43";"0"
"Importação ";" 2016";"79070090";"Outras obras de zinco";"Rondônia";"41";"1"
"Importação ";" 2016";"74199100";"Outras obras de cobre, vazadas, moldadas, estampadas ou forjadas, mas não trabalhadas de outro modo";"Ceará";"13";"4"
"Exportação ";" 2015";"76169900";"Outras obras de alumínio";"São Paulo";"19958560";"1623291"
"Exportação ";" 2015";"76169900";"Outras obras de alumínio";"Mercadoria Nacionalizada";"2441977";"45503"
"Exportação ";" 2015";"76169900";"Outras obras de alumínio";"Rio Grande do Sul";"1318392";"136634"
"Exportação ";" 2015";"76169900";"Outras obras de alumínio";"Minas Gerais";"1258623";"165046"
"Exportação ";" 2015";"79070090";"Outras obras de zinco";"São Paulo";"952752";"131240"
"Exportação ";" 2015";"76169900";"Outras obras de alumínio";"Santa Catarina";"931796";"88954"
"Exportação ";" 2015";"76169900";"Outras obras de alumínio";"Paraná";"643677";"42101"
"Exportação ";" 2015";"78060090";"Outras obras de chumbo";"Reexportação";"625000";"27197"
"Exportação ";" 2015";"76169900";"Outras obras de alumínio";"Não Declarada";"491048";"17572"
"Exportação ";" 2015";"76169900";"Outras obras de alumínio";"Rio de Janeiro";"435660";"26771"
"Exportação ";" 2015";"75089090";"Outras obras de níquel";"São Paulo";"356658";"1413"
"Exportação ";" 2015";"75089090";"Outras obras de níquel";"Mercadoria Nacionalizada";"352539";"241"
"Exportação ";" 2015";"78060090";"Outras obras de chumbo";"São Paulo";"282228";"57542"
"Exportação ";" 2015";"76169900";"Outras obras de alumínio";"Bahia";"174089";"1970"
"Exportação ";" 2015";"79070090";"Outras obras de zinco";"Rio Grande do Sul";"160404";"19771"
"Exportação ";" 2015";"76169900";"Outras obras de alumínio";"Reexportação";"157666";"716"
"Exportação ";" 2015";"79070090";"Outras obras de zinco";"Rio de Janeiro";"126745";"23838"
"Exportação ";" 2015";"78060090";"Outras obras de chumbo";"Amazonas";"113409";"11975"
"Exportação ";" 2015";"75089090";"Outras obras de níquel";"Espírito Santo";"78448";"106"
"Exportação ";" 2015";"79070090";"Outras obras de zinco";"Minas Gerais";"62239";"2732"
"Exportação ";" 2015";"76169900";"Outras obras de alumínio";"Distrito Federal";"49006";"1047"
"Exportação ";" 2015";"80070090";"Outras obras de estanho";"Minas Gerais";"44607";"470"
"Exportação ";" 2015";"75089090";"Outras obras de níquel";"Rio de Janeiro";"43924";"111"
"Exportação ";" 2015";"75089090";"Outras obras de níquel";"Não Declarada";"38666";"78"
"Exportação ";" 2015";"79070090";"Outras obras de zinco";"Santa Catarina";"38593";"1463"
"Exportação ";" 2015";"74199100";"Outras obras de cobre, vazadas, moldadas, estampadas ou forjadas, mas não trabalhadas de outro modo";"Rio Grande do Sul";"37589";"1356"
"Exportação ";" 2015";"78060090";"Outras obras de chumbo";"Minas Gerais";"29377";"7101"
"Exportação ";" 2015";"76169900";"Outras obras de alumínio";"Mato Grosso do Sul";"28314";"7098"
"Exportação ";" 2015";"74199100";"Outras obras de cobre, vazadas, moldadas, estampadas ou forjadas, mas não trabalhadas de outro modo";"São Paulo";"24535";"896"
"Exportação ";" 2015";"74199100";"Outras obras de cobre, vazadas, moldadas, estampadas ou forjadas, mas não trabalhadas de outro modo";"Não Declarada";"20037";"1100"
"Exportação ";" 2015";"75089090";"Outras obras de níquel";"Paraná";"18290";"40"
"Exportação ";" 2015";"78060090";"Outras obras de chumbo";"Paraná";"16149";"2634"
"Exportação ";" 2015";"75089090";"Outras obras de níquel";"Rio Grande do Sul";"14864";"1137"
"Exportação ";" 2015";"79070090";"Outras obras de zinco";"Mercadoria Nacionalizada";"14253";"2548"
"Exportação ";" 2015";"79070090";"Outras obras de zinco";"Paraná";"8124";"523"
"Exportação ";" 2015";"79070090";"Outras obras de zinco";"Mato Grosso do Sul";"6607";"2215"
"Exportação ";" 2015";"76169900";"Outras obras de alumínio";"Goiás";"4215";"84"
"Exportação ";" 2015";"78060090";"Outras obras de chumbo";"Bahia";"4215";"50"
"Exportação ";" 2015";"80070090";"Outras obras de estanho";"Paraná";"4000";"200"
"Exportação ";" 2015";"76169900";"Outras obras de alumínio";"Pernambuco";"3730";"341"
"Exportação ";" 2015";"78060090";"Outras obras de chumbo";"Rio de Janeiro";"3475";"4355"
"Exportação ";" 2015";"79070090";"Outras obras de zinco";"Não Declarada";"3121";"391"
"Exportação ";" 2015";"75089090";"Outras obras de níquel";"Santa Catarina";"2843";"7"
"Exportação ";" 2015";"80070090";"Outras obras de estanho";"Rio de Janeiro";"1758";"9"
"Exportação ";" 2015";"76169900";"Outras obras de alumínio";"Consumo de Bordo";"1749";"151"
"Exportação ";" 2015";"74199100";"Outras obras de cobre, vazadas, moldadas, estampadas ou forjadas, mas não trabalhadas de outro modo";"Paraná";"1102";"90"
"Exportação ";" 2015";"76169900";"Outras obras de alumínio";"Amazonas";"1050";"24"
"Exportação ";" 2015";"78060090";"Outras obras de chumbo";"Mercadoria Nacionalizada";"881";"6"
"Exportação ";" 2015";"74199100";"Outras obras de cobre, vazadas, moldadas, estampadas ou forjadas, mas não trabalhadas de outro modo";"Santa Catarina";"514";"20"
"Exportação ";" 2015";"76169900";"Outras obras de alumínio";"Piauí";"459";"59"
"Exportação ";" 2015";"74199100";"Outras obras de cobre, vazadas, moldadas, estampadas ou forjadas, mas não trabalhadas de outro modo";"Mercadoria Nacionalizada";"418";"27"
"Exportação ";" 2015";"74199100";"Outras obras de cobre, vazadas, moldadas, estampadas ou forjadas, mas não trabalhadas de outro modo";"Mato Grosso do Sul";"207";"1092"
"Exportação ";" 2015";"74199100";"Outras obras de cobre, vazadas, moldadas, estampadas ou forjadas, mas não trabalhadas de outro modo";"Minas Gerais";"188";"1"
"Exportação ";" 2015";"76169900";"Outras obras de alumínio";"Maranhão";"172";"19"
"Exportação ";" 2015";"78060090";"Outras obras de chumbo";"Santa Catarina";"108";"1"
"Exportação ";" 2015";"76169900";"Outras obras de alumínio";"Espírito Santo";"29";"1"
"Exportação ";" 2015";"79070090";"Outras obras de zinco";"Amazonas";"14";"1"
"Exportação ";" 2015";"79070090";"Outras obras de zinco";"Goiás";"5";"1"
"Exportação ";" 2015";"78060090";"Outras obras de chumbo";"Rio Grande do Sul";"2";"0"
"Exportação ";" 2015";"78060090";"Outras obras de chumbo";"Não Declarada";"2";"0"
"Importação ";" 2015";"76169900";"Outras obras de alumínio";"São Paulo";"118534237";"5824983"
"Importação ";" 2015";"75089090";"Outras obras de níquel";"Rio de Janeiro";"10857590";"28685"
"Importação ";" 2015";"75089090";"Outras obras de níquel";"São Paulo";"9669067";"18672"
"Importação ";" 2015";"76169900";"Outras obras de alumínio";"Paraná";"9301779";"911154"
"Importação ";" 2015";"76169900";"Outras obras de alumínio";"Minas Gerais";"8194089";"326520"
"Importação ";" 2015";"76169900";"Outras obras de alumínio";"Santa Catarina";"6849902";"1212204"
"Importação ";" 2015";"76169900";"Outras obras de alumínio";"Rio Grande do Sul";"6374806";"1369295"
"Importação ";" 2015";"76169900";"Outras obras de alumínio";"Rio de Janeiro";"5213201";"239064"
"Importação ";" 2015";"76169900";"Outras obras de alumínio";"Amazonas";"3564980";"225302"
"Importação ";" 2015";"79070090";"Outras obras de zinco";"São Paulo";"3099372";"258453"
"Importação ";" 2015";"78060090";"Outras obras de chumbo";"São Paulo";"2104075";"681655"
"Importação ";" 2015";"76169900";"Outras obras de alumínio";"Pernambuco";"2075837";"358735"
"Importação ";" 2015";"79070090";"Outras obras de zinco";"Santa Catarina";"1705619";"470986"
"Importação ";" 2015";"79070090";"Outras obras de zinco";"Paraná";"1702621";"275136"
"Importação ";" 2015";"75089090";"Outras obras de níquel";"Amazonas";"778838";"36566"
"Importação ";" 2015";"79070090";"Outras obras de zinco";"Rio de Janeiro";"681619";"27502"
"Importação ";" 2015";"76169900";"Outras obras de alumínio";"Bahia";"669669";"35534"
"Importação ";" 2015";"75089090";"Outras obras de níquel";"Paraná";"577553";"3655"
"Importação ";" 2015";"76169900";"Outras obras de alumínio";"Ceará";"544576";"53771"
"Importação ";" 2015";"79070090";"Outras obras de zinco";"Rio Grande do Sul";"417406";"23669"
"Importação ";" 2015";"74199100";"Outras obras de cobre, vazadas, moldadas, estampadas ou forjadas, mas não trabalhadas de outro modo";"Rio de Janeiro";"400558";"7607"
"Importação ";" 2015";"79070090";"Outras obras de zinco";"Espírito Santo";"380726";"70415"
"Importação ";" 2015";"74199100";"Outras obras de cobre, vazadas, moldadas, estampadas ou forjadas, mas não trabalhadas de outro modo";"Espírito Santo";"358778";"26817"
"Importação ";" 2015";"76169900";"Outras obras de alumínio";"Goiás";"337205";"32997"
"Importação ";" 2015";"80070090";"Outras obras de estanho";"São Paulo";"316044";"16462"
"Importação ";" 2015";"76169900";"Outras obras de alumínio";"Espírito Santo";"290189";"33737"
"Importação ";" 2015";"79070090";"Outras obras de zinco";"Amazonas";"230079";"11479"
"Importação ";" 2015";"78060090";"Outras obras de chumbo";"Rio de Janeiro";"217214";"1369"
"Importação ";" 2015";"79070090";"Outras obras de zinco";"Goiás";"203353";"25156"
"Importação ";" 2015";"74199100";"Outras obras de cobre, vazadas, moldadas, estampadas ou forjadas, mas não trabalhadas de outro modo";"São Paulo";"201666";"7454"
"Importação ";" 2015";"74199100";"Outras obras de cobre, vazadas, moldadas, estampadas ou forjadas, mas não trabalhadas de outro modo";"Santa Catarina";"201056";"27054"
"Importação ";" 2015";"76169900";"Outras obras de alumínio";"Pará";"188301";"17536"
"Importação ";" 2015";"75089090";"Outras obras de níquel";"Mato Grosso";"140208";"30"
"Importação ";" 2015";"80070090";"Outras obras de estanho";"Santa Catarina";"138191";"39346"
"Importação ";" 2015";"74199100";"Outras obras de cobre, vazadas, moldadas, estampadas ou forjadas, mas não trabalhadas de outro modo";"Minas Gerais";"135911";"2984"
"Importação ";" 2015";"76169900";"Outras obras de alumínio";"Rondônia";"131987";"26589"
"Importação ";" 2015";"76169900";"Outras obras de alumínio";"Distrito Federal";"127260";"2690"
"Importação ";" 2015";"75089090";"Outras obras de níquel";"Alagoas";"121659";"1175"
"Importação ";" 2015";"75089090";"Outras obras de níquel";"Minas Gerais";"108071";"521"
"Importação ";" 2015";"75089090";"Outras obras de níquel";"Bahia";"102903";"336"
"Importação ";" 2015";"79070090";"Outras obras de zinco";"Minas Gerais";"92520";"11203"
"Importação ";" 2015";"78060090";"Outras obras de chumbo";"Ceará";"74684";"1727"
"Importação ";" 2015";"75089090";"Outras obras de níquel";"Espírito Santo";"68649";"118"
"Importação ";" 2015";"75089090";"Outras obras de níquel";"Ceará";"61560";"31"
"Importação ";" 2015";"75089090";"Outras obras de níquel";"Maranhão";"58022";"1316"
"Importação ";" 2015";"76169900";"Outras obras de alumínio";"Amapá";"56594";"1701"
"Importação ";" 2015";"79070090";"Outras obras de zinco";"Bahia";"54947";"5157"
"Importação ";" 2015";"75089090";"Outras obras de níquel";"Rio Grande do Sul";"45244";"75"
"Importação ";" 2015";"79070090";"Outras obras de zinco";"Mato Grosso do Sul";"42551";"6870"
"Importação ";" 2015";"76169900";"Outras obras de alumínio";"Paraíba";"40638";"8585"
"Importação ";" 2015";"79070090";"Outras obras de zinco";"Pernambuco";"37816";"12035"
"Importação ";" 2015";"76169900";"Outras obras de alumínio";"Maranhão";"35163";"6186"
"Importação ";" 2015";"78060090";"Outras obras de chumbo";"Santa Catarina";"34249";"4927"
"Importação ";" 2015";"80070090";"Outras obras de estanho";"Amazonas";"33591";"9"
"Importação ";" 2015";"80070090";"Outras obras de estanho";"Rio Grande do Sul";"30209";"649"
"Importação ";" 2015";"78060090";"Outras obras de chumbo";"Pernambuco";"28190";"8172"
"Importação ";" 2015";"76169900";"Outras obras de alumínio";"Alagoas";"27094";"1263"
"Importação ";" 2015";"76169900";"Outras obras de alumínio";"Rio Grande do Norte";"26506";"3709"
"Importação ";" 2015";"74199100";"Outras obras de cobre, vazadas, moldadas, estampadas ou forjadas, mas não trabalhadas de outro modo";"Paraná";"26138";"1250"
"Importação ";" 2015";"80070090";"Outras obras de estanho";"Rio de Janeiro";"19537";"59"
"Importação ";" 2015";"79070090";"Outras obras de zinco";"Alagoas";"18194";"1854"
"Importação ";" 2015";"74199100";"Outras obras de cobre, vazadas, moldadas, estampadas ou forjadas, mas não trabalhadas de outro modo";"Goiás";"17729";"48"
"Importação ";" 2015";"76169900";"Outras obras de alumínio";"Mato Grosso do Sul";"15777";"795"
"Importação ";" 2015";"80070090";"Outras obras de estanho";"Paraná";"13416";"359"
"Importação ";" 2015";"78060090";"Outras obras de chumbo";"Paraná";"12182";"2102"
"Importação ";" 2015";"75089090";"Outras obras de níquel";"Pernambuco";"10469";"171"
"Importação ";" 2015";"78060090";"Outras obras de chumbo";"Goiás";"10326";"4670"
"Importação ";" 2015";"74199100";"Outras obras de cobre, vazadas, moldadas, estampadas ou forjadas, mas não trabalhadas de outro modo";"Amazonas";"9653";"96"
"Importação ";" 2015";"75089090";"Outras obras de níquel";"Santa Catarina";"9158";"612"
"Importação ";" 2015";"79070090";"Outras obras de zinco";"Ceará";"8208";"1418"
"Importação ";" 2015";"75089090";"Outras obras de níquel";"Rio Grande do Norte";"7490";"61"
"Importação ";" 2015";"74199100";"Outras obras de cobre, vazadas, moldadas, estampadas ou forjadas, mas não trabalhadas de outro modo";"Rio Grande do Sul";"6806";"389"
"Importação ";" 2015";"78060090";"Outras obras de chumbo";"Minas Gerais";"5739";"9"
"Importação ";" 2015";"76169900";"Outras obras de alumínio";"Piauí";"5639";"2934"
"Importação ";" 2015";"75089090";"Outras obras de níquel";"Sergipe";"4264";"9"
"Importação ";" 2015";"78060090";"Outras obras de chumbo";"Rio Grande do Norte";"3300";"100"
"Importação ";" 2015";"76169900";"Outras obras de alumínio";"Sergipe";"2327";"46"
"Importação ";" 2015";"79070090";"Outras obras de zinco";"Rio Grande do Norte";"2234";"51"
"Importação ";" 2015";"74199100";"Outras obras de cobre, vazadas, moldadas, estampadas ou forjadas, mas não trabalhadas de outro modo";"Bahia";"1918";"8"
"Importação ";" 2015";"78060090";"Outras obras de chumbo";"Amazonas";"1774";"10"
"Importação ";" 2015";"76169900";"Outras obras de alumínio";"Mato Grosso";"1124";"42"
"Importação ";" 2015";"78060090";"Outras obras de chumbo";"Espírito Santo";"671";"87"
"Importação ";" 2015";"74199100";"Outras obras de cobre, vazadas, moldadas, estampadas ou forjadas, mas não trabalhadas de outro modo";"Pernambuco";"545";"0"
"Importação ";" 2015";"76169900";"Outras obras de alumínio";"Acre";"499";"24"
"Importação ";" 2015";"76169900";"Outras obras de alumínio";"Roraima";"271";"109"
"Importação ";" 2015";"79070090";"Outras obras de zinco";"Pará";"194";"0"
"Importação ";" 2015";"78060090";"Outras obras de chumbo";"Rio Grande do Sul";"180";"1"
"Importação ";" 2015";"76169900";"Outras obras de alumínio";"Exterior";"91";"13"
"Importação ";" 2015";"78060090";"Outras obras de chumbo";"Bahia";"90";"1"
"Importação ";" 2015";"80070090";"Outras obras de estanho";"Minas Gerais";"79";"0"
"Importação ";" 2015";"80070090";"Outras obras de estanho";"Amapá";"28";"1"
"Importação ";" 2015";"74199100";"Outras obras de cobre, vazadas, moldadas, estampadas ou forjadas, mas não trabalhadas de outro modo";"Mato Grosso do Sul";"4";"1"
"Importação ";" 2015";"78060090";"Outras obras de chumbo";"Sergipe";"4";"0"
"Importação ";" 2015";"79070090";"Outras obras de zinco";"Rondônia";"0";"1"
"Exportação ";" 2014";"76169900";"Outras obras de alumínio";"São Paulo";"39935184";"6680992"
"Exportação ";" 2014";"76169900";"Outras obras de alumínio";"Mercadoria Nacionalizada";"4490738";"80896"
"Exportação ";" 2014";"76169900";"Outras obras de alumínio";"Zona Não Declarada";"1771305";"22170"
"Exportação ";" 2014";"76169900";"Outras obras de alumínio";"Minas Gerais";"1273891";"168444"
"Exportação ";" 2014";"76169900";"Outras obras de alumínio";"Rio Grande do Sul";"1079136";"93521"
"Exportação ";" 2014";"76169900";"Outras obras de alumínio";"Paraná";"974453";"70650"
"Exportação ";" 2014";"75089090";"Outras obras de níquel";"São Paulo";"845772";"775"
"Exportação ";" 2014";"79070090";"Outras obras de zinco";"São Paulo";"820108";"110857"
"Exportação ";" 2014";"76169900";"Outras obras de alumínio";"Santa Catarina";"670921";"54899"
"Exportação ";" 2014";"78060090";"Outras obras de chumbo";"São Paulo";"395939";"70341"
"Exportação ";" 2014";"78060090";"Outras obras de chumbo";"Reexportação";"375630";"16354"
"Exportação ";" 2014";"75089090";"Outras obras de níquel";"Mercadoria Nacionalizada";"284289";"128"
"Exportação ";" 2014";"76169900";"Outras obras de alumínio";"Rio de Janeiro";"278886";"9548"
"Exportação ";" 2014";"76169900";"Outras obras de alumínio";"Não Declarada";"195767";"6352"
"Exportação ";" 2014";"78060090";"Outras obras de chumbo";"Amazonas";"190937";"15900"
"Exportação ";" 2014";"75089090";"Outras obras de níquel";"Não Declarada";"139923";"100"
"Exportação ";" 2014";"79070090";"Outras obras de zinco";"Rio Grande do Sul";"132800";"36012"
"Exportação ";" 2014";"76169900";"Outras obras de alumínio";"Bahia";"131315";"1180"
"Exportação ";" 2014";"75089090";"Outras obras de níquel";"Zona Não Declarada";"75950";"306"
"Exportação ";" 2014";"79070090";"Outras obras de zinco";"Minas Gerais";"75639";"6166"
"Exportação ";" 2014";"75089090";"Outras obras de níquel";"Rio Grande do Sul";"71923";"2386"
"Exportação ";" 2014";"79070090";"Outras obras de zinco";"Zona Não Declarada";"68893";"3154"
"Exportação ";" 2014";"79070090";"Outras obras de zinco";"Rio de Janeiro";"65948";"17416"
"Exportação ";" 2014";"76169900";"Outras obras de alumínio";"Reexportação";"54432";"550"
"Exportação ";" 2014";"78060090";"Outras obras de chumbo";"Minas Gerais";"37409";"7234"
"Exportação ";" 2014";"78060090";"Outras obras de chumbo";"Mercadoria Nacionalizada";"27589";"2057"
"Exportação ";" 2014";"79070090";"Outras obras de zinco";"Santa Catarina";"25468";"1929"
"Exportação ";" 2014";"80070090";"Outras obras de estanho";"Minas Gerais";"23567";"224"
"Exportação ";" 2014";"74199100";"Outras obras de cobre, vazadas, moldadas, estampadas ou forjadas, mas não trabalhadas de outro modo";"Zona Não Declarada";"17843";"1331"
"Exportação ";" 2014";"79070090";"Outras obras de zinco";"Paraná";"17557";"1163"
"Exportação ";" 2014";"74199100";"Outras obras de cobre, vazadas, moldadas, estampadas ou forjadas, mas não trabalhadas de outro modo";"Rio Grande do Sul";"14699";"367"
"Exportação ";" 2014";"76169900";"Outras obras de alumínio";"Distrito Federal";"14033";"236"
"Exportação ";" 2014";"76169900";"Outras obras de alumínio";"Mato Grosso do Sul";"13943";"2143"
"Exportação ";" 2014";"78060090";"Outras obras de chumbo";"Bahia";"13190";"213"
"Exportação ";" 2014";"74199100";"Outras obras de cobre, vazadas, moldadas, estampadas ou forjadas, mas não trabalhadas de outro modo";"Santa Catarina";"12105";"770"
"Exportação ";" 2014";"74199100";"Outras obras de cobre, vazadas, moldadas, estampadas ou forjadas, mas não trabalhadas de outro modo";"São Paulo";"12049";"472"
"Exportação ";" 2014";"79070090";"Outras obras de zinco";"Mato Grosso do Sul";"10476";"1088"
"Exportação ";" 2014";"78060090";"Outras obras de chumbo";"Paraná";"9866";"2688"
"Exportação ";" 2014";"75089090";"Outras obras de níquel";"Rio de Janeiro";"9038";"18"
"Exportação ";" 2014";"75089090";"Outras obras de níquel";"Paraná";"8581";"22"
"Exportação ";" 2014";"74199100";"Outras obras de cobre, vazadas, moldadas, estampadas ou forjadas, mas não trabalhadas de outro modo";"Paraná";"6394";"55"
"Exportação ";" 2014";"75089090";"Outras obras de níquel";"Santa Catarina";"5906";"61"
"Exportação ";" 2014";"74199100";"Outras obras de cobre, vazadas, moldadas, estampadas ou forjadas, mas não trabalhadas de outro modo";"Rio de Janeiro";"5862";"128"
"Exportação ";" 2014";"79070090";"Outras obras de zinco";"Não Declarada";"3051";"331"
"Exportação ";" 2014";"80070090";"Outras obras de estanho";"Zona Não Declarada";"2522";"2"
"Exportação ";" 2014";"76169900";"Outras obras de alumínio";"Amazonas";"1503";"128"
"Exportação ";" 2014";"76169900";"Outras obras de alumínio";"Pernambuco";"1350";"31"
"Exportação ";" 2014";"78060090";"Outras obras de chumbo";"Sergipe";"1300";"25"
"Exportação ";" 2014";"78060090";"Outras obras de chumbo";"Zona Não Declarada";"1055";"5"
"Exportação ";" 2014";"75089090";"Outras obras de níquel";"Minas Gerais";"963";"23"
"Exportação ";" 2014";"74199100";"Outras obras de cobre, vazadas, moldadas, estampadas ou forjadas, mas não trabalhadas de outro modo";"Mercadoria Nacionalizada";"955";"15"
"Exportação ";" 2014";"78060090";"Outras obras de chumbo";"Rio de Janeiro";"818";"114"
"Exportação ";" 2014";"78060090";"Outras obras de chumbo";"Não Declarada";"620";"19"
"Exportação ";" 2014";"79070090";"Outras obras de zinco";"Mercadoria Nacionalizada";"611";"13"
"Exportação ";" 2014";"76169900";"Outras obras de alumínio";"Rondônia";"593";"49"
"Exportação ";" 2014";"76169900";"Outras obras de alumínio";"Espírito Santo";"443";"6"
"Exportação ";" 2014";"79070090";"Outras obras de zinco";"Goiás";"427";"59"
"Exportação ";" 2014";"80070090";"Outras obras de estanho";"São Paulo";"30";"2"
"Exportação ";" 2014";"76169900";"Outras obras de alumínio";"Acre";"20";"10"
"Importação ";" 2014";"76169900";"Outras obras de alumínio";"São Paulo";"124765255";"4884990"
"Importação ";" 2014";"76169900";"Outras obras de alumínio";"Paraná";"12161961";"1406146"
"Importação ";" 2014";"76169900";"Outras obras de alumínio";"Rio Grande do Sul";"9561543";"1970859"
"Importação ";" 2014";"76169900";"Outras obras de alumínio";"Minas Gerais";"9242434";"324073"
"Importação ";" 2014";"76169900";"Outras obras de alumínio";"Santa Catarina";"8600908";"1654091"
"Importação ";" 2014";"75089090";"Outras obras de níquel";"Rio de Janeiro";"8243844";"24487"
"Importação ";" 2014";"75089090";"Outras obras de níquel";"São Paulo";"7006262";"21328"
"Importação ";" 2014";"76169900";"Outras obras de alumínio";"Pernambuco";"4968008";"345861"
"Importação ";" 2014";"76169900";"Outras obras de alumínio";"Amazonas";"4854411";"254030"
"Importação ";" 2014";"76169900";"Outras obras de alumínio";"Rio de Janeiro";"4385997";"229470"
"Importação ";" 2014";"78060090";"Outras obras de chumbo";"São Paulo";"4009122";"1039188"
"Importação ";" 2014";"79070090";"Outras obras de zinco";"Santa Catarina";"3177857";"878438"
"Importação ";" 2014";"79070090";"Outras obras de zinco";"São Paulo";"2091928";"186811"
"Importação ";" 2014";"79070090";"Outras obras de zinco";"Paraná";"2065654";"274482"
"Importação ";" 2014";"76169900";"Outras obras de alumínio";"Ceará";"1720096";"140059"
"Importação ";" 2014";"78060090";"Outras obras de chumbo";"Rio de Janeiro";"1213786";"79861"
"Importação ";" 2014";"74199100";"Outras obras de cobre, vazadas, moldadas, estampadas ou forjadas, mas não trabalhadas de outro modo";"São Paulo";"1086858";"49338"
"Importação ";" 2014";"76169900";"Outras obras de alumínio";"Bahia";"885489";"56008"
"Importação ";" 2014";"75089090";"Outras obras de níquel";"Paraná";"706526";"3982"
"Importação ";" 2014";"79070090";"Outras obras de zinco";"Rio Grande do Sul";"610639";"21966"
"Importação ";" 2014";"76169900";"Outras obras de alumínio";"Espírito Santo";"604189";"94953"
"Importação ";" 2014";"80070090";"Outras obras de estanho";"São Paulo";"584320";"23854"
"Importação ";" 2014";"75089090";"Outras obras de níquel";"Amazonas";"435109";"149"
"Importação ";" 2014";"79070090";"Outras obras de zinco";"Espírito Santo";"398965";"61516"
"Importação ";" 2014";"79070090";"Outras obras de zinco";"Rio de Janeiro";"287305";"8812"
"Importação ";" 2014";"76169900";"Outras obras de alumínio";"Goiás";"285870";"22102"
"Importação ";" 2014";"78060090";"Outras obras de chumbo";"Goiás";"274607";"78539"
"Importação ";" 2014";"79070090";"Outras obras de zinco";"Amazonas";"262353";"12297"
"Importação ";" 2014";"79070090";"Outras obras de zinco";"Goiás";"243951";"31744"
"Importação ";" 2014";"75089090";"Outras obras de níquel";"Maranhão";"235371";"4416"
"Importação ";" 2014";"76169900";"Outras obras de alumínio";"Distrito Federal";"230797";"19201"
"Importação ";" 2014";"75089090";"Outras obras de níquel";"Minas Gerais";"219407";"995"
"Importação ";" 2014";"75089090";"Outras obras de níquel";"Bahia";"204497";"1770"
"Importação ";" 2014";"78060090";"Outras obras de chumbo";"Santa Catarina";"183324";"21594"
"Importação ";" 2014";"79070090";"Outras obras de zinco";"Bahia";"172569";"11647"
"Importação ";" 2014";"76169900";"Outras obras de alumínio";"Rondônia";"147018";"17854"
"Importação ";" 2014";"80070090";"Outras obras de estanho";"Santa Catarina";"140337";"43866"
"Importação ";" 2014";"79070090";"Outras obras de zinco";"Minas Gerais";"122792";"11984"
"Importação ";" 2014";"74199100";"Outras obras de cobre, vazadas, moldadas, estampadas ou forjadas, mas não trabalhadas de outro modo";"Minas Gerais";"107096";"1937"
"Importação ";" 2014";"76169900";"Outras obras de alumínio";"Amapá";"57808";"1542"
"Importação ";" 2014";"78060090";"Outras obras de chumbo";"Bahia";"53527";"7070"
"Importação ";" 2014";"76169900";"Outras obras de alumínio";"Alagoas";"52980";"7686"
"Importação ";" 2014";"76169900";"Outras obras de alumínio";"Pará";"52646";"22285"
"Importação ";" 2014";"75089090";"Outras obras de níquel";"Rio Grande do Sul";"50022";"335"
"Importação ";" 2014";"80070090";"Outras obras de estanho";"Rio de Janeiro";"48856";"259"
"Importação ";" 2014";"75089090";"Outras obras de níquel";"Alagoas";"42117";"204"
"Importação ";" 2014";"79070090";"Outras obras de zinco";"Alagoas";"40748";"8638"
"Importação ";" 2014";"76169900";"Outras obras de alumínio";"Maranhão";"36931";"229"
"Importação ";" 2014";"74199100";"Outras obras de cobre, vazadas, moldadas, estampadas ou forjadas, mas não trabalhadas de outro modo";"Rio de Janeiro";"35526";"23156"
"Importação ";" 2014";"76169900";"Outras obras de alumínio";"Paraíba";"34252";"7945"
"Importação ";" 2014";"76169900";"Outras obras de alumínio";"Mato Grosso do Sul";"33919";"2847"
"Importação ";" 2014";"75089090";"Outras obras de níquel";"Mato Grosso";"32780";"38"
"Importação ";" 2014";"74199100";"Outras obras de cobre, vazadas, moldadas, estampadas ou forjadas, mas não trabalhadas de outro modo";"Rio Grande do Sul";"32405";"1680"
"Importação ";" 2014";"76169900";"Outras obras de alumínio";"Rio Grande do Norte";"29664";"3863"
"Importação ";" 2014";"74199100";"Outras obras de cobre, vazadas, moldadas, estampadas ou forjadas, mas não trabalhadas de outro modo";"Santa Catarina";"28013";"4133"
"Importação ";" 2014";"79070090";"Outras obras de zinco";"Rio Grande do Norte";"21876";"505"
"Importação ";" 2014";"78060090";"Outras obras de chumbo";"Pernambuco";"21500";"294"
"Importação ";" 2014";"78060090";"Outras obras de chumbo";"Paraná";"21267";"1159"
"Importação ";" 2014";"74199100";"Outras obras de cobre, vazadas, moldadas, estampadas ou forjadas, mas não trabalhadas de outro modo";"Amazonas";"16837";"220"
"Importação ";" 2014";"74199100";"Outras obras de cobre, vazadas, moldadas, estampadas ou forjadas, mas não trabalhadas de outro modo";"Paraná";"14068";"17964"
"Importação ";" 2014";"75089090";"Outras obras de níquel";"Santa Catarina";"10349";"594"
"Importação ";" 2014";"80070090";"Outras obras de estanho";"Paraná";"8796";"339"
"Importação ";" 2014";"75089090";"Outras obras de níquel";"Pernambuco";"7466";"242"
"Importação ";" 2014";"80070090";"Outras obras de estanho";"Rio Grande do Sul";"6082";"374"
"Importação ";" 2014";"75089090";"Outras obras de níquel";"Sergipe";"6022";"27"
"Importação ";" 2014";"78060090";"Outras obras de chumbo";"Alagoas";"5284";"260"
"Importação ";" 2014";"78060090";"Outras obras de chumbo";"Minas Gerais";"4499";"8"
"Importação ";" 2014";"76169900";"Outras obras de alumínio";"Acre";"3893";"529"
"Importação ";" 2014";"74199100";"Outras obras de cobre, vazadas, moldadas, estampadas ou forjadas, mas não trabalhadas de outro modo";"Espírito Santo";"3506";"213"
"Importação ";" 2014";"74199100";"Outras obras de cobre, vazadas, moldadas, estampadas ou forjadas, mas não trabalhadas de outro modo";"Bahia";"3238";"32"
"Importação ";" 2014";"76169900";"Outras obras de alumínio";"Piauí";"3062";"420"
"Importação ";" 2014";"79070090";"Outras obras de zinco";"Mato Grosso";"3005";"725"
"Importação ";" 2014";"79070090";"Outras obras de zinco";"Maranhão";"2649";"159"
"Importação ";" 2014";"80070090";"Outras obras de estanho";"Amazonas";"1675";"10"
"Importação ";" 2014";"80070090";"Outras obras de estanho";"Pará";"1595";"2"
"Importação ";" 2014";"76169900";"Outras obras de alumínio";"Roraima";"1382";"41"
"Importação ";" 2014";"75089090";"Outras obras de níquel";"Rio Grande do Norte";"1257";"78"
"Importação ";" 2014";"75089090";"Outras obras de níquel";"Espírito Santo";"1132";"43"
"Importação ";" 2014";"80070090";"Outras obras de estanho";"Espírito Santo";"874";"22"
"Importação ";" 2014";"76169900";"Outras obras de alumínio";"Mato Grosso";"866";"86"
"Importação ";" 2014";"79070090";"Outras obras de zinco";"Ceará";"802";"24"
"Importação ";" 2014";"80070090";"Outras obras de estanho";"Minas Gerais";"655";"66"
"Importação ";" 2014";"79070090";"Outras obras de zinco";"Paraíba";"648";"11"
"Importação ";" 2014";"79070090";"Outras obras de zinco";"Pernambuco";"636";"13"
"Importação ";" 2014";"78060090";"Outras obras de chumbo";"Amazonas";"594";"25"
"Importação ";" 2014";"75089090";"Outras obras de níquel";"Ceará";"411";"31"
"Importação ";" 2014";"78060090";"Outras obras de chumbo";"Rio Grande do Sul";"308";"4"
"Importação ";" 2014";"76169900";"Outras obras de alumínio";"Sergipe";"250";"15"
"Importação ";" 2014";"79070090";"Outras obras de zinco";"Mato Grosso do Sul";"85";"16"
"Importação ";" 2014";"76169900";"Outras obras de alumínio";"Tocantins";"80";"15"
"Exportação ";" 2013";"76169900";"Outras obras de alumínio";"São Paulo";"36709000";"5627600"
"Exportação ";" 2013";"76169900";"Outras obras de alumínio";"Mercadoria Nacionalizada";"3585375";"82272"
"Exportação ";" 2013";"76169900";"Outras obras de alumínio";"Zona Não Declarada";"2396220";"38958"
"Exportação ";" 2013";"76169900";"Outras obras de alumínio";"Minas Gerais";"1370233";"177376"
"Exportação ";" 2013";"76169900";"Outras obras de alumínio";"Paraná";"1304362";"119787"
"Exportação ";" 2013";"79070090";"Outras obras de zinco";"São Paulo";"1206525";"169772"
"Exportação ";" 2013";"76169900";"Outras obras de alumínio";"Rio Grande do Sul";"1167596";"101340"
"Exportação ";" 2013";"76169900";"Outras obras de alumínio";"Rio de Janeiro";"1042297";"14112"
"Exportação ";" 2013";"76169900";"Outras obras de alumínio";"Não Declarada";"744096";"13245"
"Exportação ";" 2013";"75089090";"Outras obras de níquel";"Mercadoria Nacionalizada";"575351";"246"
"Exportação ";" 2013";"76169900";"Outras obras de alumínio";"Santa Catarina";"438563";"27168"
"Exportação ";" 2013";"78060090";"Outras obras de chumbo";"São Paulo";"392868";"70069"
"Exportação ";" 2013";"78060090";"Outras obras de chumbo";"Amazonas";"236929";"20140"
"Exportação ";" 2013";"75089090";"Outras obras de níquel";"São Paulo";"214137";"175"
"Exportação ";" 2013";"79070090";"Outras obras de zinco";"Zona Não Declarada";"159341";"13178"
"Exportação ";" 2013";"79070090";"Outras obras de zinco";"Minas Gerais";"152951";"14867"
"Exportação ";" 2013";"75089090";"Outras obras de níquel";"Zona Não Declarada";"149930";"179"
"Exportação ";" 2013";"79070090";"Outras obras de zinco";"Rio de Janeiro";"128856";"27612"
"Exportação ";" 2013";"75089090";"Outras obras de níquel";"Rio Grande do Sul";"106537";"3598"
"Exportação ";" 2013";"76169900";"Outras obras de alumínio";"Reexportação";"100005";"75"
"Exportação ";" 2013";"74199100";"Outras obras de cobre, vazadas, moldadas, estampadas ou forjadas, mas não trabalhadas de outro modo";"São Paulo";"95994";"1493"
"Exportação ";" 2013";"76169900";"Outras obras de alumínio";"Bahia";"82842";"1015"
"Exportação ";" 2013";"76169900";"Outras obras de alumínio";"Espírito Santo";"77448";"386"
"Exportação ";" 2013";"79070090";"Outras obras de zinco";"Mercadoria Nacionalizada";"63247";"299"
"Exportação ";" 2013";"80070090";"Outras obras de estanho";"Minas Gerais";"62762";"560"
"Exportação ";" 2013";"79070090";"Outras obras de zinco";"Rio Grande do Sul";"55580";"4850"
"Exportação ";" 2013";"74199100";"Outras obras de cobre, vazadas, moldadas, estampadas ou forjadas, mas não trabalhadas de outro modo";"Zona Não Declarada";"52754";"2830"
"Exportação ";" 2013";"75089090";"Outras obras de níquel";"Paraná";"42733";"2774"
"Exportação ";" 2013";"75089090";"Outras obras de níquel";"Reexportação";"38049";"31"
"Exportação ";" 2013";"79070090";"Outras obras de zinco";"Santa Catarina";"36485";"2673"
"Exportação ";" 2013";"78060090";"Outras obras de chumbo";"Minas Gerais";"33974";"7394"
"Exportação ";" 2013";"74199100";"Outras obras de cobre, vazadas, moldadas, estampadas ou forjadas, mas não trabalhadas de outro modo";"Rio de Janeiro";"20079";"124"
"Exportação ";" 2013";"80070090";"Outras obras de estanho";"Santa Catarina";"16923";"20399"
"Exportação ";" 2013";"79070090";"Outras obras de zinco";"Paraná";"11741";"511"
"Exportação ";" 2013";"74199100";"Outras obras de cobre, vazadas, moldadas, estampadas ou forjadas, mas não trabalhadas de outro modo";"Paraná";"11389";"156"
"Exportação ";" 2013";"78060090";"Outras obras de chumbo";"Paraná";"9686";"2675"
"Exportação ";" 2013";"76169900";"Outras obras de alumínio";"Mato Grosso do Sul";"8350";"1213"
"Exportação ";" 2013";"75089090";"Outras obras de níquel";"Não Declarada";"7934";"4"
"Exportação ";" 2013";"75089090";"Outras obras de níquel";"Rio de Janeiro";"7315";"10"
"Exportação ";" 2013";"80070090";"Outras obras de estanho";"Zona Não Declarada";"6984";"42"
"Exportação ";" 2013";"78060090";"Outras obras de chumbo";"Não Declarada";"6809";"44"
"Exportação ";" 2013";"76169900";"Outras obras de alumínio";"Sergipe";"5893";"169"
"Exportação ";" 2013";"75089090";"Outras obras de níquel";"Santa Catarina";"3449";"42"
"Exportação ";" 2013";"78060090";"Outras obras de chumbo";"Zona Não Declarada";"3266";"239"
"Exportação ";" 2013";"74199100";"Outras obras de cobre, vazadas, moldadas, estampadas ou forjadas, mas não trabalhadas de outro modo";"Rio Grande do Sul";"3156";"93"
"Exportação ";" 2013";"74199100";"Outras obras de cobre, vazadas, moldadas, estampadas ou forjadas, mas não trabalhadas de outro modo";"Santa Catarina";"2610";"100"
"Exportação ";" 2013";"76169900";"Outras obras de alumínio";"Ceará";"2491";"245"
"Exportação ";" 2013";"78060090";"Outras obras de chumbo";"Mercadoria Nacionalizada";"1699";"6"
"Exportação ";" 2013";"76169900";"Outras obras de alumínio";"Pernambuco";"1583";"21"
"Exportação ";" 2013";"76169900";"Outras obras de alumínio";"Rondônia";"821";"41"
"Exportação ";" 2013";"80070090";"Outras obras de estanho";"São Paulo";"751";"67"
"Exportação ";" 2013";"78060090";"Outras obras de chumbo";"Rio de Janeiro";"684";"249"
"Exportação ";" 2013";"79070090";"Outras obras de zinco";"Goiás";"499";"32"
"Exportação ";" 2013";"79070090";"Outras obras de zinco";"Mato Grosso do Sul";"486";"5"
"Exportação ";" 2013";"75089090";"Outras obras de níquel";"Ceará";"196";"7"
"Exportação ";" 2013";"74199100";"Outras obras de cobre, vazadas, moldadas, estampadas ou forjadas, mas não trabalhadas de outro modo";"Não Declarada";"92";"1"
"Exportação ";" 2013";"79070090";"Outras obras de zinco";"Não Declarada";"76";"17"
"Exportação ";" 2013";"76169900";"Outras obras de alumínio";"Distrito Federal";"55";"3"
"Exportação ";" 2013";"78060090";"Outras obras de chumbo";"Rio Grande do Sul";"37";"0"
"Exportação ";" 2013";"76169900";"Outras obras de alumínio";"Amazonas";"13";"1"
"Exportação ";" 2013";"74199100";"Outras obras de cobre, vazadas, moldadas, estampadas ou forjadas, mas não trabalhadas de outro modo";"Minas Gerais";"10";"0"
"Importação ";" 2013";"76169900";"Outras obras de alumínio";"São Paulo";"126469038";"4959939"
"Importação ";" 2013";"76169900";"Outras obras de alumínio";"Paraná";"8975082";"1197132"
"Importação ";" 2013";"76169900";"Outras obras de alumínio";"Santa Catarina";"8381678";"1543459"
"Importação ";" 2013";"76169900";"Outras obras de alumínio";"Minas Gerais";"8308197";"337313"
"Importação ";" 2013";"76169900";"Outras obras de alumínio";"Rio Grande do Sul";"7100189";"1164051"
"Importação ";" 2013";"75089090";"Outras obras de níquel";"Rio de Janeiro";"5575910";"31749"
"Importação ";" 2013";"75089090";"Outras obras de níquel";"São Paulo";"4784253";"25211"
"Importação ";" 2013";"76169900";"Outras obras de alumínio";"Amazonas";"4272151";"300571"
"Importação ";" 2013";"76169900";"Outras obras de alumínio";"Pernambuco";"3941437";"633728"
"Importação ";" 2013";"76169900";"Outras obras de alumínio";"Rio de Janeiro";"3723980";"186430"
"Importação ";" 2013";"76169900";"Outras obras de alumínio";"Ceará";"2770948";"218961"
"Importação ";" 2013";"74199100";"Outras obras de cobre, vazadas, moldadas, estampadas ou forjadas, mas não trabalhadas de outro modo";"São Paulo";"2613186";"141976"
"Importação ";" 2013";"79070090";"Outras obras de zinco";"São Paulo";"2566916";"307348"
"Importação ";" 2013";"79070090";"Outras obras de zinco";"Paraná";"2466054";"287682"
"Importação ";" 2013";"79070090";"Outras obras de zinco";"Santa Catarina";"1741683";"192717"
"Importação ";" 2013";"76169900";"Outras obras de alumínio";"Espírito Santo";"1341550";"250366"
"Importação ";" 2013";"78060090";"Outras obras de chumbo";"São Paulo";"834733";"108279"
"Importação ";" 2013";"80070090";"Outras obras de estanho";"São Paulo";"685955";"12289"
"Importação ";" 2013";"75089090";"Outras obras de níquel";"Amazonas";"506488";"495"
"Importação ";" 2013";"79070090";"Outras obras de zinco";"Espírito Santo";"446028";"66805"
"Importação ";" 2013";"76169900";"Outras obras de alumínio";"Maranhão";"408358";"29907"
"Importação ";" 2013";"79070090";"Outras obras de zinco";"Amazonas";"378349";"19581"
"Importação ";" 2013";"79070090";"Outras obras de zinco";"Rio de Janeiro";"365287";"12217"
"Importação ";" 2013";"79070090";"Outras obras de zinco";"Minas Gerais";"360971";"35861"
"Importação ";" 2013";"78060090";"Outras obras de chumbo";"Minas Gerais";"335567";"45367"
"Importação ";" 2013";"76169900";"Outras obras de alumínio";"Bahia";"332156";"23679"
"Importação ";" 2013";"76169900";"Outras obras de alumínio";"Mato Grosso do Sul";"268155";"17611"
"Importação ";" 2013";"75089090";"Outras obras de níquel";"Paraná";"243725";"2211"
"Importação ";" 2013";"76169900";"Outras obras de alumínio";"Distrito Federal";"191340";"10339"
"Importação ";" 2013";"78060090";"Outras obras de chumbo";"Rio de Janeiro";"167500";"2309"
"Importação ";" 2013";"78060090";"Outras obras de chumbo";"Goiás";"162861";"63456"
"Importação ";" 2013";"79070090";"Outras obras de zinco";"Bahia";"160014";"16233"
"Importação ";" 2013";"79070090";"Outras obras de zinco";"Goiás";"158165";"20587"
"Importação ";" 2013";"79070090";"Outras obras de zinco";"Rio Grande do Sul";"137639";"13866"
"Importação ";" 2013";"80070090";"Outras obras de estanho";"Santa Catarina";"130164";"50520"
"Importação ";" 2013";"75089090";"Outras obras de níquel";"Minas Gerais";"130061";"386"
"Importação ";" 2013";"74199100";"Outras obras de cobre, vazadas, moldadas, estampadas ou forjadas, mas não trabalhadas de outro modo";"Santa Catarina";"126326";"15310"
"Importação ";" 2013";"76169900";"Outras obras de alumínio";"Goiás";"123090";"5224"
"Importação ";" 2013";"76169900";"Outras obras de alumínio";"Alagoas";"117355";"21488"
"Importação ";" 2013";"75089090";"Outras obras de níquel";"Rio Grande do Sul";"108883";"216"
"Importação ";" 2013";"79070090";"Outras obras de zinco";"Pernambuco";"97206";"28529"
"Importação ";" 2013";"78060090";"Outras obras de chumbo";"Bahia";"93813";"12128"
"Importação ";" 2013";"78060090";"Outras obras de chumbo";"Paraná";"57777";"10608"
"Importação ";" 2013";"75089090";"Outras obras de níquel";"Bahia";"54851";"340"
"Importação ";" 2013";"75089090";"Outras obras de níquel";"Mato Grosso do Sul";"48427";"315"
"Importação ";" 2013";"74199100";"Outras obras de cobre, vazadas, moldadas, estampadas ou forjadas, mas não trabalhadas de outro modo";"Minas Gerais";"47870";"1797"
"Importação ";" 2013";"76169900";"Outras obras de alumínio";"Rondônia";"32443";"4003"
"Importação ";" 2013";"76169900";"Outras obras de alumínio";"Pará";"32394";"3653"
"Importação ";" 2013";"80070090";"Outras obras de estanho";"Paraná";"31309";"819"
"Importação ";" 2013";"79070090";"Outras obras de zinco";"Piauí";"30010";"690"
"Importação ";" 2013";"76169900";"Outras obras de alumínio";"Paraíba";"29604";"7516"
"Importação ";" 2013";"74199100";"Outras obras de cobre, vazadas, moldadas, estampadas ou forjadas, mas não trabalhadas de outro modo";"Rio Grande do Sul";"26084";"1808"
"Importação ";" 2013";"74199100";"Outras obras de cobre, vazadas, moldadas, estampadas ou forjadas, mas não trabalhadas de outro modo";"Rio de Janeiro";"24140";"166"
"Importação ";" 2013";"80070090";"Outras obras de estanho";"Rio Grande do Sul";"23007";"700"
"Importação ";" 2013";"78060090";"Outras obras de chumbo";"Santa Catarina";"18939";"659"
"Importação ";" 2013";"76169900";"Outras obras de alumínio";"Rio Grande do Norte";"18747";"2341"
"Importação ";" 2013";"75089090";"Outras obras de níquel";"Santa Catarina";"17460";"110"
"Importação ";" 2013";"75089090";"Outras obras de níquel";"Alagoas";"14992";"57"
"Importação ";" 2013";"74199100";"Outras obras de cobre, vazadas, moldadas, estampadas ou forjadas, mas não trabalhadas de outro modo";"Paraná";"13863";"2702"
"Importação ";" 2013";"80070090";"Outras obras de estanho";"Rio de Janeiro";"13641";"29"
"Importação ";" 2013";"74199100";"Outras obras de cobre, vazadas, moldadas, estampadas ou forjadas, mas não trabalhadas de outro modo";"Amazonas";"10549";"152"
"Importação ";" 2013";"78060090";"Outras obras de chumbo";"Rio Grande do Sul";"10426";"315"
"Importação ";" 2013";"80070090";"Outras obras de estanho";"Minas Gerais";"9580";"252"
"Importação ";" 2013";"80070090";"Outras obras de estanho";"Pará";"6238";"3"
"Importação ";" 2013";"76169900";"Outras obras de alumínio";"Tocantins";"5441";"1465"
"Importação ";" 2013";"80070090";"Outras obras de estanho";"Amazonas";"5404";"385"
"Importação ";" 2013";"79070090";"Outras obras de zinco";"Rio Grande do Norte";"5116";"138"
"Importação ";" 2013";"76169900";"Outras obras de alumínio";"Piauí";"4617";"213"
"Importação ";" 2013";"78060090";"Outras obras de chumbo";"Ceará";"4475";"24"
"Importação ";" 2013";"74199100";"Outras obras de cobre, vazadas, moldadas, estampadas ou forjadas, mas não trabalhadas de outro modo";"Espírito Santo";"4233";"356"
"Importação ";" 2013";"79070090";"Outras obras de zinco";"Ceará";"4189";"1030"
"Importação ";" 2013";"79070090";"Outras obras de zinco";"Maranhão";"4044";"57"
"Importação ";" 2013";"75089090";"Outras obras de níquel";"Espírito Santo";"3487";"84"
"Importação ";" 2013";"79070090";"Outras obras de zinco";"Pará";"2866";"672"
"Importação ";" 2013";"80070090";"Outras obras de estanho";"Distrito Federal";"2713";"11"
"Importação ";" 2013";"76169900";"Outras obras de alumínio";"Acre";"2076";"276"
"Importação ";" 2013";"74199100";"Outras obras de cobre, vazadas, moldadas, estampadas ou forjadas, mas não trabalhadas de outro modo";"Bahia";"1711";"84"
"Importação ";" 2013";"78060090";"Outras obras de chumbo";"Pernambuco";"1488";"6"
"Importação ";" 2013";"80070090";"Outras obras de estanho";"Espírito Santo";"1440";"19"
"Importação ";" 2013";"75089090";"Outras obras de níquel";"Pernambuco";"1435";"70"
"Importação ";" 2013";"75089090";"Outras obras de níquel";"Sergipe";"1368";"19"
"Importação ";" 2013";"76169900";"Outras obras de alumínio";"Amapá";"1367";"169"
"Importação ";" 2013";"79070090";"Outras obras de zinco";"Amapá";"1270";"129"
"Importação ";" 2013";"75089090";"Outras obras de níquel";"Rio Grande do Norte";"1205";"22"
"Importação ";" 2013";"79070090";"Outras obras de zinco";"Alagoas";"1068";"11"
"Importação ";" 2013";"74199100";"Outras obras de cobre, vazadas, moldadas, estampadas ou forjadas, mas não trabalhadas de outro modo";"Ceará";"679";"10"
"Importação ";" 2013";"76169900";"Outras obras de alumínio";"Roraima";"430";"25"
"Importação ";" 2013";"75089090";"Outras obras de níquel";"Maranhão";"375";"0"
"Importação ";" 2013";"80070090";"Outras obras de estanho";"Bahia";"303";"1"
"Importação ";" 2013";"78060090";"Outras obras de chumbo";"Espírito Santo";"259";"14"
"Importação ";" 2013";"76169900";"Outras obras de alumínio";"Sergipe";"252";"6"
"Importação ";" 2013";"75089090";"Outras obras de níquel";"Ceará";"143";"0"
"Importação ";" 2013";"78060090";"Outras obras de chumbo";"Rio Grande do Norte";"120";"4"
"Importação ";" 2013";"76169900";"Outras obras de alumínio";"Mato Grosso";"33";"5"
"Importação ";" 2013";"78060090";"Outras obras de chumbo";"Pará";"25";"1"
"Importação ";" 2013";"74199100";"Outras obras de cobre, vazadas, moldadas, estampadas ou forjadas, mas não trabalhadas de outro modo";"Pernambuco";"20";"0"
"Importação ";" 2013";"78060090";"Outras obras de chumbo";"Alagoas";"10";"0"
"Exportação ";" 2012";"76169900";"Outras obras de alumínio";"São Paulo";"43365274";"5926940"
"Exportação ";" 2012";"76169900";"Outras obras de alumínio";"Mercadoria Nacionalizada";"2472620";"48757"
"Exportação ";" 2012";"76169900";"Outras obras de alumínio";"Paraná";"2310554";"215240"
"Exportação ";" 2012";"76169900";"Outras obras de alumínio";"Zona Não Declarada";"2181380";"41338"
"Exportação ";" 2012";"76169900";"Outras obras de alumínio";"Minas Gerais";"2012169";"222144"
"Exportação ";" 2012";"79070090";"Outras obras de zinco";"São Paulo";"1447910";"213441"
"Exportação ";" 2012";"76169900";"Outras obras de alumínio";"Rio Grande do Sul";"1128296";"92329"
"Exportação ";" 2012";"75089090";"Outras obras de níquel";"Paraná";"703446";"45234"
"Exportação ";" 2012";"76169900";"Outras obras de alumínio";"Rio de Janeiro";"567944";"50455"
"Exportação ";" 2012";"76169900";"Outras obras de alumínio";"Não Declarada";"513112";"26252"
"Exportação ";" 2012";"75089090";"Outras obras de níquel";"Mercadoria Nacionalizada";"494611";"119"
"Exportação ";" 2012";"76169900";"Outras obras de alumínio";"Santa Catarina";"488819";"41144"
"Exportação ";" 2012";"75089090";"Outras obras de níquel";"São Paulo";"422038";"382"
"Exportação ";" 2012";"78060090";"Outras obras de chumbo";"São Paulo";"261512";"37805"
"Exportação ";" 2012";"80070090";"Outras obras de estanho";"Santa Catarina";"206823";"85007"
"Exportação ";" 2012";"75089090";"Outras obras de níquel";"Zona Não Declarada";"155023";"236"
"Exportação ";" 2012";"79070090";"Outras obras de zinco";"Paraná";"153921";"11903"
"Exportação ";" 2012";"79070090";"Outras obras de zinco";"Minas Gerais";"147923";"6735"
"Exportação ";" 2012";"78060090";"Outras obras de chumbo";"Amazonas";"147448";"13085"
"Exportação ";" 2012";"75089090";"Outras obras de níquel";"Rio Grande do Sul";"139042";"8080"
"Exportação ";" 2012";"74199100";"Outras obras de cobre, vazadas, moldadas, estampadas ou forjadas, mas não trabalhadas de outro modo";"Zona Não Declarada";"89041";"132"
"Exportação ";" 2012";"76169900";"Outras obras de alumínio";"Bahia";"86648";"878"
"Exportação ";" 2012";"74199100";"Outras obras de cobre, vazadas, moldadas, estampadas ou forjadas, mas não trabalhadas de outro modo";"São Paulo";"82524";"2885"
"Exportação ";" 2012";"79070090";"Outras obras de zinco";"Zona Não Declarada";"82397";"5593"
"Exportação ";" 2012";"79070090";"Outras obras de zinco";"Rio de Janeiro";"68568";"15992"
"Exportação ";" 2012";"80070090";"Outras obras de estanho";"Minas Gerais";"65139";"647"
"Exportação ";" 2012";"76169900";"Outras obras de alumínio";"Reexportação";"63059";"246"
"Exportação ";" 2012";"79070090";"Outras obras de zinco";"Rio Grande do Sul";"48725";"7602"
"Exportação ";" 2012";"80070090";"Outras obras de estanho";"Não Declarada";"33883";"899"
"Exportação ";" 2012";"76169900";"Outras obras de alumínio";"Pernambuco";"33369";"888"
"Exportação ";" 2012";"78060090";"Outras obras de chumbo";"Minas Gerais";"22153";"4005"
"Exportação ";" 2012";"78060090";"Outras obras de chumbo";"Paraná";"21976";"5073"
"Exportação ";" 2012";"78060090";"Outras obras de chumbo";"Zona Não Declarada";"17797";"2927"
"Exportação ";" 2012";"76169900";"Outras obras de alumínio";"Pará";"16765";"1644"
"Exportação ";" 2012";"75089090";"Outras obras de níquel";"Rio de Janeiro";"13154";"45"
"Exportação ";" 2012";"78060090";"Outras obras de chumbo";"Reexportação";"10000";"4500"
"Exportação ";" 2012";"75089090";"Outras obras de níquel";"Minas Gerais";"8314";"238"
"Exportação ";" 2012";"79070090";"Outras obras de zinco";"Santa Catarina";"8254";"538"
"Exportação ";" 2012";"76169900";"Outras obras de alumínio";"Mato Grosso do Sul";"6213";"807"
"Exportação ";" 2012";"79070090";"Outras obras de zinco";"Mercadoria Nacionalizada";"5516";"56"
"Exportação ";" 2012";"80070090";"Outras obras de estanho";"Paraná";"3272";"505"
"Exportação ";" 2012";"80070090";"Outras obras de estanho";"Zona Não Declarada";"2192";"9"
"Exportação ";" 2012";"76169900";"Outras obras de alumínio";"Amazonas";"2066";"7"
"Exportação ";" 2012";"75089090";"Outras obras de níquel";"Não Declarada";"2049";"2"
"Exportação ";" 2012";"75089090";"Outras obras de níquel";"Ceará";"1591";"63"
"Exportação ";" 2012";"76169900";"Outras obras de alumínio";"Espírito Santo";"1268";"13"
"Exportação ";" 2012";"74199100";"Outras obras de cobre, vazadas, moldadas, estampadas ou forjadas, mas não trabalhadas de outro modo";"Santa Catarina";"970";"1"
"Exportação ";" 2012";"75089090";"Outras obras de níquel";"Santa Catarina";"753";"0"
"Exportação ";" 2012";"78060090";"Outras obras de chumbo";"Rio de Janeiro";"294";"50"
"Exportação ";" 2012";"79070090";"Outras obras de zinco";"Rondônia";"189";"11"
"Exportação ";" 2012";"74199100";"Outras obras de cobre, vazadas, moldadas, estampadas ou forjadas, mas não trabalhadas de outro modo";"Paraná";"183";"3"
"Exportação ";" 2012";"79070090";"Outras obras de zinco";"Goiás";"133";"22"
"Exportação ";" 2012";"79070090";"Outras obras de zinco";"Não Declarada";"85";"69"
"Exportação ";" 2012";"76169900";"Outras obras de alumínio";"Goiás";"84";"2"
"Exportação ";" 2012";"78060090";"Outras obras de chumbo";"Mercadoria Nacionalizada";"80";"1"
"Exportação ";" 2012";"76169900";"Outras obras de alumínio";"Ceará";"76";"0"
"Exportação ";" 2012";"78060090";"Outras obras de chumbo";"Rio Grande do Sul";"60";"0"
"Exportação ";" 2012";"74199100";"Outras obras de cobre, vazadas, moldadas, estampadas ou forjadas, mas não trabalhadas de outro modo";"Rio Grande do Sul";"48";"1"
"Exportação ";" 2012";"74199100";"Outras obras de cobre, vazadas, moldadas, estampadas ou forjadas, mas não trabalhadas de outro modo";"Não Declarada";"8";"0"
"Importação ";" 2012";"76169900";"Outras obras de alumínio";"São Paulo";"121662743";"4314215"
"Importação ";" 2012";"76169900";"Outras obras de alumínio";"Santa Catarina";"9647897";"1621741"
"Importação ";" 2012";"76169900";"Outras obras de alumínio";"Rio Grande do Sul";"8747041";"1641908"
"Importação ";" 2012";"76169900";"Outras obras de alumínio";"Minas Gerais";"8342385";"363614"
"Importação ";" 2012";"76169900";"Outras obras de alumínio";"Paraná";"7608387";"867106"
"Importação ";" 2012";"75089090";"Outras obras de níquel";"São Paulo";"3717228";"17938"
"Importação ";" 2012";"76169900";"Outras obras de alumínio";"Amazonas";"3712718";"167327"
"Importação ";" 2012";"75089090";"Outras obras de níquel";"Rio de Janeiro";"3299565";"10432"
"Importação ";" 2012";"76169900";"Outras obras de alumínio";"Rio de Janeiro";"2925256";"314192"
"Importação ";" 2012";"76169900";"Outras obras de alumínio";"Ceará";"2375390";"183272"
"Importação ";" 2012";"76169900";"Outras obras de alumínio";"Pernambuco";"2346106";"401909"
"Importação ";" 2012";"74199100";"Outras obras de cobre, vazadas, moldadas, estampadas ou forjadas, mas não trabalhadas de outro modo";"São Paulo";"2304508";"122578"
"Importação ";" 2012";"76169900";"Outras obras de alumínio";"Espírito Santo";"1981057";"420647"
"Importação ";" 2012";"79070090";"Outras obras de zinco";"São Paulo";"1796743";"213633"
"Importação ";" 2012";"79070090";"Outras obras de zinco";"Paraná";"1289664";"127551"
"Importação ";" 2012";"79070090";"Outras obras de zinco";"Santa Catarina";"939376";"89096"
"Importação ";" 2012";"75089090";"Outras obras de níquel";"Amazonas";"881399";"325"
"Importação ";" 2012";"76169900";"Outras obras de alumínio";"Distrito Federal";"841021";"77049"
"Importação ";" 2012";"79070090";"Outras obras de zinco";"Espírito Santo";"771441";"119335"
"Importação ";" 2012";"80070090";"Outras obras de estanho";"São Paulo";"678109";"24503"
"Importação ";" 2012";"79070090";"Outras obras de zinco";"Minas Gerais";"535140";"42845"
"Importação ";" 2012";"79070090";"Outras obras de zinco";"Amazonas";"532432";"21518"
"Importação ";" 2012";"76169900";"Outras obras de alumínio";"Bahia";"447371";"25715"
"Importação ";" 2012";"76169900";"Outras obras de alumínio";"Pará";"407470";"21024"
"Importação ";" 2012";"78060090";"Outras obras de chumbo";"São Paulo";"402071";"49342"
"Importação ";" 2012";"75089090";"Outras obras de níquel";"Rio Grande do Sul";"380157";"1325"
"Importação ";" 2012";"79070090";"Outras obras de zinco";"Rio de Janeiro";"301272";"12541"
"Importação ";" 2012";"78060090";"Outras obras de chumbo";"Bahia";"266665";"35283"
"Importação ";" 2012";"76169900";"Outras obras de alumínio";"Rondônia";"226133";"3920"
"Importação ";" 2012";"79070090";"Outras obras de zinco";"Goiás";"198927";"28021"
"Importação ";" 2012";"80070090";"Outras obras de estanho";"Paraná";"166030";"4807"
"Importação ";" 2012";"79070090";"Outras obras de zinco";"Bahia";"156467";"16974"
"Importação ";" 2012";"78060090";"Outras obras de chumbo";"Paraná";"139585";"15128"
"Importação ";" 2012";"76169900";"Outras obras de alumínio";"Goiás";"131867";"3495"
"Importação ";" 2012";"78060090";"Outras obras de chumbo";"Santa Catarina";"115893";"14676"
"Importação ";" 2012";"78060090";"Outras obras de chumbo";"Goiás";"112817";"57118"
"Importação ";" 2012";"80070090";"Outras obras de estanho";"Santa Catarina";"104368";"45245"
"Importação ";" 2012";"74199100";"Outras obras de cobre, vazadas, moldadas, estampadas ou forjadas, mas não trabalhadas de outro modo";"Santa Catarina";"91968";"821"
"Importação ";" 2012";"74199100";"Outras obras de cobre, vazadas, moldadas, estampadas ou forjadas, mas não trabalhadas de outro modo";"Rio de Janeiro";"89950";"915"
"Importação ";" 2012";"75089090";"Outras obras de níquel";"Alagoas";"89046";"121"
"Importação ";" 2012";"79070090";"Outras obras de zinco";"Rio Grande do Sul";"86979";"12424"
"Importação ";" 2012";"74199100";"Outras obras de cobre, vazadas, moldadas, estampadas ou forjadas, mas não trabalhadas de outro modo";"Minas Gerais";"85159";"1758"
"Importação ";" 2012";"74199100";"Outras obras de cobre, vazadas, moldadas, estampadas ou forjadas, mas não trabalhadas de outro modo";"Rio Grande do Sul";"80335";"7299"
"Importação ";" 2012";"75089090";"Outras obras de níquel";"Sergipe";"77793";"5"
"Importação ";" 2012";"78060090";"Outras obras de chumbo";"Rio de Janeiro";"75377";"2914"
"Importação ";" 2012";"75089090";"Outras obras de níquel";"Minas Gerais";"73886";"461"
"Importação ";" 2012";"75089090";"Outras obras de níquel";"Maranhão";"64384";"1186"
"Importação ";" 2012";"75089090";"Outras obras de níquel";"Paraná";"60399";"333"
"Importação ";" 2012";"74199100";"Outras obras de cobre, vazadas, moldadas, estampadas ou forjadas, mas não trabalhadas de outro modo";"Amazonas";"56242";"178"
"Importação ";" 2012";"76169900";"Outras obras de alumínio";"Paraíba";"53705";"6856"
"Importação ";" 2012";"75089090";"Outras obras de níquel";"Bahia";"47266";"147"
"Importação ";" 2012";"75089090";"Outras obras de níquel";"Pernambuco";"46361";"747"
"Importação ";" 2012";"80070090";"Outras obras de estanho";"Minas Gerais";"40093";"492"
"Importação ";" 2012";"76169900";"Outras obras de alumínio";"Alagoas";"39794";"6768"
"Importação ";" 2012";"76169900";"Outras obras de alumínio";"Rio Grande do Norte";"35407";"7779"
"Importação ";" 2012";"76169900";"Outras obras de alumínio";"Maranhão";"33734";"147"
"Importação ";" 2012";"74199100";"Outras obras de cobre, vazadas, moldadas, estampadas ou forjadas, mas não trabalhadas de outro modo";"Paraná";"31074";"792"
"Importação ";" 2012";"76169900";"Outras obras de alumínio";"Mato Grosso do Sul";"27856";"2136"
"Importação ";" 2012";"75089090";"Outras obras de níquel";"Mato Grosso";"21611";"26"
"Importação ";" 2012";"78060090";"Outras obras de chumbo";"Espírito Santo";"17455";"2822"
"Importação ";" 2012";"80070090";"Outras obras de estanho";"Espírito Santo";"13378";"155"
"Importação ";" 2012";"80070090";"Outras obras de estanho";"Rio Grande do Sul";"12982";"561"
"Importação ";" 2012";"80070090";"Outras obras de estanho";"Rio de Janeiro";"9231";"42"
"Importação ";" 2012";"74199100";"Outras obras de cobre, vazadas, moldadas, estampadas ou forjadas, mas não trabalhadas de outro modo";"Espírito Santo";"5338";"435"
"Importação ";" 2012";"78060090";"Outras obras de chumbo";"Minas Gerais";"5029";"30"
"Importação ";" 2012";"80070090";"Outras obras de estanho";"Distrito Federal";"5023";"19"
"Importação ";" 2012";"75089090";"Outras obras de níquel";"Santa Catarina";"4609";"23"
"Importação ";" 2012";"80070090";"Outras obras de estanho";"Pernambuco";"3929";"468"
"Importação ";" 2012";"76169900";"Outras obras de alumínio";"Mato Grosso";"3914";"876"
"Importação ";" 2012";"79070090";"Outras obras de zinco";"Pernambuco";"3866";"574"
"Importação ";" 2012";"78060090";"Outras obras de chumbo";"Alagoas";"3744";"540"
"Importação ";" 2012";"79070090";"Outras obras de zinco";"Rio Grande do Norte";"3492";"126"
"Importação ";" 2012";"80070090";"Outras obras de estanho";"Bahia";"3119";"2"
"Importação ";" 2012";"76169900";"Outras obras de alumínio";"Amapá";"1861";"218"
"Importação ";" 2012";"74199100";"Outras obras de cobre, vazadas, moldadas, estampadas ou forjadas, mas não trabalhadas de outro modo";"Bahia";"1814";"144"
"Importação ";" 2012";"76169900";"Outras obras de alumínio";"Piauí";"1601";"110"
"Importação ";" 2012";"75089090";"Outras obras de níquel";"Distrito Federal";"1600";"30"
"Importação ";" 2012";"76169900";"Outras obras de alumínio";"Tocantins";"1223";"132"
"Importação ";" 2012";"76169900";"Outras obras de alumínio";"Roraima";"919";"5"
"Importação ";" 2012";"79070090";"Outras obras de zinco";"Alagoas";"748";"9"
"Importação ";" 2012";"76169900";"Outras obras de alumínio";"Sergipe";"491";"17"
"Importação ";" 2012";"75089090";"Outras obras de níquel";"Ceará";"455";"0"
"Importação ";" 2012";"79070090";"Outras obras de zinco";"Paraíba";"441";"3"
"Importação ";" 2012";"78060090";"Outras obras de chumbo";"Amazonas";"390";"16"
"Importação ";" 2012";"80070090";"Outras obras de estanho";"Pará";"324";"1"
"Importação ";" 2012";"78060090";"Outras obras de chumbo";"Ceará";"202";"28"
"Importação ";" 2012";"78060090";"Outras obras de chumbo";"Maranhão";"112";"13"
"Importação ";" 2012";"75089090";"Outras obras de níquel";"Espírito Santo";"109";"3"
"Importação ";" 2012";"79070090";"Outras obras de zinco";"Distrito Federal";"68";"2"
"Importação ";" 2012";"74199100";"Outras obras de cobre, vazadas, moldadas, estampadas ou forjadas, mas não trabalhadas de outro modo";"Pernambuco";"40";"0"
"Exportação ";" 2011";"76169900";"Outras obras de alumínio";"São Paulo";"45022675";"5006167"
"Exportação ";" 2011";"76169900";"Outras obras de alumínio";"Zona Não Declarada";"4352630";"76181"
"Exportação ";" 2011";"76169900";"Outras obras de alumínio";"Minas Gerais";"2049890";"234551"
"Exportação ";" 2011";"76169900";"Outras obras de alumínio";"Mercadoria Nacionalizada";"1292837";"24737"
"Exportação ";" 2011";"76169900";"Outras obras de alumínio";"Rio Grande do Sul";"1182784";"103415"
"Exportação ";" 2011";"76169900";"Outras obras de alumínio";"Não Declarada";"1076304";"92508"
"Exportação ";" 2011";"79070090";"Outras obras de zinco";"São Paulo";"1068829";"132167"
"Exportação ";" 2011";"76169900";"Outras obras de alumínio";"Paraná";"871903";"62577"
"Exportação ";" 2011";"76169900";"Outras obras de alumínio";"Rio de Janeiro";"850735";"93029"
"Exportação ";" 2011";"76169900";"Outras obras de alumínio";"Santa Catarina";"730176";"53537"
"Exportação ";" 2011";"78060090";"Outras obras de chumbo";"São Paulo";"646261";"38493"
"Exportação ";" 2011";"76169900";"Outras obras de alumínio";"Reexportação";"433412";"24867"
"Exportação ";" 2011";"79070090";"Outras obras de zinco";"Minas Gerais";"267299";"16436"
"Exportação ";" 2011";"79070090";"Outras obras de zinco";"Paraná";"238497";"13463"
"Exportação ";" 2011";"74199100";"Outras obras de cobre, vazadas, moldadas, estampadas ou forjadas, mas não trabalhadas de outro modo";"São Paulo";"225407";"9539"
"Exportação ";" 2011";"76169900";"Outras obras de alumínio";"Bahia";"223578";"1912"
"Exportação ";" 2011";"75089090";"Outras obras de níquel";"São Paulo";"214905";"353"
"Exportação ";" 2011";"75089090";"Outras obras de níquel";"Zona Não Declarada";"193942";"340"
"Exportação ";" 2011";"78060090";"Outras obras de chumbo";"Amazonas";"188606";"14405"
"Exportação ";" 2011";"79070090";"Outras obras de zinco";"Rio de Janeiro";"151293";"31912"
"Exportação ";" 2011";"75089090";"Outras obras de níquel";"Rio Grande do Sul";"137009";"10239"
"Exportação ";" 2011";"78060090";"Outras obras de chumbo";"Mercadoria Nacionalizada";"133865";"5559"
"Exportação ";" 2011";"79070090";"Outras obras de zinco";"Rio Grande do Sul";"97823";"9290"
"Exportação ";" 2011";"75089090";"Outras obras de níquel";"Paraná";"91852";"6960"
"Exportação ";" 2011";"80070090";"Outras obras de estanho";"Minas Gerais";"76127";"744"
"Exportação ";" 2011";"79070090";"Outras obras de zinco";"Distrito Federal";"75694";"11356"
"Exportação ";" 2011";"74199100";"Outras obras de cobre, vazadas, moldadas, estampadas ou forjadas, mas não trabalhadas de outro modo";"Zona Não Declarada";"74618";"235"
"Exportação ";" 2011";"75089090";"Outras obras de níquel";"Mercadoria Nacionalizada";"73791";"199"
"Exportação ";" 2011";"79070090";"Outras obras de zinco";"Zona Não Declarada";"61751";"5955"
"Exportação ";" 2011";"79070090";"Outras obras de zinco";"Não Declarada";"50124";"8"
"Exportação ";" 2011";"76169900";"Outras obras de alumínio";"Espírito Santo";"27736";"2966"
"Exportação ";" 2011";"74199100";"Outras obras de cobre, vazadas, moldadas, estampadas ou forjadas, mas não trabalhadas de outro modo";"Santa Catarina";"25925";"10"
"Exportação ";" 2011";"78060090";"Outras obras de chumbo";"Minas Gerais";"21642";"4011"
"Exportação ";" 2011";"78060090";"Outras obras de chumbo";"Reexportação";"18000";"2314"
"Exportação ";" 2011";"80070090";"Outras obras de estanho";"Paraná";"14670";"2146"
"Exportação ";" 2011";"78060090";"Outras obras de chumbo";"Não Declarada";"12492";"2010"
"Exportação ";" 2011";"78060090";"Outras obras de chumbo";"Paraná";"12049";"2062"
"Exportação ";" 2011";"75089090";"Outras obras de níquel";"Rio de Janeiro";"11820";"9"
"Exportação ";" 2011";"79070090";"Outras obras de zinco";"Santa Catarina";"8655";"304"
"Exportação ";" 2011";"74199100";"Outras obras de cobre, vazadas, moldadas, estampadas ou forjadas, mas não trabalhadas de outro modo";"Minas Gerais";"8375";"115"
"Exportação ";" 2011";"76169900";"Outras obras de alumínio";"Pernambuco";"7600";"929"
"Exportação ";" 2011";"80070090";"Outras obras de estanho";"Pará";"5575";"2230"
"Exportação ";" 2011";"76169900";"Outras obras de alumínio";"Mato Grosso do Sul";"4806";"501"
"Exportação ";" 2011";"79070090";"Outras obras de zinco";"Mercadoria Nacionalizada";"2682";"69"
"Exportação ";" 2011";"75089090";"Outras obras de níquel";"Santa Catarina";"1908";"46"
"Exportação ";" 2011";"78060090";"Outras obras de chumbo";"Zona Não Declarada";"1431";"42"
"Exportação ";" 2011";"74199100";"Outras obras de cobre, vazadas, moldadas, estampadas ou forjadas, mas não trabalhadas de outro modo";"Paraná";"964";"31"
"Exportação ";" 2011";"78060090";"Outras obras de chumbo";"Rio de Janeiro";"460";"51"
"Exportação ";" 2011";"79070090";"Outras obras de zinco";"Mato Grosso do Sul";"256";"61"
"Exportação ";" 2011";"79070090";"Outras obras de zinco";"Reexportação";"204";"36"
"Exportação ";" 2011";"74199100";"Outras obras de cobre, vazadas, moldadas, estampadas ou forjadas, mas não trabalhadas de outro modo";"Rio de Janeiro";"168";"3"
"Exportação ";" 2011";"76169900";"Outras obras de alumínio";"Mato Grosso";"100";"14"
"Exportação ";" 2011";"78060090";"Outras obras de chumbo";"Rio Grande do Sul";"83";"2"
"Exportação ";" 2011";"76169900";"Outras obras de alumínio";"Goiás";"51";"2"
"Exportação ";" 2011";"75089090";"Outras obras de níquel";"Minas Gerais";"45";"1"
"Exportação ";" 2011";"74199100";"Outras obras de cobre, vazadas, moldadas, estampadas ou forjadas, mas não trabalhadas de outro modo";"Rio Grande do Sul";"41";"2"
"Exportação ";" 2011";"76169900";"Outras obras de alumínio";"Amazonas";"18";"6"
"Exportação ";" 2011";"75089090";"Outras obras de níquel";"Não Declarada";"2";"1"
"Importação ";" 2011";"76169900";"Outras obras de alumínio";"São Paulo";"142947370";"5108803"
"Importação ";" 2011";"76169900";"Outras obras de alumínio";"Paraná";"9758801";"980944"
"Importação ";" 2011";"76169900";"Outras obras de alumínio";"Rio Grande do Sul";"8963675";"1616381"
"Importação ";" 2011";"76169900";"Outras obras de alumínio";"Minas Gerais";"7550107";"348604"
"Importação ";" 2011";"75089090";"Outras obras de níquel";"Rio de Janeiro";"4487343";"23351"
"Importação ";" 2011";"75089090";"Outras obras de níquel";"São Paulo";"4323438";"20566"
"Importação ";" 2011";"76169900";"Outras obras de alumínio";"Santa Catarina";"3597916";"665224"
"Importação ";" 2011";"76169900";"Outras obras de alumínio";"Amazonas";"3534033";"164821"
"Importação ";" 2011";"76169900";"Outras obras de alumínio";"Rio de Janeiro";"2912730";"165784"
"Importação ";" 2011";"79070090";"Outras obras de zinco";"São Paulo";"1932333";"222644"
"Importação ";" 2011";"76169900";"Outras obras de alumínio";"Espírito Santo";"1832328";"297581"
"Importação ";" 2011";"74199100";"Outras obras de cobre, vazadas, moldadas, estampadas ou forjadas, mas não trabalhadas de outro modo";"São Paulo";"1704166";"84253"
"Importação ";" 2011";"76169900";"Outras obras de alumínio";"Pernambuco";"1691697";"341383"
"Importação ";" 2011";"76169900";"Outras obras de alumínio";"Ceará";"1620624";"105735"
"Importação ";" 2011";"79070090";"Outras obras de zinco";"Paraná";"1223153";"160062"
"Importação ";" 2011";"75089090";"Outras obras de níquel";"Amazonas";"1107118";"1310"
"Importação ";" 2011";"76169900";"Outras obras de alumínio";"Bahia";"808974";"40134"
"Importação ";" 2011";"78060090";"Outras obras de chumbo";"Rio de Janeiro";"704387";"26742"
"Importação ";" 2011";"75089090";"Outras obras de níquel";"Bahia";"684593";"12114"
"Importação ";" 2011";"79070090";"Outras obras de zinco";"Santa Catarina";"644442";"69575"
"Importação ";" 2011";"79070090";"Outras obras de zinco";"Minas Gerais";"627747";"48363"
"Importação ";" 2011";"80070090";"Outras obras de estanho";"São Paulo";"547947";"9428"
"Importação ";" 2011";"79070090";"Outras obras de zinco";"Amazonas";"511790";"20004"
"Importação ";" 2011";"79070090";"Outras obras de zinco";"Espírito Santo";"449409";"64364"
"Importação ";" 2011";"76169900";"Outras obras de alumínio";"Distrito Federal";"375895";"11561"
"Importação ";" 2011";"76169900";"Outras obras de alumínio";"Goiás";"303530";"24117"
"Importação ";" 2011";"78060090";"Outras obras de chumbo";"São Paulo";"295921";"11689"
"Importação ";" 2011";"78060090";"Outras obras de chumbo";"Bahia";"266662";"35203"
"Importação ";" 2011";"79070090";"Outras obras de zinco";"Rio de Janeiro";"231138";"6062"
"Importação ";" 2011";"79070090";"Outras obras de zinco";"Bahia";"227663";"24797"
"Importação ";" 2011";"78060090";"Outras obras de chumbo";"Paraná";"168059";"16036"
"Importação ";" 2011";"78060090";"Outras obras de chumbo";"Goiás";"164377";"82968"
"Importação ";" 2011";"74199100";"Outras obras de cobre, vazadas, moldadas, estampadas ou forjadas, mas não trabalhadas de outro modo";"Minas Gerais";"156008";"2659"
"Importação ";" 2011";"79070090";"Outras obras de zinco";"Goiás";"133721";"20833"
"Importação ";" 2011";"78060090";"Outras obras de chumbo";"Minas Gerais";"120364";"167"
"Importação ";" 2011";"75089090";"Outras obras de níquel";"Rio Grande do Sul";"96856";"230"
"Importação ";" 2011";"79070090";"Outras obras de zinco";"Rio Grande do Sul";"84180";"6348"
"Importação ";" 2011";"75089090";"Outras obras de níquel";"Minas Gerais";"70602";"1152"
"Importação ";" 2011";"79070090";"Outras obras de zinco";"Pernambuco";"67888";"4101"
"Importação ";" 2011";"74199100";"Outras obras de cobre, vazadas, moldadas, estampadas ou forjadas, mas não trabalhadas de outro modo";"Amazonas";"64088";"982"
"Importação ";" 2011";"76169900";"Outras obras de alumínio";"Rio Grande do Norte";"50888";"6722"
"Importação ";" 2011";"75089090";"Outras obras de níquel";"Paraná";"50863";"296"
"Importação ";" 2011";"74199100";"Outras obras de cobre, vazadas, moldadas, estampadas ou forjadas, mas não trabalhadas de outro modo";"Rio Grande do Sul";"42847";"4032"
"Importação ";" 2011";"76169900";"Outras obras de alumínio";"Alagoas";"42677";"13286"
"Importação ";" 2011";"74199100";"Outras obras de cobre, vazadas, moldadas, estampadas ou forjadas, mas não trabalhadas de outro modo";"Santa Catarina";"42200";"431"
"Importação ";" 2011";"74199100";"Outras obras de cobre, vazadas, moldadas, estampadas ou forjadas, mas não trabalhadas de outro modo";"Rio de Janeiro";"30134";"285"
"Importação ";" 2011";"78060090";"Outras obras de chumbo";"Santa Catarina";"25884";"6299"
"Importação ";" 2011";"76169900";"Outras obras de alumínio";"Pará";"25546";"28569"
"Importação ";" 2011";"80070090";"Outras obras de estanho";"Rio de Janeiro";"25360";"39"
"Importação ";" 2011";"75089090";"Outras obras de níquel";"Espírito Santo";"23171";"211"
"Importação ";" 2011";"76169900";"Outras obras de alumínio";"Mato Grosso";"21886";"708"
"Importação ";" 2011";"75089090";"Outras obras de níquel";"Alagoas";"20331";"40"
"Importação ";" 2011";"80070090";"Outras obras de estanho";"Santa Catarina";"20014";"6867"
"Importação ";" 2011";"78060090";"Outras obras de chumbo";"Pernambuco";"18199";"126"
"Importação ";" 2011";"76169900";"Outras obras de alumínio";"Roraima";"17620";"2536"
"Importação ";" 2011";"80070090";"Outras obras de estanho";"Rio Grande do Sul";"17443";"335"
"Importação ";" 2011";"74199100";"Outras obras de cobre, vazadas, moldadas, estampadas ou forjadas, mas não trabalhadas de outro modo";"Paraná";"16941";"1006"
"Importação ";" 2011";"76169900";"Outras obras de alumínio";"Mato Grosso do Sul";"16802";"1036"
"Importação ";" 2011";"79070090";"Outras obras de zinco";"Alagoas";"16601";"88"
"Importação ";" 2011";"75089090";"Outras obras de níquel";"Ceará";"13177";"19"
"Importação ";" 2011";"75089090";"Outras obras de níquel";"Distrito Federal";"11700";"3"
"Importação ";" 2011";"79070090";"Outras obras de zinco";"Mato Grosso do Sul";"8995";"514"
"Importação ";" 2011";"76169900";"Outras obras de alumínio";"Tocantins";"8816";"410"
"Importação ";" 2011";"75089090";"Outras obras de níquel";"Maranhão";"8281";"14"
"Importação ";" 2011";"75089090";"Outras obras de níquel";"Santa Catarina";"7519";"47"
"Importação ";" 2011";"80070090";"Outras obras de estanho";"Minas Gerais";"7239";"160"
"Importação ";" 2011";"76169900";"Outras obras de alumínio";"Sergipe";"7175";"171"
"Importação ";" 2011";"79070090";"Outras obras de zinco";"Rondônia";"6594";"2293"
"Importação ";" 2011";"78060090";"Outras obras de chumbo";"Rio Grande do Sul";"4875";"764"
"Importação ";" 2011";"80070090";"Outras obras de estanho";"Paraná";"4688";"186"
"Importação ";" 2011";"78060090";"Outras obras de chumbo";"Alagoas";"3651";"163"
"Importação ";" 2011";"80070090";"Outras obras de estanho";"Amazonas";"2989";"29"
"Importação ";" 2011";"75089090";"Outras obras de níquel";"Rio Grande do Norte";"2374";"7"
"Importação ";" 2011";"76169900";"Outras obras de alumínio";"Paraíba";"2161";"697"
"Importação ";" 2011";"79070090";"Outras obras de zinco";"Ceará";"1895";"900"
"Importação ";" 2011";"80070090";"Outras obras de estanho";"Ceará";"1826";"11"
"Importação ";" 2011";"80070090";"Outras obras de estanho";"Maranhão";"1685";"11"
"Importação ";" 2011";"74199100";"Outras obras de cobre, vazadas, moldadas, estampadas ou forjadas, mas não trabalhadas de outro modo";"Espírito Santo";"1343";"14"
"Importação ";" 2011";"75089090";"Outras obras de níquel";"Pará";"1060";"8"
"Importação ";" 2011";"74199100";"Outras obras de cobre, vazadas, moldadas, estampadas ou forjadas, mas não trabalhadas de outro modo";"Pernambuco";"988";"0"
"Importação ";" 2011";"76169900";"Outras obras de alumínio";"Acre";"897";"220"
"Importação ";" 2011";"76169900";"Outras obras de alumínio";"Amapá";"782";"328"
"Importação ";" 2011";"78060090";"Outras obras de chumbo";"Espírito Santo";"568";"46"
"Importação ";" 2011";"75089090";"Outras obras de níquel";"Sergipe";"471";"2"
"Importação ";" 2011";"76169900";"Outras obras de alumínio";"Rondônia";"393";"8"
"Importação ";" 2011";"74199100";"Outras obras de cobre, vazadas, moldadas, estampadas ou forjadas, mas não trabalhadas de outro modo";"Ceará";"316";"3"
"Importação ";" 2011";"74199100";"Outras obras de cobre, vazadas, moldadas, estampadas ou forjadas, mas não trabalhadas de outro modo";"Rondônia";"299";"1"
"Importação ";" 2011";"76169900";"Outras obras de alumínio";"Maranhão";"263";"7"
"Importação ";" 2011";"78060090";"Outras obras de chumbo";"Rondônia";"217";"3"
"Importação ";" 2011";"76169900";"Outras obras de alumínio";"Piauí";"160";"3"
"Importação ";" 2011";"74199100";"Outras obras de cobre, vazadas, moldadas, estampadas ou forjadas, mas não trabalhadas de outro modo";"Mato Grosso";"132";"1"
"Importação ";" 2011";"78060090";"Outras obras de chumbo";"Mato Grosso";"125";"1"
"Importação ";" 2011";"80070090";"Outras obras de estanho";"Espírito Santo";"103";"6"
"Importação ";" 2011";"79070090";"Outras obras de zinco";"Sergipe";"17";"0"
"Exportação ";" 2010";"76169900";"Outras obras de alumínio";"São Paulo";"46013856";"5199940"
"Exportação ";" 2010";"76169900";"Outras obras de alumínio";"Zona Não Declarada";"2762998";"56707"
"Exportação ";" 2010";"76169900";"Outras obras de alumínio";"Minas Gerais";"1803608";"248011"
"Exportação ";" 2010";"76169900";"Outras obras de alumínio";"Rio de Janeiro";"1422246";"191551"
"Exportação ";" 2010";"76169900";"Outras obras de alumínio";"Reexportação";"1239693";"74215"
"Exportação ";" 2010";"76169900";"Outras obras de alumínio";"Paraná";"1160538";"140751"
"Exportação ";" 2010";"79070090";"Outras obras de zinco";"São Paulo";"1044257";"108818"
"Exportação ";" 2010";"76169900";"Outras obras de alumínio";"Rio Grande do Sul";"1020314";"113871"
"Exportação ";" 2010";"76169900";"Outras obras de alumínio";"Mercadoria Nacionalizada";"943128";"5837"
"Exportação ";" 2010";"76169900";"Outras obras de alumínio";"Santa Catarina";"467660";"38055"
"Exportação ";" 2010";"78060090";"Outras obras de chumbo";"São Paulo";"359053";"44563"
"Exportação ";" 2010";"74199100";"Outras obras de cobre, vazadas, moldadas, estampadas ou forjadas, mas não trabalhadas de outro modo";"São Paulo";"353935";"16120"
"Exportação ";" 2010";"75089090";"Outras obras de níquel";"São Paulo";"251185";"1034"
"Exportação ";" 2010";"75089090";"Outras obras de níquel";"Paraná";"235672";"19163"
"Exportação ";" 2010";"75089090";"Outras obras de níquel";"Zona Não Declarada";"180187";"356"
"Exportação ";" 2010";"75089090";"Outras obras de níquel";"Rio Grande do Sul";"167467";"9545"
"Exportação ";" 2010";"76169900";"Outras obras de alumínio";"Bahia";"158444";"1569"
"Exportação ";" 2010";"76169900";"Outras obras de alumínio";"Não Declarada";"154369";"5992"
"Exportação ";" 2010";"78060090";"Outras obras de chumbo";"Amazonas";"151487";"16810"
"Exportação ";" 2010";"79070090";"Outras obras de zinco";"Rio Grande do Sul";"145431";"10923"
"Exportação ";" 2010";"76169900";"Outras obras de alumínio";"Ceará";"109440";"4557"
"Exportação ";" 2010";"75089090";"Outras obras de níquel";"Mercadoria Nacionalizada";"108001";"24"
"Exportação ";" 2010";"79070090";"Outras obras de zinco";"Rio de Janeiro";"93130";"21206"
"Exportação ";" 2010";"80070090";"Outras obras de estanho";"Minas Gerais";"62530";"716"
"Exportação ";" 2010";"79070090";"Outras obras de zinco";"Zona Não Declarada";"49910";"2686"
"Exportação ";" 2010";"74199100";"Outras obras de cobre, vazadas, moldadas, estampadas ou forjadas, mas não trabalhadas de outro modo";"Zona Não Declarada";"43112";"39"
"Exportação ";" 2010";"79070090";"Outras obras de zinco";"Paraná";"35211";"2979"
"Exportação ";" 2010";"79070090";"Outras obras de zinco";"Minas Gerais";"29611";"944"
"Exportação ";" 2010";"78060090";"Outras obras de chumbo";"Rio de Janeiro";"19714";"1542"
"Exportação ";" 2010";"78060090";"Outras obras de chumbo";"Minas Gerais";"18639";"4975"
"Exportação ";" 2010";"79070090";"Outras obras de zinco";"Mercadoria Nacionalizada";"15241";"540"
"Exportação ";" 2010";"78060090";"Outras obras de chumbo";"Mercadoria Nacionalizada";"10536";"2398"
"Exportação ";" 2010";"75089090";"Outras obras de níquel";"Rio de Janeiro";"5681";"29"
"Exportação ";" 2010";"80070090";"Outras obras de estanho";"Zona Não Declarada";"5491";"349"
"Exportação ";" 2010";"80070090";"Outras obras de estanho";"Paraná";"3365";"322"
"Exportação ";" 2010";"76169900";"Outras obras de alumínio";"Pernambuco";"3167";"70"
"Exportação ";" 2010";"79070090";"Outras obras de zinco";"Santa Catarina";"3059";"129"
"Exportação ";" 2010";"76169900";"Outras obras de alumínio";"Mato Grosso do Sul";"2593";"208"
"Exportação ";" 2010";"79070090";"Outras obras de zinco";"Ceará";"2490";"2555"
"Exportação ";" 2010";"80070090";"Outras obras de estanho";"São Paulo";"2192";"8"
"Exportação ";" 2010";"78060090";"Outras obras de chumbo";"Rio Grande do Norte";"2027";"360"
"Exportação ";" 2010";"74199100";"Outras obras de cobre, vazadas, moldadas, estampadas ou forjadas, mas não trabalhadas de outro modo";"Paraná";"1515";"71"
"Exportação ";" 2010";"76169900";"Outras obras de alumínio";"Distrito Federal";"1027";"47"
"Exportação ";" 2010";"76169900";"Outras obras de alumínio";"Acre";"651";"55"
"Exportação ";" 2010";"75089090";"Outras obras de níquel";"Santa Catarina";"484";"4"
"Exportação ";" 2010";"74199100";"Outras obras de cobre, vazadas, moldadas, estampadas ou forjadas, mas não trabalhadas de outro modo";"Rio Grande do Sul";"442";"65"
"Exportação ";" 2010";"74199100";"Outras obras de cobre, vazadas, moldadas, estampadas ou forjadas, mas não trabalhadas de outro modo";"Santa Catarina";"351";"90"
"Exportação ";" 2010";"79070090";"Outras obras de zinco";"Não Declarada";"228";"20"
"Exportação ";" 2010";"76169900";"Outras obras de alumínio";"Espírito Santo";"175";"22"
"Exportação ";" 2010";"78060090";"Outras obras de chumbo";"Rio Grande do Sul";"55";"0"
"Exportação ";" 2010";"78060090";"Outras obras de chumbo";"Zona Não Declarada";"16";"1"
"Importação ";" 2010";"76169900";"Outras obras de alumínio";"São Paulo";"110535383";"3818973"
"Importação ";" 2010";"76169900";"Outras obras de alumínio";"Paraná";"6605435";"568883"
"Importação ";" 2010";"76169900";"Outras obras de alumínio";"Minas Gerais";"5347078";"428582"
"Importação ";" 2010";"76169900";"Outras obras de alumínio";"Rio Grande do Sul";"4841014";"776665"
"Importação ";" 2010";"76169900";"Outras obras de alumínio";"Rio de Janeiro";"3573527";"232997"
"Importação ";" 2010";"76169900";"Outras obras de alumínio";"Santa Catarina";"3388892";"624439"
"Importação ";" 2010";"75089090";"Outras obras de níquel";"São Paulo";"3339075";"18403"
"Importação ";" 2010";"76169900";"Outras obras de alumínio";"Amazonas";"2595517";"97780"
"Importação ";" 2010";"79070090";"Outras obras de zinco";"São Paulo";"1859369";"200371"
"Importação ";" 2010";"74199100";"Outras obras de cobre, vazadas, moldadas, estampadas ou forjadas, mas não trabalhadas de outro modo";"São Paulo";"1246307";"67153"
"Importação ";" 2010";"75089090";"Outras obras de níquel";"Rio de Janeiro";"1204024";"5870"
"Importação ";" 2010";"75089090";"Outras obras de níquel";"Amazonas";"1072424";"1181"
"Importação ";" 2010";"76169900";"Outras obras de alumínio";"Espírito Santo";"1054609";"290514"
"Importação ";" 2010";"79070090";"Outras obras de zinco";"Paraná";"659438";"68721"
"Importação ";" 2010";"75089090";"Outras obras de níquel";"Espírito Santo";"574249";"22874"
"Importação ";" 2010";"74199100";"Outras obras de cobre, vazadas, moldadas, estampadas ou forjadas, mas não trabalhadas de outro modo";"Minas Gerais";"518654";"22342"
"Importação ";" 2010";"79070090";"Outras obras de zinco";"Minas Gerais";"514932";"44621"
"Importação ";" 2010";"79070090";"Outras obras de zinco";"Espírito Santo";"466563";"75160"
"Importação ";" 2010";"76169900";"Outras obras de alumínio";"Pernambuco";"450335";"73382"
"Importação ";" 2010";"80070090";"Outras obras de estanho";"São Paulo";"408958";"9345"
"Importação ";" 2010";"79070090";"Outras obras de zinco";"Santa Catarina";"397683";"36418"
"Importação ";" 2010";"76169900";"Outras obras de alumínio";"Ceará";"397273";"21886"
"Importação ";" 2010";"75089090";"Outras obras de níquel";"Bahia";"290150";"2195"
"Importação ";" 2010";"76169900";"Outras obras de alumínio";"Bahia";"286922";"26343"
"Importação ";" 2010";"79070090";"Outras obras de zinco";"Rio Grande do Sul";"257636";"8653"
"Importação ";" 2010";"79070090";"Outras obras de zinco";"Rio de Janeiro";"213204";"4629"
"Importação ";" 2010";"78060090";"Outras obras de chumbo";"São Paulo";"188178";"29048"
"Importação ";" 2010";"76169900";"Outras obras de alumínio";"Distrito Federal";"184309";"3583"
"Importação ";" 2010";"79070090";"Outras obras de zinco";"Bahia";"166092";"16144"
"Importação ";" 2010";"78060090";"Outras obras de chumbo";"Goiás";"134274";"62828"
"Importação ";" 2010";"74199100";"Outras obras de cobre, vazadas, moldadas, estampadas ou forjadas, mas não trabalhadas de outro modo";"Rio de Janeiro";"133148";"384"
"Importação ";" 2010";"78060090";"Outras obras de chumbo";"Rio de Janeiro";"127831";"1028"
"Importação ";" 2010";"78060090";"Outras obras de chumbo";"Bahia";"112487";"13899"
"Importação ";" 2010";"79070090";"Outras obras de zinco";"Goiás";"102096";"13897"
"Importação ";" 2010";"75089090";"Outras obras de níquel";"Rio Grande do Sul";"101959";"262"
"Importação ";" 2010";"78060090";"Outras obras de chumbo";"Paraná";"95879";"7245"
"Importação ";" 2010";"76169900";"Outras obras de alumínio";"Goiás";"79404";"6958"
"Importação ";" 2010";"75089090";"Outras obras de níquel";"Paraná";"67975";"677"
"Importação ";" 2010";"80070090";"Outras obras de estanho";"Santa Catarina";"47197";"3877"
"Importação ";" 2010";"78060090";"Outras obras de chumbo";"Minas Gerais";"38975";"2075"
"Importação ";" 2010";"80070090";"Outras obras de estanho";"Paraná";"33602";"1315"
"Importação ";" 2010";"76169900";"Outras obras de alumínio";"Paraíba";"32798";"1671"
"Importação ";" 2010";"76169900";"Outras obras de alumínio";"Alagoas";"31531";"838"
"Importação ";" 2010";"75089090";"Outras obras de níquel";"Minas Gerais";"31082";"365"
"Importação ";" 2010";"75089090";"Outras obras de níquel";"Alagoas";"30151";"141"
"Importação ";" 2010";"75089090";"Outras obras de níquel";"Santa Catarina";"26874";"665"
"Importação ";" 2010";"80070090";"Outras obras de estanho";"Rio de Janeiro";"26679";"42"
"Importação ";" 2010";"80070090";"Outras obras de estanho";"Distrito Federal";"25504";"3960"
"Importação ";" 2010";"76169900";"Outras obras de alumínio";"Tocantins";"23612";"1202"
"Importação ";" 2010";"76169900";"Outras obras de alumínio";"Rio Grande do Norte";"22148";"418"
"Importação ";" 2010";"80070090";"Outras obras de estanho";"Rio Grande do Sul";"22090";"10283"
"Importação ";" 2010";"76169900";"Outras obras de alumínio";"Pará";"20111";"2632"
"Importação ";" 2010";"76169900";"Outras obras de alumínio";"Maranhão";"16661";"559"
"Importação ";" 2010";"76169900";"Outras obras de alumínio";"Mato Grosso do Sul";"16144";"457"
"Importação ";" 2010";"76169900";"Outras obras de alumínio";"Mato Grosso";"16071";"32"
"Importação ";" 2010";"74199100";"Outras obras de cobre, vazadas, moldadas, estampadas ou forjadas, mas não trabalhadas de outro modo";"Santa Catarina";"14848";"1622"
"Importação ";" 2010";"79070090";"Outras obras de zinco";"Mato Grosso do Sul";"13769";"403"
"Importação ";" 2010";"79070090";"Outras obras de zinco";"Amazonas";"13410";"604"
"Importação ";" 2010";"74199100";"Outras obras de cobre, vazadas, moldadas, estampadas ou forjadas, mas não trabalhadas de outro modo";"Paraná";"11462";"302"
"Importação ";" 2010";"80070090";"Outras obras de estanho";"Pernambuco";"11181";"17"
"Importação ";" 2010";"75089090";"Outras obras de níquel";"Pernambuco";"10892";"1"
"Importação ";" 2010";"78060090";"Outras obras de chumbo";"Rio Grande do Sul";"7554";"16"
"Importação ";" 2010";"74199100";"Outras obras de cobre, vazadas, moldadas, estampadas ou forjadas, mas não trabalhadas de outro modo";"Rio Grande do Sul";"7187";"380"
"Importação ";" 2010";"74199100";"Outras obras de cobre, vazadas, moldadas, estampadas ou forjadas, mas não trabalhadas de outro modo";"Amazonas";"6126";"51"
"Importação ";" 2010";"78060090";"Outras obras de chumbo";"Espírito Santo";"5872";"29"
"Importação ";" 2010";"76169900";"Outras obras de alumínio";"Amapá";"4663";"935"
"Importação ";" 2010";"79070090";"Outras obras de zinco";"Paraíba";"4349";"111"
"Importação ";" 2010";"80070090";"Outras obras de estanho";"Espírito Santo";"3985";"814"
"Importação ";" 2010";"74199100";"Outras obras de cobre, vazadas, moldadas, estampadas ou forjadas, mas não trabalhadas de outro modo";"Bahia";"2780";"91"
"Importação ";" 2010";"80070090";"Outras obras de estanho";"Minas Gerais";"2680";"3"
"Importação ";" 2010";"78060090";"Outras obras de chumbo";"Santa Catarina";"2448";"1022"
"Importação ";" 2010";"79070090";"Outras obras de zinco";"Ceará";"1976";"23"
"Importação ";" 2010";"74199100";"Outras obras de cobre, vazadas, moldadas, estampadas ou forjadas, mas não trabalhadas de outro modo";"Espírito Santo";"1338";"7"
"Importação ";" 2010";"76169900";"Outras obras de alumínio";"Sergipe";"1156";"5"
"Importação ";" 2010";"76169900";"Outras obras de alumínio";"Rondônia";"1099";"281"
"Importação ";" 2010";"74199100";"Outras obras de cobre, vazadas, moldadas, estampadas ou forjadas, mas não trabalhadas de outro modo";"Paraíba";"1029";"100"
"Importação ";" 2010";"80070090";"Outras obras de estanho";"Bahia";"779";"3"
"Importação ";" 2010";"75089090";"Outras obras de níquel";"Distrito Federal";"600";"1"
"Importação ";" 2010";"75089090";"Outras obras de níquel";"Sergipe";"297";"7"
"Importação ";" 2010";"74199100";"Outras obras de cobre, vazadas, moldadas, estampadas ou forjadas, mas não trabalhadas de outro modo";"Pernambuco";"210";"0"
"Importação ";" 2010";"76169900";"Outras obras de alumínio";"Exterior";"198";"6"
"Importação ";" 2010";"76169900";"Outras obras de alumínio";"Roraima";"66";"24"
"Importação ";" 2010";"75089090";"Outras obras de níquel";"Ceará";"40";"0"
"Importação ";" 2010";"80070090";"Outras obras de estanho";"Amazonas";"3";"0"
"Exportação ";" 2009";"76169900";"Outras obras de alumínio";"São Paulo";"42710415";"5391042"
"Exportação ";" 2009";"76169900";"Outras obras de alumínio";"Rio de Janeiro";"3206236";"532998"
"Exportação ";" 2009";"76169900";"Outras obras de alumínio";"Zona Não Declarada";"2700540";"70039"
"Exportação ";" 2009";"76169900";"Outras obras de alumínio";"Reexportação";"2157702";"114937"
"Exportação ";" 2009";"76169900";"Outras obras de alumínio";"Paraná";"1077047";"121131"
"Exportação ";" 2009";"76169900";"Outras obras de alumínio";"Minas Gerais";"989119";"109148"
"Exportação ";" 2009";"76169900";"Outras obras de alumínio";"Rio Grande do Sul";"867514";"75399"
"Exportação ";" 2009";"76169900";"Outras obras de alumínio";"Mercadoria Nacionalizada";"866892";"5441"
"Exportação ";" 2009";"79070090";"Outras obras de zinco";"São Paulo";"767453";"80660"
"Exportação ";" 2009";"76169900";"Outras obras de alumínio";"Santa Catarina";"434052";"42938"
"Exportação ";" 2009";"74199100";"Outras obras de cobre, vazadas, moldadas, estampadas ou forjadas, mas não trabalhadas de outro modo";"São Paulo";"407334";"16711"
"Exportação ";" 2009";"76169900";"Outras obras de alumínio";"Não Declarada";"292806";"18303"
"Exportação ";" 2009";"75089090";"Outras obras de níquel";"Mercadoria Nacionalizada";"278354";"215"
"Exportação ";" 2009";"78060090";"Outras obras de chumbo";"São Paulo";"260521";"46602"
"Exportação ";" 2009";"76169900";"Outras obras de alumínio";"Ceará";"217961";"15557"
"Exportação ";" 2009";"75089090";"Outras obras de níquel";"Rio Grande do Sul";"152250";"11053"
"Exportação ";" 2009";"79070090";"Outras obras de zinco";"Zona Não Declarada";"135971";"6856"
"Exportação ";" 2009";"75089090";"Outras obras de níquel";"São Paulo";"129987";"215"
"Exportação ";" 2009";"76169900";"Outras obras de alumínio";"Bahia";"119909";"1944"
"Exportação ";" 2009";"75089090";"Outras obras de níquel";"Zona Não Declarada";"115987";"96"
"Exportação ";" 2009";"79070090";"Outras obras de zinco";"Rio de Janeiro";"115764";"35483"
"Exportação ";" 2009";"75089090";"Outras obras de níquel";"Paraná";"66477";"6782"
"Exportação ";" 2009";"79070090";"Outras obras de zinco";"Paraná";"65829";"3133"
"Exportação ";" 2009";"80070090";"Outras obras de estanho";"Minas Gerais";"60515";"923"
"Exportação ";" 2009";"74199100";"Outras obras de cobre, vazadas, moldadas, estampadas ou forjadas, mas não trabalhadas de outro modo";"Zona Não Declarada";"53793";"1861"
"Exportação ";" 2009";"78060090";"Outras obras de chumbo";"Paraná";"37909";"25790"
"Exportação ";" 2009";"78060090";"Outras obras de chumbo";"Amazonas";"31666";"4660"
"Exportação ";" 2009";"79070090";"Outras obras de zinco";"Mercadoria Nacionalizada";"31523";"3721"
"Exportação ";" 2009";"79070090";"Outras obras de zinco";"Rio Grande do Sul";"31189";"2219"
"Exportação ";" 2009";"79070090";"Outras obras de zinco";"Minas Gerais";"27480";"1229"
"Exportação ";" 2009";"78060090";"Outras obras de chumbo";"Reexportação";"18000";"4800"
"Exportação ";" 2009";"79070090";"Outras obras de zinco";"Não Declarada";"5100";"454"
"Exportação ";" 2009";"78060090";"Outras obras de chumbo";"Minas Gerais";"5011";"1218"
"Exportação ";" 2009";"76169900";"Outras obras de alumínio";"Pernambuco";"4950";"152"
"Exportação ";" 2009";"75089000";"Outras obras de níquel";"Rio Grande do Sul";"4883";"285"
"Exportação ";" 2009";"75089090";"Outras obras de níquel";"Rio de Janeiro";"3170";"6"
"Exportação ";" 2009";"76169900";"Outras obras de alumínio";"Acre";"2488";"221"
"Exportação ";" 2009";"79070090";"Outras obras de zinco";"Bahia";"2300";"6"
"Exportação ";" 2009";"80070090";"Outras obras de estanho";"Paraná";"1037";"162"
"Exportação ";" 2009";"78060090";"Outras obras de chumbo";"Não Declarada";"937";"96"
"Exportação ";" 2009";"79070090";"Outras obras de zinco";"Mato Grosso do Sul";"769";"77"
"Exportação ";" 2009";"79070090";"Outras obras de zinco";"Santa Catarina";"659";"179"
"Exportação ";" 2009";"74199100";"Outras obras de cobre, vazadas, moldadas, estampadas ou forjadas, mas não trabalhadas de outro modo";"Rio Grande do Sul";"628";"20"
"Exportação ";" 2009";"76169900";"Outras obras de alumínio";"Espírito Santo";"294";"116"
"Exportação ";" 2009";"74199100";"Outras obras de cobre, vazadas, moldadas, estampadas ou forjadas, mas não trabalhadas de outro modo";"Paraná";"285";"10"
"Exportação ";" 2009";"80070090";"Outras obras de estanho";"Goiás";"124";"20"
"Exportação ";" 2009";"74199100";"Outras obras de cobre, vazadas, moldadas, estampadas ou forjadas, mas não trabalhadas de outro modo";"Santa Catarina";"92";"0"
"Exportação ";" 2009";"78060090";"Outras obras de chumbo";"Zona Não Declarada";"89";"120"
"Exportação ";" 2009";"80070090";"Outras obras de estanho";"São Paulo";"71";"1"
"Exportação ";" 2009";"74199100";"Outras obras de cobre, vazadas, moldadas, estampadas ou forjadas, mas não trabalhadas de outro modo";"Não Declarada";"30";"1"
"Exportação ";" 2009";"78060090";"Outras obras de chumbo";"Rio Grande do Sul";"25";"0"
"Importação ";" 2009";"76169900";"Outras obras de alumínio";"São Paulo";"110640266";"2731984"
"Importação ";" 2009";"75089090";"Outras obras de níquel";"São Paulo";"5880937";"17955"
"Importação ";" 2009";"76169900";"Outras obras de alumínio";"Minas Gerais";"4796718";"135063"
"Importação ";" 2009";"76169900";"Outras obras de alumínio";"Paraná";"3961307";"275748"
"Importação ";" 2009";"76169900";"Outras obras de alumínio";"Rio Grande do Sul";"2778989";"226597"
"Importação ";" 2009";"76169900";"Outras obras de alumínio";"Rio de Janeiro";"2768698";"165638"
"Importação ";" 2009";"75089090";"Outras obras de níquel";"Rio de Janeiro";"2515573";"13932"
"Importação ";" 2009";"76169900";"Outras obras de alumínio";"Santa Catarina";"2421715";"286020"
"Importação ";" 2009";"76169900";"Outras obras de alumínio";"Amazonas";"1793063";"54617"
"Importação ";" 2009";"76169900";"Outras obras de alumínio";"Espírito Santo";"1689524";"411929"
"Importação ";" 2009";"79070090";"Outras obras de zinco";"São Paulo";"738588";"67748"
"Importação ";" 2009";"79070090";"Outras obras de zinco";"Paraná";"508350";"43875"
"Importação ";" 2009";"76169900";"Outras obras de alumínio";"Pernambuco";"427417";"16688"
"Importação ";" 2009";"78060090";"Outras obras de chumbo";"São Paulo";"402983";"17406"
"Importação ";" 2009";"76169900";"Outras obras de alumínio";"Ceará";"377252";"20280"
"Importação ";" 2009";"79070090";"Outras obras de zinco";"Rio Grande do Sul";"357695";"5591"
"Importação ";" 2009";"79070090";"Outras obras de zinco";"Espírito Santo";"319906";"50464"
"Importação ";" 2009";"76169900";"Outras obras de alumínio";"Bahia";"317371";"34217"
"Importação ";" 2009";"79070090";"Outras obras de zinco";"Minas Gerais";"305119";"19042"
"Importação ";" 2009";"74199100";"Outras obras de cobre, vazadas, moldadas, estampadas ou forjadas, mas não trabalhadas de outro modo";"São Paulo";"228731";"19909"
"Importação ";" 2009";"74199100";"Outras obras de cobre, vazadas, moldadas, estampadas ou forjadas, mas não trabalhadas de outro modo";"Minas Gerais";"228399";"11106"
"Importação ";" 2009";"80070090";"Outras obras de estanho";"São Paulo";"204163";"5643"
"Importação ";" 2009";"78060090";"Outras obras de chumbo";"Paraná";"198786";"17637"
"Importação ";" 2009";"76169900";"Outras obras de alumínio";"Distrito Federal";"161598";"2160"
"Importação ";" 2009";"79070090";"Outras obras de zinco";"Bahia";"153884";"13042"
"Importação ";" 2009";"79070090";"Outras obras de zinco";"Goiás";"151140";"24808"
"Importação ";" 2009";"79070090";"Outras obras de zinco";"Rio de Janeiro";"129962";"2821"
"Importação ";" 2009";"78060090";"Outras obras de chumbo";"Rio de Janeiro";"124786";"2676"
"Importação ";" 2009";"76169900";"Outras obras de alumínio";"Paraíba";"116560";"2000"
"Importação ";" 2009";"79070090";"Outras obras de zinco";"Santa Catarina";"96999";"11850"
"Importação ";" 2009";"76169900";"Outras obras de alumínio";"Maranhão";"95203";"4387"
"Importação ";" 2009";"80070090";"Outras obras de estanho";"Paraná";"87914";"5065"
"Importação ";" 2009";"75089090";"Outras obras de níquel";"Bahia";"68551";"203"
"Importação ";" 2009";"75089090";"Outras obras de níquel";"Rio Grande do Sul";"62092";"321"
"Importação ";" 2009";"75089090";"Outras obras de níquel";"Paraná";"61442";"388"
"Importação ";" 2009";"76169900";"Outras obras de alumínio";"Goiás";"52705";"3017"
"Importação ";" 2009";"78060090";"Outras obras de chumbo";"Bahia";"51176";"397"
"Importação ";" 2009";"75089090";"Outras obras de níquel";"Pernambuco";"45001";"135"
"Importação ";" 2009";"76169900";"Outras obras de alumínio";"Alagoas";"43023";"762"
"Importação ";" 2009";"78060090";"Outras obras de chumbo";"Goiás";"39109";"19074"
"Importação ";" 2009";"75089090";"Outras obras de níquel";"Minas Gerais";"33611";"855"
"Importação ";" 2009";"80070090";"Outras obras de estanho";"Rio Grande do Sul";"28401";"8120"
"Importação ";" 2009";"74199100";"Outras obras de cobre, vazadas, moldadas, estampadas ou forjadas, mas não trabalhadas de outro modo";"Amazonas";"27294";"85"
"Importação ";" 2009";"78060090";"Outras obras de chumbo";"Rio Grande do Sul";"23580";"811"
"Importação ";" 2009";"76169900";"Outras obras de alumínio";"Sergipe";"20925";"42"
"Importação ";" 2009";"74199100";"Outras obras de cobre, vazadas, moldadas, estampadas ou forjadas, mas não trabalhadas de outro modo";"Rio de Janeiro";"18990";"2078"
"Importação ";" 2009";"76169900";"Outras obras de alumínio";"Pará";"17897";"67"
"Importação ";" 2009";"78060090";"Outras obras de chumbo";"Santa Catarina";"16659";"5071"
"Importação ";" 2009";"75089090";"Outras obras de níquel";"Amazonas";"15882";"27"
"Importação ";" 2009";"80070090";"Outras obras de estanho";"Rio de Janeiro";"15438";"27"
"Importação ";" 2009";"79070090";"Outras obras de zinco";"Maranhão";"15252";"557"
"Importação ";" 2009";"76169900";"Outras obras de alumínio";"Mato Grosso do Sul";"13383";"3406"
"Importação ";" 2009";"75089090";"Outras obras de níquel";"Santa Catarina";"8835";"168"
"Importação ";" 2009";"79070090";"Outras obras de zinco";"Paraíba";"6479";"573"
"Importação ";" 2009";"75089090";"Outras obras de níquel";"Rio Grande do Norte";"6279";"43"
"Importação ";" 2009";"79070090";"Outras obras de zinco";"Amazonas";"5830";"267"
"Importação ";" 2009";"75089000";"Outras obras de níquel";"Bahia";"5604";"14"
"Importação ";" 2009";"74199100";"Outras obras de cobre, vazadas, moldadas, estampadas ou forjadas, mas não trabalhadas de outro modo";"Santa Catarina";"4522";"25"
"Importação ";" 2009";"76169900";"Outras obras de alumínio";"Rio Grande do Norte";"4456";"28"
"Importação ";" 2009";"80070090";"Outras obras de estanho";"Santa Catarina";"3784";"3747"
"Importação ";" 2009";"76169900";"Outras obras de alumínio";"Exterior";"3728";"28"
"Importação ";" 2009";"78060090";"Outras obras de chumbo";"Minas Gerais";"3551";"83"
"Importação ";" 2009";"80070090";"Outras obras de estanho";"Pernambuco";"3479";"180"
"Importação ";" 2009";"79070090";"Outras obras de zinco";"Ceará";"3173";"284"
"Importação ";" 2009";"74199100";"Outras obras de cobre, vazadas, moldadas, estampadas ou forjadas, mas não trabalhadas de outro modo";"Pernambuco";"2863";"3"
"Importação ";" 2009";"75089090";"Outras obras de níquel";"Espírito Santo";"2790";"4"
"Importação ";" 2009";"80070090";"Outras obras de estanho";"Amazonas";"2195";"1"
"Importação ";" 2009";"74199100";"Outras obras de cobre, vazadas, moldadas, estampadas ou forjadas, mas não trabalhadas de outro modo";"Rio Grande do Sul";"1700";"120"
"Importação ";" 2009";"76169900";"Outras obras de alumínio";"Piauí";"1673";"67"
"Importação ";" 2009";"76169900";"Outras obras de alumínio";"Mato Grosso";"1547";"20"
"Importação ";" 2009";"75089090";"Outras obras de níquel";"Maranhão";"1444";"34"
"Importação ";" 2009";"80070090";"Outras obras de estanho";"Espírito Santo";"1285";"8"
"Importação ";" 2009";"75089000";"Outras obras de níquel";"Amazonas";"1153";"102"
"Importação ";" 2009";"80070090";"Outras obras de estanho";"Bahia";"639";"158"
"Importação ";" 2009";"80070090";"Outras obras de estanho";"Minas Gerais";"491";"2"
"Importação ";" 2009";"75089090";"Outras obras de níquel";"Alagoas";"346";"0"
"Importação ";" 2009";"75089000";"Outras obras de níquel";"São Paulo";"283";"0"
"Importação ";" 2009";"74199100";"Outras obras de cobre, vazadas, moldadas, estampadas ou forjadas, mas não trabalhadas de outro modo";"Paraná";"210";"3"
"Importação ";" 2009";"78060090";"Outras obras de chumbo";"Rio Grande do Norte";"197";"3"
"Importação ";" 2009";"75089090";"Outras obras de níquel";"Paraíba";"173";"5"
"Importação ";" 2009";"74199100";"Outras obras de cobre, vazadas, moldadas, estampadas ou forjadas, mas não trabalhadas de outro modo";"Espírito Santo";"139";"20"
"Importação ";" 2009";"80070090";"Outras obras de estanho";"Rondônia";"132";"1"
"Importação ";" 2009";"80070090";"Outras obras de estanho";"Ceará";"100";"0"
"Importação ";" 2009";"78060090";"Outras obras de chumbo";"Espírito Santo";"93";"0"
"Importação ";" 2009";"78060090";"Outras obras de chumbo";"Amazonas";"89";"0"
"Importação ";" 2009";"79070090";"Outras obras de zinco";"Pará";"87";"2"
"Importação ";" 2009";"76169900";"Outras obras de alumínio";"Rondônia";"38";"7"
"Importação ";" 2009";"79070090";"Outras obras de zinco";"Alagoas";"2";"1"
"Exportação ";" 2008";"76169900";"Outras obras de alumínio";"São Paulo";"49672611";"4989649"
"Exportação ";" 2008";"76169900";"Outras obras de alumínio";"Zona Não Declarada";"1860057";"47033"
"Exportação ";" 2008";"76169900";"Outras obras de alumínio";"Minas Gerais";"1668009";"193190"
"Exportação ";" 2008";"76169900";"Outras obras de alumínio";"Rio Grande do Sul";"1297961";"87769"
"Exportação ";" 2008";"76169900";"Outras obras de alumínio";"Reexportação";"1238230";"60753"
"Exportação ";" 2008";"76169900";"Outras obras de alumínio";"Mercadoria Nacionalizada";"1200404";"4624"
"Exportação ";" 2008";"76169900";"Outras obras de alumínio";"Paraná";"1180549";"114919"
"Exportação ";" 2008";"79070090";"Outras obras de zinco";"São Paulo";"837453";"104510"
"Exportação ";" 2008";"76169900";"Outras obras de alumínio";"Santa Catarina";"826619";"73273"
"Exportação ";" 2008";"78060090";"Outras obras de chumbo";"São Paulo";"614821";"88213"
"Exportação ";" 2008";"76169900";"Outras obras de alumínio";"Rio de Janeiro";"573775";"25236"
"Exportação ";" 2008";"74199100";"Outras obras de cobre, vazadas, moldadas, estampadas ou forjadas, mas não trabalhadas de outro modo";"São Paulo";"335520";"14271"
"Exportação ";" 2008";"79070090";"Outras obras de zinco";"Rio de Janeiro";"329823";"47492"
"Exportação ";" 2008";"75089000";"Outras obras de níquel";"São Paulo";"277589";"630"
"Exportação ";" 2008";"75089000";"Outras obras de níquel";"Rio Grande do Sul";"234964";"13403"
"Exportação ";" 2008";"74199100";"Outras obras de cobre, vazadas, moldadas, estampadas ou forjadas, mas não trabalhadas de outro modo";"Zona Não Declarada";"204046";"3124"
"Exportação ";" 2008";"76169900";"Outras obras de alumínio";"Bahia";"176072";"11722"
"Exportação ";" 2008";"76169900";"Outras obras de alumínio";"Espírito Santo";"152753";"48939"
"Exportação ";" 2008";"76169900";"Outras obras de alumínio";"Não Declarada";"148546";"11421"
"Exportação ";" 2008";"75089000";"Outras obras de níquel";"Mercadoria Nacionalizada";"135004";"229"
"Exportação ";" 2008";"76169900";"Outras obras de alumínio";"Ceará";"111652";"5961"
"Exportação ";" 2008";"80070090";"Outras obras de estanho";"Amazonas";"91818";"70656"
"Exportação ";" 2008";"75089000";"Outras obras de níquel";"Paraná";"76286";"7433"
"Exportação ";" 2008";"79070090";"Outras obras de zinco";"Zona Não Declarada";"70195";"3120"
"Exportação ";" 2008";"74199100";"Outras obras de cobre, vazadas, moldadas, estampadas ou forjadas, mas não trabalhadas de outro modo";"Mercadoria Nacionalizada";"68515";"846"
"Exportação ";" 2008";"80070090";"Outras obras de estanho";"Minas Gerais";"65033";"2193"
"Exportação ";" 2008";"75089000";"Outras obras de níquel";"Zona Não Declarada";"50959";"102"
"Exportação ";" 2008";"74199100";"Outras obras de cobre, vazadas, moldadas, estampadas ou forjadas, mas não trabalhadas de outro modo";"Amazonas";"44362";"4843"
"Exportação ";" 2008";"79070090";"Outras obras de zinco";"Rio Grande do Sul";"40191";"2346"
"Exportação ";" 2008";"79070090";"Outras obras de zinco";"Santa Catarina";"39250";"1435"
"Exportação ";" 2008";"76169900";"Outras obras de alumínio";"Distrito Federal";"36981";"408"
"Exportação ";" 2008";"76169900";"Outras obras de alumínio";"Mato Grosso do Sul";"31276";"13140"
"Exportação ";" 2008";"78060090";"Outras obras de chumbo";"Bahia";"25000";"2049"
"Exportação ";" 2008";"78060090";"Outras obras de chumbo";"Minas Gerais";"20331";"3028"
"Exportação ";" 2008";"79070090";"Outras obras de zinco";"Paraná";"4499";"490"
"Exportação ";" 2008";"78060090";"Outras obras de chumbo";"Zona Não Declarada";"4468";"253"
"Exportação ";" 2008";"79070090";"Outras obras de zinco";"Minas Gerais";"3517";"296"
"Exportação ";" 2008";"76169900";"Outras obras de alumínio";"Amapá";"3022";"29"
"Exportação ";" 2008";"74199100";"Outras obras de cobre, vazadas, moldadas, estampadas ou forjadas, mas não trabalhadas de outro modo";"Minas Gerais";"2759";"28"
"Exportação ";" 2008";"76169900";"Outras obras de alumínio";"Pernambuco";"2676";"256"
"Exportação ";" 2008";"74199100";"Outras obras de cobre, vazadas, moldadas, estampadas ou forjadas, mas não trabalhadas de outro modo";"Paraná";"1933";"162"
"Exportação ";" 2008";"79070090";"Outras obras de zinco";"Mercadoria Nacionalizada";"1505";"793"
"Exportação ";" 2008";"80070090";"Outras obras de estanho";"São Paulo";"1425";"208"
"Exportação ";" 2008";"78060090";"Outras obras de chumbo";"Paraná";"1302";"160"
"Exportação ";" 2008";"75089000";"Outras obras de níquel";"Amazonas";"1249";"462"
"Exportação ";" 2008";"75089000";"Outras obras de níquel";"Rio de Janeiro";"938";"1"
"Exportação ";" 2008";"76169900";"Outras obras de alumínio";"Paraíba";"793";"37"
"Exportação ";" 2008";"74199100";"Outras obras de cobre, vazadas, moldadas, estampadas ou forjadas, mas não trabalhadas de outro modo";"Rio Grande do Sul";"781";"40"
"Exportação ";" 2008";"76169900";"Outras obras de alumínio";"Amazonas";"624";"7"
"Exportação ";" 2008";"78060090";"Outras obras de chumbo";"Não Declarada";"525";"2"
"Exportação ";" 2008";"78060090";"Outras obras de chumbo";"Rio de Janeiro";"328";"36"
"Exportação ";" 2008";"78060090";"Outras obras de chumbo";"Mercadoria Nacionalizada";"315";"2"
"Exportação ";" 2008";"78060090";"Outras obras de chumbo";"Rio Grande do Sul";"314";"9"
"Exportação ";" 2008";"76169900";"Outras obras de alumínio";"Rio Grande do Norte";"172";"2"
"Exportação ";" 2008";"74199100";"Outras obras de cobre, vazadas, moldadas, estampadas ou forjadas, mas não trabalhadas de outro modo";"Santa Catarina";"91";"0"
"Exportação ";" 2008";"79070090";"Outras obras de zinco";"Não Declarada";"39";"1"
"Exportação ";" 2008";"76169900";"Outras obras de alumínio";"Goiás";"12";"0"
"Exportação ";" 2008";"74199100";"Outras obras de cobre, vazadas, moldadas, estampadas ou forjadas, mas não trabalhadas de outro modo";"Rio de Janeiro";"4";"1"
"Exportação ";" 2008";"75089000";"Outras obras de níquel";"Santa Catarina";"2";"1"
"Exportação ";" 2008";"80070090";"Outras obras de estanho";"Zona Não Declarada";"1";"1"
"Importação ";" 2008";"76169900";"Outras obras de alumínio";"São Paulo";"162446471";"3862066"
"Importação ";" 2008";"75089000";"Outras obras de níquel";"São Paulo";"8658386";"30753"
"Importação ";" 2008";"76169900";"Outras obras de alumínio";"Minas Gerais";"5537182";"162731"
"Importação ";" 2008";"76169900";"Outras obras de alumínio";"Santa Catarina";"4552799";"471168"
"Importação ";" 2008";"76169900";"Outras obras de alumínio";"Rio Grande do Sul";"3651379";"121757"
"Importação ";" 2008";"76169900";"Outras obras de alumínio";"Rio de Janeiro";"3154347";"130987"
"Importação ";" 2008";"75089000";"Outras obras de níquel";"Rio de Janeiro";"3081977";"16194"
"Importação ";" 2008";"76169900";"Outras obras de alumínio";"Espírito Santo";"2362898";"477433"
"Importação ";" 2008";"76169900";"Outras obras de alumínio";"Paraná";"2080055";"227407"
"Importação ";" 2008";"76169900";"Outras obras de alumínio";"Amazonas";"1734144";"72796"
"Importação ";" 2008";"74199100";"Outras obras de cobre, vazadas, moldadas, estampadas ou forjadas, mas não trabalhadas de outro modo";"São Paulo";"1181271";"92372"
"Importação ";" 2008";"79070090";"Outras obras de zinco";"São Paulo";"862123";"50962"
"Importação ";" 2008";"76169900";"Outras obras de alumínio";"Ceará";"809343";"35232"
"Importação ";" 2008";"79070090";"Outras obras de zinco";"Paraná";"601995";"35914"
"Importação ";" 2008";"76169900";"Outras obras de alumínio";"Goiás";"536212";"13395"
"Importação ";" 2008";"78060090";"Outras obras de chumbo";"Pernambuco";"533511";"39546"
"Importação ";" 2008";"79070090";"Outras obras de zinco";"Mato Grosso do Sul";"512371";"162000"
"Importação ";" 2008";"76169900";"Outras obras de alumínio";"Bahia";"511880";"40629"
"Importação ";" 2008";"79070090";"Outras obras de zinco";"Espírito Santo";"487606";"60527"
"Importação ";" 2008";"78060090";"Outras obras de chumbo";"Paraná";"344407";"27684"
"Importação ";" 2008";"79070090";"Outras obras de zinco";"Minas Gerais";"326897";"22471"
"Importação ";" 2008";"75089000";"Outras obras de níquel";"Amazonas";"306605";"9061"
"Importação ";" 2008";"78060090";"Outras obras de chumbo";"Bahia";"246964";"27787"
"Importação ";" 2008";"79070090";"Outras obras de zinco";"Rio de Janeiro";"237511";"3448"
"Importação ";" 2008";"75089000";"Outras obras de níquel";"Paraná";"233436";"653"
"Importação ";" 2008";"79070090";"Outras obras de zinco";"Bahia";"232898";"22897"
"Importação ";" 2008";"80070090";"Outras obras de estanho";"São Paulo";"232463";"1031"
"Importação ";" 2008";"78060090";"Outras obras de chumbo";"Rio de Janeiro";"231585";"10617"
"Importação ";" 2008";"75089000";"Outras obras de níquel";"Minas Gerais";"161668";"3344"
"Importação ";" 2008";"79070090";"Outras obras de zinco";"Goiás";"161256";"35076"
"Importação ";" 2008";"76169900";"Outras obras de alumínio";"Pernambuco";"142654";"9560"
"Importação ";" 2008";"74199100";"Outras obras de cobre, vazadas, moldadas, estampadas ou forjadas, mas não trabalhadas de outro modo";"Paraná";"109637";"1251"
"Importação ";" 2008";"76169900";"Outras obras de alumínio";"Distrito Federal";"92111";"1450"
"Importação ";" 2008";"75089000";"Outras obras de níquel";"Bahia";"85070";"2765"
"Importação ";" 2008";"79070090";"Outras obras de zinco";"Santa Catarina";"82158";"17939"
"Importação ";" 2008";"78060090";"Outras obras de chumbo";"Goiás";"79515";"40606"
"Importação ";" 2008";"78060090";"Outras obras de chumbo";"São Paulo";"63686";"4228"
"Importação ";" 2008";"75089000";"Outras obras de níquel";"Rio Grande do Sul";"62701";"227"
"Importação ";" 2008";"75089000";"Outras obras de níquel";"Pernambuco";"46289";"99"
"Importação ";" 2008";"78060090";"Outras obras de chumbo";"Minas Gerais";"45672";"5654"
"Importação ";" 2008";"78060090";"Outras obras de chumbo";"Santa Catarina";"32838";"7122"
"Importação ";" 2008";"80070090";"Outras obras de estanho";"Rio Grande do Sul";"31478";"8348"
"Importação ";" 2008";"80070090";"Outras obras de estanho";"Rio de Janeiro";"27291";"121"
"Importação ";" 2008";"74199100";"Outras obras de cobre, vazadas, moldadas, estampadas ou forjadas, mas não trabalhadas de outro modo";"Rio de Janeiro";"25267";"738"
"Importação ";" 2008";"76169900";"Outras obras de alumínio";"Sergipe";"25063";"402"
"Importação ";" 2008";"74199100";"Outras obras de cobre, vazadas, moldadas, estampadas ou forjadas, mas não trabalhadas de outro modo";"Minas Gerais";"24655";"239"
"Importação ";" 2008";"75089000";"Outras obras de níquel";"Santa Catarina";"22159";"605"
"Importação ";" 2008";"78060090";"Outras obras de chumbo";"Rio Grande do Sul";"19477";"26"
"Importação ";" 2008";"76169900";"Outras obras de alumínio";"Pará";"18781";"1976"
"Importação ";" 2008";"74199100";"Outras obras de cobre, vazadas, moldadas, estampadas ou forjadas, mas não trabalhadas de outro modo";"Amazonas";"18433";"748"
"Importação ";" 2008";"79070090";"Outras obras de zinco";"Ceará";"16503";"9586"
"Importação ";" 2008";"79070090";"Outras obras de zinco";"Rio Grande do Sul";"16349";"1527"
"Importação ";" 2008";"79070090";"Outras obras de zinco";"Amazonas";"12127";"379"
"Importação ";" 2008";"74199100";"Outras obras de cobre, vazadas, moldadas, estampadas ou forjadas, mas não trabalhadas de outro modo";"Rio Grande do Sul";"11600";"676"
"Importação ";" 2008";"74199100";"Outras obras de cobre, vazadas, moldadas, estampadas ou forjadas, mas não trabalhadas de outro modo";"Pernambuco";"9874";"191"
"Importação ";" 2008";"76169900";"Outras obras de alumínio";"Tocantins";"8753";"119"
"Importação ";" 2008";"74199100";"Outras obras de cobre, vazadas, moldadas, estampadas ou forjadas, mas não trabalhadas de outro modo";"Espírito Santo";"6711";"770"
"Importação ";" 2008";"76169900";"Outras obras de alumínio";"Mato Grosso do Sul";"6370";"719"
"Importação ";" 2008";"76169900";"Outras obras de alumínio";"Maranhão";"4220";"2"
"Importação ";" 2008";"76169900";"Outras obras de alumínio";"Paraíba";"3823";"281"
"Importação ";" 2008";"78060090";"Outras obras de chumbo";"Espírito Santo";"3630";"600"
"Importação ";" 2008";"76169900";"Outras obras de alumínio";"Rio Grande do Norte";"3165";"13"
"Importação ";" 2008";"75089000";"Outras obras de níquel";"Alagoas";"3064";"31"
"Importação ";" 2008";"80070090";"Outras obras de estanho";"Amazonas";"2998";"2"
"Importação ";" 2008";"76169900";"Outras obras de alumínio";"Mato Grosso";"2962";"18"
"Importação ";" 2008";"75089000";"Outras obras de níquel";"Rio Grande do Norte";"2505";"2"
"Importação ";" 2008";"74199100";"Outras obras de cobre, vazadas, moldadas, estampadas ou forjadas, mas não trabalhadas de outro modo";"Santa Catarina";"1725";"54"
"Importação ";" 2008";"80070090";"Outras obras de estanho";"Santa Catarina";"1014";"406"
"Importação ";" 2008";"76169900";"Outras obras de alumínio";"Amapá";"880";"126"
"Importação ";" 2008";"75089000";"Outras obras de níquel";"Ceará";"688";"30"
"Importação ";" 2008";"75089000";"Outras obras de níquel";"Espírito Santo";"584";"0"
"Importação ";" 2008";"78060090";"Outras obras de chumbo";"Rio Grande do Norte";"378";"7"
"Importação ";" 2008";"78060090";"Outras obras de chumbo";"Mato Grosso";"368";"10"
"Importação ";" 2008";"78060090";"Outras obras de chumbo";"Rondônia";"184";"18"
"Importação ";" 2008";"76169900";"Outras obras de alumínio";"Alagoas";"170";"6"
"Importação ";" 2008";"78060090";"Outras obras de chumbo";"Distrito Federal";"168";"5"
"Importação ";" 2008";"74199100";"Outras obras de cobre, vazadas, moldadas, estampadas ou forjadas, mas não trabalhadas de outro modo";"Bahia";"131";"10"
"Importação ";" 2008";"80070090";"Outras obras de estanho";"Espírito Santo";"48";"3"
"Importação ";" 2008";"79070090";"Outras obras de zinco";"Pernambuco";"40";"2"
"Importação ";" 2008";"79070090";"Outras obras de zinco";"Alagoas";"13";"5"
"Exportação ";" 2007";"76169900";"Outras obras de alumínio";"São Paulo";"42955012";"4950125"
"Exportação ";" 2007";"76169900";"Outras obras de alumínio";"Minas Gerais";"1251903";"172525"
"Exportação ";" 2007";"76169900";"Outras obras de alumínio";"Rio Grande do Sul";"1087195";"111835"
"Exportação ";" 2007";"76169900";"Outras obras de alumínio";"Zona Não Declarada";"917218";"32879"
"Exportação ";" 2007";"76169900";"Outras obras de alumínio";"Paraná";"793752";"58369"
"Exportação ";" 2007";"76169900";"Outras obras de alumínio";"Santa Catarina";"740586";"95628"
"Exportação ";" 2007";"75089000";"Outras obras de níquel";"São Paulo";"703489";"1322"
"Exportação ";" 2007";"79070090";"Outras obras de zinco";"São Paulo";"632010";"63237"
"Exportação ";" 2007";"78060090";"Outras obras de chumbo";"São Paulo";"476325";"108256"
"Exportação ";" 2007";"74199100";"Outras obras de cobre, vazadas, moldadas, estampadas ou forjadas, mas não trabalhadas de outro modo";"São Paulo";"417959";"24000"
"Exportação ";" 2007";"76169900";"Outras obras de alumínio";"Não Declarada";"379109";"53456"
"Exportação ";" 2007";"76169900";"Outras obras de alumínio";"Mercadoria Nacionalizada";"365549";"8621"
"Exportação ";" 2007";"76169900";"Outras obras de alumínio";"Rio de Janeiro";"201725";"35905"
"Exportação ";" 2007";"75089000";"Outras obras de níquel";"Rio Grande do Sul";"174412";"14303"
"Exportação ";" 2007";"76169900";"Outras obras de alumínio";"Espírito Santo";"153316";"42550"
"Exportação ";" 2007";"79070090";"Outras obras de zinco";"Rio de Janeiro";"137216";"27800"
"Exportação ";" 2007";"74199100";"Outras obras de cobre, vazadas, moldadas, estampadas ou forjadas, mas não trabalhadas de outro modo";"Zona Não Declarada";"127905";"177"
"Exportação ";" 2007";"75089000";"Outras obras de níquel";"Paraná";"116509";"5591"
"Exportação ";" 2007";"75089000";"Outras obras de níquel";"Zona Não Declarada";"69642";"229"
"Exportação ";" 2007";"80070090";"Outras obras de estanho";"Minas Gerais";"59319";"1211"
"Exportação ";" 2007";"79070090";"Outras obras de zinco";"Santa Catarina";"58638";"3029"
"Exportação ";" 2007";"79070090";"Outras obras de zinco";"Zona Não Declarada";"56116";"2827"
"Exportação ";" 2007";"79070090";"Outras obras de zinco";"Rio Grande do Sul";"40129";"2279"
"Exportação ";" 2007";"80070090";"Outras obras de estanho";"São Paulo";"19325";"27109"
"Exportação ";" 2007";"74199100";"Outras obras de cobre, vazadas, moldadas, estampadas ou forjadas, mas não trabalhadas de outro modo";"Rio Grande do Sul";"13731";"457"
"Exportação ";" 2007";"75089000";"Outras obras de níquel";"Mercadoria Nacionalizada";"11383";"37"
"Exportação ";" 2007";"78060090";"Outras obras de chumbo";"Minas Gerais";"11328";"3360"
"Exportação ";" 2007";"79070090";"Outras obras de zinco";"Paraná";"9959";"1049"
"Exportação ";" 2007";"76169900";"Outras obras de alumínio";"Goiás";"8939";"5603"
"Exportação ";" 2007";"79070090";"Outras obras de zinco";"Goiás";"4489";"457"
"Exportação ";" 2007";"76169900";"Outras obras de alumínio";"Mato Grosso";"3883";"90"
"Exportação ";" 2007";"80070090";"Outras obras de estanho";"Mercadoria Nacionalizada";"3811";"1"
"Exportação ";" 2007";"76169900";"Outras obras de alumínio";"Bahia";"3056";"54"
"Exportação ";" 2007";"78060090";"Outras obras de chumbo";"Mercadoria Nacionalizada";"3050";"19"
"Exportação ";" 2007";"78060090";"Outras obras de chumbo";"Paraná";"2342";"464"
"Exportação ";" 2007";"76169900";"Outras obras de alumínio";"Reexportação";"1290";"7"
"Exportação ";" 2007";"74199100";"Outras obras de cobre, vazadas, moldadas, estampadas ou forjadas, mas não trabalhadas de outro modo";"Santa Catarina";"1022";"30"
"Exportação ";" 2007";"79070090";"Outras obras de zinco";"Minas Gerais";"967";"97"
"Exportação ";" 2007";"76169900";"Outras obras de alumínio";"Ceará";"807";"35"
"Exportação ";" 2007";"76169900";"Outras obras de alumínio";"Pernambuco";"591";"31"
"Exportação ";" 2007";"74199100";"Outras obras de cobre, vazadas, moldadas, estampadas ou forjadas, mas não trabalhadas de outro modo";"Paraná";"493";"17"
"Exportação ";" 2007";"80070090";"Outras obras de estanho";"Não Declarada";"352";"25"
"Exportação ";" 2007";"78060090";"Outras obras de chumbo";"Rio de Janeiro";"323";"37"
"Exportação ";" 2007";"76169900";"Outras obras de alumínio";"Pará";"268";"13"
"Exportação ";" 2007";"78060090";"Outras obras de chumbo";"Rio Grande do Sul";"248";"5"
"Exportação ";" 2007";"74199100";"Outras obras de cobre, vazadas, moldadas, estampadas ou forjadas, mas não trabalhadas de outro modo";"Minas Gerais";"149";"37"
"Exportação ";" 2007";"78060090";"Outras obras de chumbo";"Santa Catarina";"35";"1"
"Importação ";" 2007";"76169900";"Outras obras de alumínio";"São Paulo";"143428303";"2898488"
"Importação ";" 2007";"75089000";"Outras obras de níquel";"São Paulo";"7583812";"26137"
"Importação ";" 2007";"76169900";"Outras obras de alumínio";"Minas Gerais";"3612546";"225096"
"Importação ";" 2007";"76169900";"Outras obras de alumínio";"Santa Catarina";"3090028";"382596"
"Importação ";" 2007";"75089000";"Outras obras de níquel";"Rio de Janeiro";"2638900";"13009"
"Importação ";" 2007";"76169900";"Outras obras de alumínio";"Rio Grande do Sul";"2085682";"142155"
"Importação ";" 2007";"76169900";"Outras obras de alumínio";"Espírito Santo";"1859804";"294841"
"Importação ";" 2007";"74199100";"Outras obras de cobre, vazadas, moldadas, estampadas ou forjadas, mas não trabalhadas de outro modo";"São Paulo";"1656148";"200167"
"Importação ";" 2007";"76169900";"Outras obras de alumínio";"Paraná";"1596833";"137046"
"Importação ";" 2007";"76169900";"Outras obras de alumínio";"Rio de Janeiro";"1442840";"65748"
"Importação ";" 2007";"76169900";"Outras obras de alumínio";"Amazonas";"1269544";"53728"
"Importação ";" 2007";"78060090";"Outras obras de chumbo";"Pará";"661619";"164664"
"Importação ";" 2007";"76169900";"Outras obras de alumínio";"Bahia";"568009";"42116"
"Importação ";" 2007";"79070090";"Outras obras de zinco";"São Paulo";"525269";"62249"
"Importação ";" 2007";"79070090";"Outras obras de zinco";"Espírito Santo";"490602";"57404"
"Importação ";" 2007";"79070090";"Outras obras de zinco";"Paraná";"316689";"19565"
"Importação ";" 2007";"79070090";"Outras obras de zinco";"Minas Gerais";"281798";"25570"
"Importação ";" 2007";"75089000";"Outras obras de níquel";"Amazonas";"195391";"3592"
"Importação ";" 2007";"78060090";"Outras obras de chumbo";"Rio de Janeiro";"190951";"7135"
"Importação ";" 2007";"79070090";"Outras obras de zinco";"Bahia";"188817";"30046"
"Importação ";" 2007";"78060090";"Outras obras de chumbo";"Paraná";"179355";"16340"
"Importação ";" 2007";"80070090";"Outras obras de estanho";"São Paulo";"176719";"1219"
"Importação ";" 2007";"79070090";"Outras obras de zinco";"Mato Grosso do Sul";"176663";"54949"
"Importação ";" 2007";"78060090";"Outras obras de chumbo";"São Paulo";"167952";"5430"
"Importação ";" 2007";"79070090";"Outras obras de zinco";"Goiás";"159987";"33805"
"Importação ";" 2007";"76169900";"Outras obras de alumínio";"Ceará";"156975";"1501"
"Importação ";" 2007";"75089000";"Outras obras de níquel";"Paraná";"154254";"961"
"Importação ";" 2007";"79070090";"Outras obras de zinco";"Distrito Federal";"102608";"26113"
"Importação ";" 2007";"74199100";"Outras obras de cobre, vazadas, moldadas, estampadas ou forjadas, mas não trabalhadas de outro modo";"Paraná";"99388";"1595"
"Importação ";" 2007";"75089000";"Outras obras de níquel";"Bahia";"79552";"220"
"Importação ";" 2007";"79070090";"Outras obras de zinco";"Rio Grande do Sul";"79039";"3456"
"Importação ";" 2007";"78060090";"Outras obras de chumbo";"Distrito Federal";"65704";"66"
"Importação ";" 2007";"79070090";"Outras obras de zinco";"Rio de Janeiro";"64420";"1339"
"Importação ";" 2007";"75089000";"Outras obras de níquel";"Goiás";"54678";"4381"
"Importação ";" 2007";"75089000";"Outras obras de níquel";"Espírito Santo";"54260";"497"
"Importação ";" 2007";"76169900";"Outras obras de alumínio";"Distrito Federal";"51762";"1365"
"Importação ";" 2007";"74199100";"Outras obras de cobre, vazadas, moldadas, estampadas ou forjadas, mas não trabalhadas de outro modo";"Amazonas";"50517";"1072"
"Importação ";" 2007";"74199100";"Outras obras de cobre, vazadas, moldadas, estampadas ou forjadas, mas não trabalhadas de outro modo";"Pará";"48229";"1004"
"Importação ";" 2007";"76169900";"Outras obras de alumínio";"Goiás";"43216";"5805"
"Importação ";" 2007";"78060090";"Outras obras de chumbo";"Minas Gerais";"41658";"5424"
"Importação ";" 2007";"76169900";"Outras obras de alumínio";"Alagoas";"40493";"926"
"Importação ";" 2007";"75089000";"Outras obras de níquel";"Pará";"39206";"19"
"Importação ";" 2007";"75089000";"Outras obras de níquel";"Santa Catarina";"37799";"982"
"Importação ";" 2007";"75089000";"Outras obras de níquel";"Rio Grande do Sul";"36180";"305"
"Importação ";" 2007";"78060090";"Outras obras de chumbo";"Goiás";"33191";"22651"
"Importação ";" 2007";"76169900";"Outras obras de alumínio";"Rio Grande do Norte";"33070";"41"
"Importação ";" 2007";"76169900";"Outras obras de alumínio";"Pernambuco";"32960";"930"
"Importação ";" 2007";"74199100";"Outras obras de cobre, vazadas, moldadas, estampadas ou forjadas, mas não trabalhadas de outro modo";"Minas Gerais";"32260";"245"
"Importação ";" 2007";"80070090";"Outras obras de estanho";"Rio de Janeiro";"27650";"33"
"Importação ";" 2007";"75089000";"Outras obras de níquel";"Pernambuco";"22975";"52"
"Importação ";" 2007";"76169900";"Outras obras de alumínio";"Sergipe";"22732";"218"
"Importação ";" 2007";"79070090";"Outras obras de zinco";"Santa Catarina";"20429";"616"
"Importação ";" 2007";"74199100";"Outras obras de cobre, vazadas, moldadas, estampadas ou forjadas, mas não trabalhadas de outro modo";"Rio de Janeiro";"16067";"187"
"Importação ";" 2007";"75089000";"Outras obras de níquel";"Alagoas";"15891";"27"
"Importação ";" 2007";"74199100";"Outras obras de cobre, vazadas, moldadas, estampadas ou forjadas, mas não trabalhadas de outro modo";"Rio Grande do Sul";"11042";"1652"
"Importação ";" 2007";"80070090";"Outras obras de estanho";"Paraná";"10037";"100"
"Importação ";" 2007";"76169900";"Outras obras de alumínio";"Pará";"9954";"12"
"Importação ";" 2007";"75089000";"Outras obras de níquel";"Mato Grosso";"8344";"16"
"Importação ";" 2007";"76169900";"Outras obras de alumínio";"Mato Grosso";"7910";"437"
"Importação ";" 2007";"76169900";"Outras obras de alumínio";"Rondônia";"7841";"330"
"Importação ";" 2007";"75089000";"Outras obras de níquel";"Minas Gerais";"6468";"103"
"Importação ";" 2007";"75089000";"Outras obras de níquel";"Ceará";"6451";"100"
"Importação ";" 2007";"74199100";"Outras obras de cobre, vazadas, moldadas, estampadas ou forjadas, mas não trabalhadas de outro modo";"Pernambuco";"3868";"78"
"Importação ";" 2007";"80070090";"Outras obras de estanho";"Rio Grande do Sul";"3690";"160"
"Importação ";" 2007";"76169900";"Outras obras de alumínio";"Maranhão";"3410";"3"
"Importação ";" 2007";"74199100";"Outras obras de cobre, vazadas, moldadas, estampadas ou forjadas, mas não trabalhadas de outro modo";"Espírito Santo";"3353";"20"
"Importação ";" 2007";"75089000";"Outras obras de níquel";"Rio Grande do Norte";"2265";"1"
"Importação ";" 2007";"79070090";"Outras obras de zinco";"Amazonas";"1589";"28"
"Importação ";" 2007";"80070090";"Outras obras de estanho";"Pernambuco";"1382";"8"
"Importação ";" 2007";"78060090";"Outras obras de chumbo";"Rio Grande do Norte";"1141";"3"
"Importação ";" 2007";"74199100";"Outras obras de cobre, vazadas, moldadas, estampadas ou forjadas, mas não trabalhadas de outro modo";"Bahia";"620";"3"
"Importação ";" 2007";"79070090";"Outras obras de zinco";"Paraíba";"517";"2"
"Importação ";" 2007";"76169900";"Outras obras de alumínio";"Amapá";"468";"146"
"Importação ";" 2007";"80070090";"Outras obras de estanho";"Amazonas";"404";"1"
"Importação ";" 2007";"75089000";"Outras obras de níquel";"Mato Grosso do Sul";"366";"10"
"Importação ";" 2007";"74199100";"Outras obras de cobre, vazadas, moldadas, estampadas ou forjadas, mas não trabalhadas de outro modo";"Santa Catarina";"197";"0"
"Importação ";" 2007";"78060090";"Outras obras de chumbo";"Rio Grande do Sul";"184";"0"
"Importação ";" 2007";"78060090";"Outras obras de chumbo";"Bahia";"164";"1"
"Importação ";" 2007";"80070090";"Outras obras de estanho";"Amapá";"125";"18"
"Importação ";" 2007";"79070090";"Outras obras de zinco";"Pará";"101";"119"
"Importação ";" 2007";"80070090";"Outras obras de estanho";"Espírito Santo";"94";"0"
"Importação ";" 2007";"78060090";"Outras obras de chumbo";"Espírito Santo";"83";"2"
"Importação ";" 2007";"76169900";"Outras obras de alumínio";"Paraíba";"63";"52"
"Exportação ";" 2006";"76169900";"Outras obras de alumínio";"São Paulo";"28875711";"4833416"
"Exportação ";" 2006";"76169900";"Outras obras de alumínio";"Paraná";"860524";"97544"
"Exportação ";" 2006";"76169900";"Outras obras de alumínio";"Minas Gerais";"741323";"106066"
"Exportação ";" 2006";"76169900";"Outras obras de alumínio";"Rio Grande do Sul";"738668";"108325"
"Exportação ";" 2006";"76169900";"Outras obras de alumínio";"Zona Não Declarada";"594675";"33791"
"Exportação ";" 2006";"74199100";"Outras obras de cobre, vazadas, moldadas, estampadas ou forjadas, mas não trabalhadas de outro modo";"São Paulo";"439529";"136390"
"Exportação ";" 2006";"76169900";"Outras obras de alumínio";"Santa Catarina";"400957";"42198"
"Exportação ";" 2006";"76169900";"Outras obras de alumínio";"Rio de Janeiro";"351719";"50861"
"Exportação ";" 2006";"76169900";"Outras obras de alumínio";"Mercadoria Nacionalizada";"290499";"4228"
"Exportação ";" 2006";"75089000";"Outras obras de níquel";"São Paulo";"268697";"659"
"Exportação ";" 2006";"75089000";"Outras obras de níquel";"Rio Grande do Sul";"154178";"15608"
"Exportação ";" 2006";"76169900";"Outras obras de alumínio";"Não Declarada";"150612";"11087"
"Exportação ";" 2006";"75089000";"Outras obras de níquel";"Paraná";"122657";"9781"
"Exportação ";" 2006";"74199100";"Outras obras de cobre, vazadas, moldadas, estampadas ou forjadas, mas não trabalhadas de outro modo";"Zona Não Declarada";"94204";"8390"
"Exportação ";" 2006";"76169900";"Outras obras de alumínio";"Reexportação";"80262";"550"
"Exportação ";" 2006";"75089000";"Outras obras de níquel";"Zona Não Declarada";"46056";"150"
"Exportação ";" 2006";"76169900";"Outras obras de alumínio";"Bahia";"11149";"1118"
"Exportação ";" 2006";"75089000";"Outras obras de níquel";"Mercadoria Nacionalizada";"8760";"2"
"Exportação ";" 2006";"76169900";"Outras obras de alumínio";"Distrito Federal";"3379";"239"
"Exportação ";" 2006";"74199100";"Outras obras de cobre, vazadas, moldadas, estampadas ou forjadas, mas não trabalhadas de outro modo";"Rio de Janeiro";"502";"15"
"Exportação ";" 2006";"76169900";"Outras obras de alumínio";"Pernambuco";"158";"15"
"Exportação ";" 2006";"75089000";"Outras obras de níquel";"Santa Catarina";"121";"11"
"Exportação ";" 2006";"74199100";"Outras obras de cobre, vazadas, moldadas, estampadas ou forjadas, mas não trabalhadas de outro modo";"Santa Catarina";"120";"3"
"Exportação ";" 2006";"74199100";"Outras obras de cobre, vazadas, moldadas, estampadas ou forjadas, mas não trabalhadas de outro modo";"Não Declarada";"104";"0"
"Exportação ";" 2006";"76169900";"Outras obras de alumínio";"Rio Grande do Norte";"62";"2"
"Exportação ";" 2006";"74199100";"Outras obras de cobre, vazadas, moldadas, estampadas ou forjadas, mas não trabalhadas de outro modo";"Rio Grande do Sul";"23";"2"
"Importação ";" 2006";"76169900";"Outras obras de alumínio";"São Paulo";"106607578";"2420254"
"Importação ";" 2006";"75089000";"Outras obras de níquel";"São Paulo";"5255358";"19511"
"Importação ";" 2006";"76169900";"Outras obras de alumínio";"Minas Gerais";"3197244";"109893"
"Importação ";" 2006";"76169900";"Outras obras de alumínio";"Santa Catarina";"2797779";"415846"
"Importação ";" 2006";"76169900";"Outras obras de alumínio";"Paraná";"2543533";"249985"
"Importação ";" 2006";"75089000";"Outras obras de níquel";"Rio de Janeiro";"1716136";"23454"
"Importação ";" 2006";"76169900";"Outras obras de alumínio";"Rio Grande do Sul";"1665801";"68423"
"Importação ";" 2006";"76169900";"Outras obras de alumínio";"Rio de Janeiro";"1636170";"168788"
"Importação ";" 2006";"76169900";"Outras obras de alumínio";"Amazonas";"1578750";"37134"
"Importação ";" 2006";"74199100";"Outras obras de cobre, vazadas, moldadas, estampadas ou forjadas, mas não trabalhadas de outro modo";"São Paulo";"725675";"117779"
"Importação ";" 2006";"76169900";"Outras obras de alumínio";"Espírito Santo";"717801";"116336"
"Importação ";" 2006";"76169900";"Outras obras de alumínio";"Bahia";"672206";"105143"
"Importação ";" 2006";"76169900";"Outras obras de alumínio";"Goiás";"501052";"60037"
"Importação ";" 2006";"76169900";"Outras obras de alumínio";"Ceará";"312981";"2002"
"Importação ";" 2006";"75089000";"Outras obras de níquel";"Pernambuco";"148636";"388"
"Importação ";" 2006";"75089000";"Outras obras de níquel";"Paraná";"91322";"623"
"Importação ";" 2006";"76169900";"Outras obras de alumínio";"Distrito Federal";"78422";"76041"
"Importação ";" 2006";"75089000";"Outras obras de níquel";"Bahia";"66491";"164"
"Importação ";" 2006";"75089000";"Outras obras de níquel";"Rio Grande do Sul";"42900";"737"
"Importação ";" 2006";"76169900";"Outras obras de alumínio";"Pernambuco";"39039";"779"
"Importação ";" 2006";"75089000";"Outras obras de níquel";"Amazonas";"31559";"622"
"Importação ";" 2006";"75089000";"Outras obras de níquel";"Santa Catarina";"29148";"769"
"Importação ";" 2006";"75089000";"Outras obras de níquel";"Espírito Santo";"18675";"460"
"Importação ";" 2006";"74199100";"Outras obras de cobre, vazadas, moldadas, estampadas ou forjadas, mas não trabalhadas de outro modo";"Amazonas";"18346";"989"
"Importação ";" 2006";"75089000";"Outras obras de níquel";"Mato Grosso";"17158";"21"
"Importação ";" 2006";"74199100";"Outras obras de cobre, vazadas, moldadas, estampadas ou forjadas, mas não trabalhadas de outro modo";"Pernambuco";"16787";"394"
"Importação ";" 2006";"74199100";"Outras obras de cobre, vazadas, moldadas, estampadas ou forjadas, mas não trabalhadas de outro modo";"Paraná";"15773";"1001"
"Importação ";" 2006";"75089000";"Outras obras de níquel";"Alagoas";"13433";"72"
"Importação ";" 2006";"76169900";"Outras obras de alumínio";"Rio Grande do Norte";"9014";"528"
"Importação ";" 2006";"75089000";"Outras obras de níquel";"Ceará";"7766";"150"
"Importação ";" 2006";"74199100";"Outras obras de cobre, vazadas, moldadas, estampadas ou forjadas, mas não trabalhadas de outro modo";"Rio de Janeiro";"6625";"94"
"Importação ";" 2006";"76169900";"Outras obras de alumínio";"Pará";"4897";"4"
"Importação ";" 2006";"76169900";"Outras obras de alumínio";"Sergipe";"4485";"4637"
"Importação ";" 2006";"76169900";"Outras obras de alumínio";"Maranhão";"3528";"61"
"Importação ";" 2006";"75089000";"Outras obras de níquel";"Minas Gerais";"2772";"75"
"Importação ";" 2006";"74199100";"Outras obras de cobre, vazadas, moldadas, estampadas ou forjadas, mas não trabalhadas de outro modo";"Rio Grande do Sul";"1969";"82"
"Importação ";" 2006";"75089000";"Outras obras de níquel";"Goiás";"1834";"0"
"Importação ";" 2006";"74199100";"Outras obras de cobre, vazadas, moldadas, estampadas ou forjadas, mas não trabalhadas de outro modo";"Minas Gerais";"577";"2"
"Importação ";" 2006";"76169900";"Outras obras de alumínio";"Mato Grosso";"481";"302"
"Importação ";" 2006";"74199100";"Outras obras de cobre, vazadas, moldadas, estampadas ou forjadas, mas não trabalhadas de outro modo";"Santa Catarina";"260";"0"
"Importação ";" 2006";"76169900";"Outras obras de alumínio";"Mato Grosso do Sul";"169";"45"
"Importação ";" 2006";"75089000";"Outras obras de níquel";"Pará";"124";"0"
"Importação ";" 2006";"75089000";"Outras obras de níquel";"Mato Grosso do Sul";"19";"0"