"Fluxo";"Ano";"Código NCM";"Descrição NCM";"UF do Produto";"Valor US$ FOB";"Quilograma Líquido"
"Exportação ";" 2026";"73259100";"Esferas e artefatos semelhantes, para moinhos, moldadas, de ferro fundido, ferro ou aço";"Minas Gerais";"2628400";"1586660"
"Exportação ";" 2026";"73251000";"Outras obras moldadas de ferro fundido, não maleável";"Rio de Janeiro";"2568256";"1096137"
"Exportação ";" 2026";"73259990";"Outras obras moldadas, de ferro fundido ou ferro";"São Paulo";"1134050";"162920"
"Exportação ";" 2026";"73259990";"Outras obras moldadas, de ferro fundido ou ferro";"Santa Catarina";"701086";"81765"
"Exportação ";" 2026";"73259910";"Outras obras moldadas, de aço";"São Paulo";"672171";"66614"
"Exportação ";" 2026";"73259910";"Outras obras moldadas, de aço";"Santa Catarina";"581574";"23194"
"Exportação ";" 2026";"73251000";"Outras obras moldadas de ferro fundido, não maleável";"Minas Gerais";"499999";"207972"
"Exportação ";" 2026";"73251000";"Outras obras moldadas de ferro fundido, não maleável";"São Paulo";"354557";"85168"
"Exportação ";" 2026";"73259910";"Outras obras moldadas, de aço";"Minas Gerais";"193191";"14216"
"Exportação ";" 2026";"73259990";"Outras obras moldadas, de ferro fundido ou ferro";"Minas Gerais";"153248";"49910"
"Exportação ";" 2026";"73259910";"Outras obras moldadas, de aço";"Rio Grande do Sul";"149296";"37754"
"Exportação ";" 2026";"73259990";"Outras obras moldadas, de ferro fundido ou ferro";"Rio Grande do Sul";"89857";"25985"
"Exportação ";" 2026";"73251000";"Outras obras moldadas de ferro fundido, não maleável";"Paraná";"59221";"20761"
"Exportação ";" 2026";"73251000";"Outras obras moldadas de ferro fundido, não maleável";"Santa Catarina";"33589";"3765"
"Exportação ";" 2026";"73259910";"Outras obras moldadas, de aço";"Rondônia";"32372";"37512"
"Exportação ";" 2026";"73259990";"Outras obras moldadas, de ferro fundido ou ferro";"Rio de Janeiro";"31738";"3415"
"Exportação ";" 2026";"73251000";"Outras obras moldadas de ferro fundido, não maleável";"Roraima";"29033";"12619"
"Exportação ";" 2026";"73259910";"Outras obras moldadas, de aço";"Rio de Janeiro";"15926";"101"
"Exportação ";" 2026";"73259990";"Outras obras moldadas, de ferro fundido ou ferro";"Paraná";"11715";"856"
"Exportação ";" 2026";"73251000";"Outras obras moldadas de ferro fundido, não maleável";"Rio Grande do Sul";"10565";"1818"
"Exportação ";" 2026";"73259100";"Esferas e artefatos semelhantes, para moinhos, moldadas, de ferro fundido, ferro ou aço";"Rio Grande do Sul";"6190";"167"
"Exportação ";" 2026";"73259910";"Outras obras moldadas, de aço";"Paraná";"4437";"1809"
"Exportação ";" 2026";"73251000";"Outras obras moldadas de ferro fundido, não maleável";"Amapá";"3928";"318"
"Exportação ";" 2026";"73251000";"Outras obras moldadas de ferro fundido, não maleável";"Amazonas";"1295";"2570"
"Exportação ";" 2026";"73259910";"Outras obras moldadas, de aço";"Não Declarada";"1000";"13"
"Exportação ";" 2026";"73259100";"Esferas e artefatos semelhantes, para moinhos, moldadas, de ferro fundido, ferro ou aço";"Roraima";"928";"6000"
"Exportação ";" 2026";"73259910";"Outras obras moldadas, de aço";"Amazonas";"565";"1532"
"Exportação ";" 2026";"73259100";"Esferas e artefatos semelhantes, para moinhos, moldadas, de ferro fundido, ferro ou aço";"Paraná";"564";"45"
"Exportação ";" 2026";"73259910";"Outras obras moldadas, de aço";"Ceará";"321";"30"
"Exportação ";" 2026";"73259910";"Outras obras moldadas, de aço";"Roraima";"270";"80"
"Exportação ";" 2026";"73259990";"Outras obras moldadas, de ferro fundido ou ferro";"Roraima";"89";"4"
"Exportação ";" 2026";"73251000";"Outras obras moldadas de ferro fundido, não maleável";"Pará";"80";"7"
"Exportação ";" 2026";"73259910";"Outras obras moldadas, de aço";"Espírito Santo";"50";"2"
"Importação ";" 2026";"73259100";"Esferas e artefatos semelhantes, para moinhos, moldadas, de ferro fundido, ferro ou aço";"Pará";"19381839";"13367431"
"Importação ";" 2026";"73259990";"Outras obras moldadas, de ferro fundido ou ferro";"São Paulo";"4672507";"3655940"
"Importação ";" 2026";"73259100";"Esferas e artefatos semelhantes, para moinhos, moldadas, de ferro fundido, ferro ou aço";"Bahia";"3833534";"3036095"
"Importação ";" 2026";"73259100";"Esferas e artefatos semelhantes, para moinhos, moldadas, de ferro fundido, ferro ou aço";"Minas Gerais";"2427012";"1441340"
"Importação ";" 2026";"73259910";"Outras obras moldadas, de aço";"São Paulo";"2346959";"307866"
"Importação ";" 2026";"73259910";"Outras obras moldadas, de aço";"Paraná";"1617112";"194648"
"Importação ";" 2026";"73259100";"Esferas e artefatos semelhantes, para moinhos, moldadas, de ferro fundido, ferro ou aço";"Mato Grosso";"1579640";"1875000"
"Importação ";" 2026";"73251000";"Outras obras moldadas de ferro fundido, não maleável";"São Paulo";"903799";"317036"
"Importação ";" 2026";"73259910";"Outras obras moldadas, de aço";"Minas Gerais";"763083";"209702"
"Importação ";" 2026";"73259910";"Outras obras moldadas, de aço";"Santa Catarina";"722956";"179822"
"Importação ";" 2026";"73259910";"Outras obras moldadas, de aço";"Pará";"462895";"33694"
"Importação ";" 2026";"73251000";"Outras obras moldadas de ferro fundido, não maleável";"Rio Grande do Sul";"434837";"86521"
"Importação ";" 2026";"73259100";"Esferas e artefatos semelhantes, para moinhos, moldadas, de ferro fundido, ferro ou aço";"Goiás";"431764";"446200"
"Importação ";" 2026";"73259100";"Esferas e artefatos semelhantes, para moinhos, moldadas, de ferro fundido, ferro ou aço";"Santa Catarina";"391118";"408000"
"Importação ";" 2026";"73259990";"Outras obras moldadas, de ferro fundido ou ferro";"Rio Grande do Sul";"295468";"58898"
"Importação ";" 2026";"73259910";"Outras obras moldadas, de aço";"Rio Grande do Sul";"294884";"76697"
"Importação ";" 2026";"73259990";"Outras obras moldadas, de ferro fundido ou ferro";"Santa Catarina";"237280";"84328"
"Importação ";" 2026";"73259100";"Esferas e artefatos semelhantes, para moinhos, moldadas, de ferro fundido, ferro ou aço";"Distrito Federal";"233845";"200000"
"Importação ";" 2026";"73251000";"Outras obras moldadas de ferro fundido, não maleável";"Santa Catarina";"198783";"144721"
"Importação ";" 2026";"73251000";"Outras obras moldadas de ferro fundido, não maleável";"Rio de Janeiro";"194552";"9617"
"Importação ";" 2026";"73259990";"Outras obras moldadas, de ferro fundido ou ferro";"Rio de Janeiro";"181614";"5736"
"Importação ";" 2026";"73259910";"Outras obras moldadas, de aço";"Rio de Janeiro";"176457";"48604"
"Importação ";" 2026";"73251000";"Outras obras moldadas de ferro fundido, não maleável";"Minas Gerais";"149279";"33267"
"Importação ";" 2026";"73259910";"Outras obras moldadas, de aço";"Ceará";"146945";"5102"
"Importação ";" 2026";"73259990";"Outras obras moldadas, de ferro fundido ou ferro";"Paraná";"131083";"22509"
"Importação ";" 2026";"73259990";"Outras obras moldadas, de ferro fundido ou ferro";"Minas Gerais";"120686";"20789"
"Importação ";" 2026";"73259910";"Outras obras moldadas, de aço";"Bahia";"112366";"43252"
"Importação ";" 2026";"73251000";"Outras obras moldadas de ferro fundido, não maleável";"Paraná";"88975";"46265"
"Importação ";" 2026";"73259910";"Outras obras moldadas, de aço";"Rondônia";"78457";"32205"
"Importação ";" 2026";"73259990";"Outras obras moldadas, de ferro fundido ou ferro";"Ceará";"47663";"556"
"Importação ";" 2026";"73259910";"Outras obras moldadas, de aço";"Goiás";"44392";"6419"
"Importação ";" 2026";"73259990";"Outras obras moldadas, de ferro fundido ou ferro";"Amazonas";"40933";"2393"
"Importação ";" 2026";"73259910";"Outras obras moldadas, de aço";"Amazonas";"40795";"5800"
"Importação ";" 2026";"73259990";"Outras obras moldadas, de ferro fundido ou ferro";"Bahia";"36284";"3755"
"Importação ";" 2026";"73251000";"Outras obras moldadas de ferro fundido, não maleável";"Rondônia";"35428";"11511"
"Importação ";" 2026";"73259990";"Outras obras moldadas, de ferro fundido ou ferro";"Espírito Santo";"26770";"14440"
"Importação ";" 2026";"73259100";"Esferas e artefatos semelhantes, para moinhos, moldadas, de ferro fundido, ferro ou aço";"Espírito Santo";"26013";"21000"
"Importação ";" 2026";"73259990";"Outras obras moldadas, de ferro fundido ou ferro";"Paraíba";"25380";"5800"
"Importação ";" 2026";"73259100";"Esferas e artefatos semelhantes, para moinhos, moldadas, de ferro fundido, ferro ou aço";"Rio Grande do Sul";"24752";"26500"
"Importação ";" 2026";"73259990";"Outras obras moldadas, de ferro fundido ou ferro";"Rondônia";"19302";"11141"
"Importação ";" 2026";"73259910";"Outras obras moldadas, de aço";"Pernambuco";"17101";"3558"
"Importação ";" 2026";"73259910";"Outras obras moldadas, de aço";"Alagoas";"11169";"1362"
"Importação ";" 2026";"73259100";"Esferas e artefatos semelhantes, para moinhos, moldadas, de ferro fundido, ferro ou aço";"Ceará";"8540";"4"
"Importação ";" 2026";"73251000";"Outras obras moldadas de ferro fundido, não maleável";"Ceará";"8000";"4000"
"Importação ";" 2026";"73259990";"Outras obras moldadas, de ferro fundido ou ferro";"Alagoas";"5636";"2565"
"Importação ";" 2026";"73259910";"Outras obras moldadas, de aço";"Espírito Santo";"5355";"549"
"Importação ";" 2026";"73259990";"Outras obras moldadas, de ferro fundido ou ferro";"Goiás";"5322";"150"
"Importação ";" 2026";"73259100";"Esferas e artefatos semelhantes, para moinhos, moldadas, de ferro fundido, ferro ou aço";"São Paulo";"5168";"5001"
"Importação ";" 2026";"73259990";"Outras obras moldadas, de ferro fundido ou ferro";"Mato Grosso do Sul";"3100";"25"
"Importação ";" 2026";"73251000";"Outras obras moldadas de ferro fundido, não maleável";"Espírito Santo";"2914";"1883"
"Importação ";" 2026";"73251000";"Outras obras moldadas de ferro fundido, não maleável";"Pernambuco";"2528";"81"
"Importação ";" 2026";"73259990";"Outras obras moldadas, de ferro fundido ou ferro";"Pernambuco";"2523";"94"
"Importação ";" 2026";"73259910";"Outras obras moldadas, de aço";"Mato Grosso do Sul";"1735";"5"
"Importação ";" 2026";"73259100";"Esferas e artefatos semelhantes, para moinhos, moldadas, de ferro fundido, ferro ou aço";"Tocantins";"1339";"3000"
"Importação ";" 2026";"73251000";"Outras obras moldadas de ferro fundido, não maleável";"Bahia";"1101";"456"
"Importação ";" 2026";"73251000";"Outras obras moldadas de ferro fundido, não maleável";"Pará";"896";"5"
"Importação ";" 2026";"73251000";"Outras obras moldadas de ferro fundido, não maleável";"Goiás";"609";"16"
"Importação ";" 2026";"73259990";"Outras obras moldadas, de ferro fundido ou ferro";"Distrito Federal";"265";"25"
"Importação ";" 2026";"73251000";"Outras obras moldadas de ferro fundido, não maleável";"Amazonas";"168";"29"
"Exportação ";" 2025";"73259990";"Outras obras moldadas, de ferro fundido ou ferro";"São Paulo";"6986697";"1147769"
"Exportação ";" 2025";"73251000";"Outras obras moldadas de ferro fundido, não maleável";"Rio de Janeiro";"4622556";"1824229"
"Exportação ";" 2025";"73259910";"Outras obras moldadas, de aço";"Santa Catarina";"3332563";"139932"
"Exportação ";" 2025";"73259100";"Esferas e artefatos semelhantes, para moinhos, moldadas, de ferro fundido, ferro ou aço";"Minas Gerais";"1891017";"1031052"
"Exportação ";" 2025";"73259910";"Outras obras moldadas, de aço";"São Paulo";"1636396";"120212"
"Exportação ";" 2025";"73259990";"Outras obras moldadas, de ferro fundido ou ferro";"Santa Catarina";"1525838";"109639"
"Exportação ";" 2025";"73259990";"Outras obras moldadas, de ferro fundido ou ferro";"Minas Gerais";"1499240";"694190"
"Exportação ";" 2025";"73251000";"Outras obras moldadas de ferro fundido, não maleável";"Minas Gerais";"1380889";"532360"
"Exportação ";" 2025";"73251000";"Outras obras moldadas de ferro fundido, não maleável";"São Paulo";"1180546";"250596"
"Exportação ";" 2025";"73259990";"Outras obras moldadas, de ferro fundido ou ferro";"Rio Grande do Sul";"836959";"90550"
"Exportação ";" 2025";"73259910";"Outras obras moldadas, de aço";"Rio Grande do Sul";"546637";"135539"
"Exportação ";" 2025";"73259910";"Outras obras moldadas, de aço";"Minas Gerais";"366445";"25520"
"Exportação ";" 2025";"73251000";"Outras obras moldadas de ferro fundido, não maleável";"Paraná";"156357";"57976"
"Exportação ";" 2025";"73259910";"Outras obras moldadas, de aço";"Paraná";"126846";"43027"
"Exportação ";" 2025";"73259910";"Outras obras moldadas, de aço";"Rondônia";"101608";"86944"
"Exportação ";" 2025";"73259990";"Outras obras moldadas, de ferro fundido ou ferro";"Rio de Janeiro";"52298";"5505"
"Exportação ";" 2025";"73259990";"Outras obras moldadas, de ferro fundido ou ferro";"Paraná";"36878";"8027"
"Exportação ";" 2025";"73259910";"Outras obras moldadas, de aço";"Rio de Janeiro";"34036";"714"
"Exportação ";" 2025";"73259910";"Outras obras moldadas, de aço";"Espírito Santo";"28811";"1970"
"Exportação ";" 2025";"73251000";"Outras obras moldadas de ferro fundido, não maleável";"Rio Grande do Sul";"22510";"4080"
"Exportação ";" 2025";"73251000";"Outras obras moldadas de ferro fundido, não maleável";"Santa Catarina";"15896";"3495"
"Exportação ";" 2025";"73251000";"Outras obras moldadas de ferro fundido, não maleável";"Roraima";"14793";"8414"
"Exportação ";" 2025";"73259100";"Esferas e artefatos semelhantes, para moinhos, moldadas, de ferro fundido, ferro ou aço";"Rio Grande do Sul";"8151";"275"
"Exportação ";" 2025";"73259100";"Esferas e artefatos semelhantes, para moinhos, moldadas, de ferro fundido, ferro ou aço";"São Paulo";"7980";"723"
"Exportação ";" 2025";"73259100";"Esferas e artefatos semelhantes, para moinhos, moldadas, de ferro fundido, ferro ou aço";"Paraná";"7144";"961"
"Exportação ";" 2025";"73259990";"Outras obras moldadas, de ferro fundido ou ferro";"Rondônia";"5694";"410"
"Exportação ";" 2025";"73259100";"Esferas e artefatos semelhantes, para moinhos, moldadas, de ferro fundido, ferro ou aço";"Roraima";"3576";"3756"
"Exportação ";" 2025";"73251000";"Outras obras moldadas de ferro fundido, não maleável";"Mato Grosso";"2189";"372"
"Exportação ";" 2025";"73259910";"Outras obras moldadas, de aço";"Amazonas";"1263";"74"
"Exportação ";" 2025";"73259910";"Outras obras moldadas, de aço";"Pará";"1018";"40"
"Exportação ";" 2025";"73259910";"Outras obras moldadas, de aço";"Amapá";"964";"4"
"Exportação ";" 2025";"73259990";"Outras obras moldadas, de ferro fundido ou ferro";"Espírito Santo";"848";"141"
"Exportação ";" 2025";"73251000";"Outras obras moldadas de ferro fundido, não maleável";"Rondônia";"775";"480"
"Exportação ";" 2025";"73259910";"Outras obras moldadas, de aço";"Ceará";"545";"51"
"Exportação ";" 2025";"73259910";"Outras obras moldadas, de aço";"Roraima";"346";"14"
"Exportação ";" 2025";"73251000";"Outras obras moldadas de ferro fundido, não maleável";"Não Declarada";"266";"728"
"Exportação ";" 2025";"73259910";"Outras obras moldadas, de aço";"Maranhão";"14";"0"
"Exportação ";" 2025";"73251000";"Outras obras moldadas de ferro fundido, não maleável";"Espírito Santo";"8";"100"
"Importação ";" 2025";"73259100";"Esferas e artefatos semelhantes, para moinhos, moldadas, de ferro fundido, ferro ou aço";"Pará";"39868568";"31212015"
"Importação ";" 2025";"73259100";"Esferas e artefatos semelhantes, para moinhos, moldadas, de ferro fundido, ferro ou aço";"Minas Gerais";"11528585";"7097901"
"Importação ";" 2025";"73259990";"Outras obras moldadas, de ferro fundido ou ferro";"São Paulo";"11233749";"8190338"
"Importação ";" 2025";"73259100";"Esferas e artefatos semelhantes, para moinhos, moldadas, de ferro fundido, ferro ou aço";"Espírito Santo";"7572147";"5070000"
"Importação ";" 2025";"73259910";"Outras obras moldadas, de aço";"São Paulo";"3977296";"498210"
"Importação ";" 2025";"73259910";"Outras obras moldadas, de aço";"Paraná";"3518653";"427385"
"Importação ";" 2025";"73259100";"Esferas e artefatos semelhantes, para moinhos, moldadas, de ferro fundido, ferro ou aço";"Bahia";"2382024";"1717000"
"Importação ";" 2025";"73259100";"Esferas e artefatos semelhantes, para moinhos, moldadas, de ferro fundido, ferro ou aço";"Mato Grosso";"2342725";"2774000"
"Importação ";" 2025";"73251000";"Outras obras moldadas de ferro fundido, não maleável";"São Paulo";"1104737";"348464"
"Importação ";" 2025";"73259910";"Outras obras moldadas, de aço";"Santa Catarina";"1100748";"247157"
"Importação ";" 2025";"73259910";"Outras obras moldadas, de aço";"Minas Gerais";"1002956";"205085"
"Importação ";" 2025";"73251000";"Outras obras moldadas de ferro fundido, não maleável";"Rio Grande do Sul";"947917";"174312"
"Importação ";" 2025";"73259990";"Outras obras moldadas, de ferro fundido ou ferro";"Santa Catarina";"804763";"164069"
"Importação ";" 2025";"73259910";"Outras obras moldadas, de aço";"Bahia";"708331";"330172"
"Importação ";" 2025";"73251000";"Outras obras moldadas de ferro fundido, não maleável";"Minas Gerais";"690829";"317377"
"Importação ";" 2025";"73259910";"Outras obras moldadas, de aço";"Pará";"607657";"132661"
"Importação ";" 2025";"73251000";"Outras obras moldadas de ferro fundido, não maleável";"Santa Catarina";"580122";"339906"
"Importação ";" 2025";"73259100";"Esferas e artefatos semelhantes, para moinhos, moldadas, de ferro fundido, ferro ou aço";"Santa Catarina";"542843";"536325"
"Importação ";" 2025";"73259100";"Esferas e artefatos semelhantes, para moinhos, moldadas, de ferro fundido, ferro ou aço";"Goiás";"490594";"486000"
"Importação ";" 2025";"73259910";"Outras obras moldadas, de aço";"Rio de Janeiro";"475679";"14829"
"Importação ";" 2025";"73259990";"Outras obras moldadas, de ferro fundido ou ferro";"Rio de Janeiro";"350265";"3655"
"Importação ";" 2025";"73259910";"Outras obras moldadas, de aço";"Rio Grande do Sul";"291077";"53226"
"Importação ";" 2025";"73251000";"Outras obras moldadas de ferro fundido, não maleável";"Rio de Janeiro";"288413";"30328"
"Importação ";" 2025";"73259910";"Outras obras moldadas, de aço";"Pernambuco";"283413";"106719"
"Importação ";" 2025";"73259910";"Outras obras moldadas, de aço";"Amazonas";"277125";"78062"
"Importação ";" 2025";"73259990";"Outras obras moldadas, de ferro fundido ou ferro";"Minas Gerais";"271739";"63875"
"Importação ";" 2025";"73259910";"Outras obras moldadas, de aço";"Espírito Santo";"266312";"34196"
"Importação ";" 2025";"73259990";"Outras obras moldadas, de ferro fundido ou ferro";"Pará";"266116";"66618"
"Importação ";" 2025";"73259100";"Esferas e artefatos semelhantes, para moinhos, moldadas, de ferro fundido, ferro ou aço";"Amazonas";"228800";"260000"
"Importação ";" 2025";"73259990";"Outras obras moldadas, de ferro fundido ou ferro";"Bahia";"202702";"63129"
"Importação ";" 2025";"73251000";"Outras obras moldadas de ferro fundido, não maleável";"Paraná";"172456";"41930"
"Importação ";" 2025";"73259100";"Esferas e artefatos semelhantes, para moinhos, moldadas, de ferro fundido, ferro ou aço";"Distrito Federal";"145930";"120000"
"Importação ";" 2025";"73251000";"Outras obras moldadas de ferro fundido, não maleável";"Bahia";"145702";"62824"
"Importação ";" 2025";"73259990";"Outras obras moldadas, de ferro fundido ou ferro";"Ceará";"125878";"1558"
"Importação ";" 2025";"73259990";"Outras obras moldadas, de ferro fundido ou ferro";"Amazonas";"117228";"15339"
"Importação ";" 2025";"73259910";"Outras obras moldadas, de aço";"Alagoas";"114229";"21153"
"Importação ";" 2025";"73259910";"Outras obras moldadas, de aço";"Goiás";"112869";"18687"
"Importação ";" 2025";"73259990";"Outras obras moldadas, de ferro fundido ou ferro";"Rio Grande do Sul";"104723";"37473"
"Importação ";" 2025";"73259990";"Outras obras moldadas, de ferro fundido ou ferro";"Paraná";"100014";"26991"
"Importação ";" 2025";"73251000";"Outras obras moldadas de ferro fundido, não maleável";"Amazonas";"76773";"3245"
"Importação ";" 2025";"73259910";"Outras obras moldadas, de aço";"Piauí";"73258";"1699"
"Importação ";" 2025";"73259910";"Outras obras moldadas, de aço";"Ceará";"72538";"2496"
"Importação ";" 2025";"73259990";"Outras obras moldadas, de ferro fundido ou ferro";"Espírito Santo";"66169";"38218"
"Importação ";" 2025";"73259910";"Outras obras moldadas, de aço";"Rondônia";"41228";"15418"
"Importação ";" 2025";"73259990";"Outras obras moldadas, de ferro fundido ou ferro";"Alagoas";"39851";"21854"
"Importação ";" 2025";"73259100";"Esferas e artefatos semelhantes, para moinhos, moldadas, de ferro fundido, ferro ou aço";"São Paulo";"32074";"13015"
"Importação ";" 2025";"73251000";"Outras obras moldadas de ferro fundido, não maleável";"Pará";"32067";"4301"
"Importação ";" 2025";"73251000";"Outras obras moldadas de ferro fundido, não maleável";"Ceará";"31141";"8126"
"Importação ";" 2025";"73251000";"Outras obras moldadas de ferro fundido, não maleável";"Mato Grosso do Sul";"30400";"11328"
"Importação ";" 2025";"73259990";"Outras obras moldadas, de ferro fundido ou ferro";"Rondônia";"25933";"14286"
"Importação ";" 2025";"73259910";"Outras obras moldadas, de aço";"Mato Grosso";"25721";"541"
"Importação ";" 2025";"73259100";"Esferas e artefatos semelhantes, para moinhos, moldadas, de ferro fundido, ferro ou aço";"Rio Grande do Sul";"25111";"26996"
"Importação ";" 2025";"73259990";"Outras obras moldadas, de ferro fundido ou ferro";"Maranhão";"22704";"9760"
"Importação ";" 2025";"73251000";"Outras obras moldadas de ferro fundido, não maleável";"Rondônia";"20954";"15985"
"Importação ";" 2025";"73259100";"Esferas e artefatos semelhantes, para moinhos, moldadas, de ferro fundido, ferro ou aço";"Paraná";"20600";"13000"
"Importação ";" 2025";"73251000";"Outras obras moldadas de ferro fundido, não maleável";"Pernambuco";"20272";"1623"
"Importação ";" 2025";"73259910";"Outras obras moldadas, de aço";"Rio Grande do Norte";"15722";"125"
"Importação ";" 2025";"73259990";"Outras obras moldadas, de ferro fundido ou ferro";"Pernambuco";"14563";"1106"
"Importação ";" 2025";"73259990";"Outras obras moldadas, de ferro fundido ou ferro";"Goiás";"14008";"463"
"Importação ";" 2025";"73259990";"Outras obras moldadas, de ferro fundido ou ferro";"Mato Grosso";"13620";"220"
"Importação ";" 2025";"73259990";"Outras obras moldadas, de ferro fundido ou ferro";"Mato Grosso do Sul";"11351";"2119"
"Importação ";" 2025";"73251000";"Outras obras moldadas de ferro fundido, não maleável";"Alagoas";"10615";"3030"
"Importação ";" 2025";"73259910";"Outras obras moldadas, de aço";"Distrito Federal";"9673";"6"
"Importação ";" 2025";"73251000";"Outras obras moldadas de ferro fundido, não maleável";"Goiás";"7263";"68"
"Importação ";" 2025";"73259910";"Outras obras moldadas, de aço";"Sergipe";"5889";"112"
"Importação ";" 2025";"73251000";"Outras obras moldadas de ferro fundido, não maleável";"Rio Grande do Norte";"4248";"23"
"Importação ";" 2025";"73259990";"Outras obras moldadas, de ferro fundido ou ferro";"Sergipe";"4231";"189"
"Importação ";" 2025";"73259910";"Outras obras moldadas, de aço";"Maranhão";"3200";"7"
"Importação ";" 2025";"73251000";"Outras obras moldadas de ferro fundido, não maleável";"Espírito Santo";"2522";"1627"
"Importação ";" 2025";"73259990";"Outras obras moldadas, de ferro fundido ou ferro";"Rio Grande do Norte";"2437";"575"
"Importação ";" 2025";"73259910";"Outras obras moldadas, de aço";"Mato Grosso do Sul";"2184";"2"
"Importação ";" 2025";"73259990";"Outras obras moldadas, de ferro fundido ou ferro";"Distrito Federal";"1274";"10"
"Importação ";" 2025";"73259100";"Esferas e artefatos semelhantes, para moinhos, moldadas, de ferro fundido, ferro ou aço";"Rio de Janeiro";"630";"33"
"Importação ";" 2025";"73259910";"Outras obras moldadas, de aço";"Paraíba";"34";"0"
"Exportação ";" 2024";"73259990";"Outras obras moldadas, de ferro fundido ou ferro";"São Paulo";"7299417";"1086463"
"Exportação ";" 2024";"73259100";"Esferas e artefatos semelhantes, para moinhos, moldadas, de ferro fundido, ferro ou aço";"Minas Gerais";"4529377";"2512980"
"Exportação ";" 2024";"73251000";"Outras obras moldadas de ferro fundido, não maleável";"Minas Gerais";"3773658";"1348492"
"Exportação ";" 2024";"73251000";"Outras obras moldadas de ferro fundido, não maleável";"São Paulo";"3246211";"538199"
"Exportação ";" 2024";"73259910";"Outras obras moldadas, de aço";"Santa Catarina";"2354263";"96222"
"Exportação ";" 2024";"73251000";"Outras obras moldadas de ferro fundido, não maleável";"Rio de Janeiro";"1973142";"930066"
"Exportação ";" 2024";"73259990";"Outras obras moldadas, de ferro fundido ou ferro";"Santa Catarina";"1821084";"141051"
"Exportação ";" 2024";"73259910";"Outras obras moldadas, de aço";"São Paulo";"1551600";"79353"
"Exportação ";" 2024";"73259910";"Outras obras moldadas, de aço";"Minas Gerais";"1083052";"87129"
"Exportação ";" 2024";"73259990";"Outras obras moldadas, de ferro fundido ou ferro";"Minas Gerais";"1045588";"504744"
"Exportação ";" 2024";"73259990";"Outras obras moldadas, de ferro fundido ou ferro";"Rio Grande do Sul";"444113";"67975"
"Exportação ";" 2024";"73259910";"Outras obras moldadas, de aço";"Rio Grande do Sul";"311784";"73340"
"Exportação ";" 2024";"73251000";"Outras obras moldadas de ferro fundido, não maleável";"Paraná";"188668";"78562"
"Exportação ";" 2024";"73259990";"Outras obras moldadas, de ferro fundido ou ferro";"Paraná";"135957";"15733"
"Exportação ";" 2024";"73259910";"Outras obras moldadas, de aço";"Rondônia";"99657";"78399"
"Exportação ";" 2024";"73259910";"Outras obras moldadas, de aço";"Paraná";"90976";"49827"
"Exportação ";" 2024";"73259910";"Outras obras moldadas, de aço";"Rio de Janeiro";"86137";"191"
"Exportação ";" 2024";"73251000";"Outras obras moldadas de ferro fundido, não maleável";"Santa Catarina";"61124";"3772"
"Exportação ";" 2024";"73251000";"Outras obras moldadas de ferro fundido, não maleável";"Rio Grande do Sul";"42627";"1836"
"Exportação ";" 2024";"73259990";"Outras obras moldadas, de ferro fundido ou ferro";"Rio de Janeiro";"39421";"3214"
"Exportação ";" 2024";"73259990";"Outras obras moldadas, de ferro fundido ou ferro";"Amazonas";"22760";"630"
"Exportação ";" 2024";"73259100";"Esferas e artefatos semelhantes, para moinhos, moldadas, de ferro fundido, ferro ou aço";"São Paulo";"20555";"3061"
"Exportação ";" 2024";"73251000";"Outras obras moldadas de ferro fundido, não maleável";"Roraima";"8620";"27542"
"Exportação ";" 2024";"73251000";"Outras obras moldadas de ferro fundido, não maleável";"Mato Grosso do Sul";"4873";"2034"
"Exportação ";" 2024";"73251000";"Outras obras moldadas de ferro fundido, não maleável";"Rondônia";"4297";"2878"
"Exportação ";" 2024";"73251000";"Outras obras moldadas de ferro fundido, não maleável";"Bahia";"4000";"270"
"Exportação ";" 2024";"73259990";"Outras obras moldadas, de ferro fundido ou ferro";"Roraima";"3524";"1424"
"Exportação ";" 2024";"73259100";"Esferas e artefatos semelhantes, para moinhos, moldadas, de ferro fundido, ferro ou aço";"Santa Catarina";"2181";"10"
"Exportação ";" 2024";"73259100";"Esferas e artefatos semelhantes, para moinhos, moldadas, de ferro fundido, ferro ou aço";"Paraná";"1760";"164"
"Exportação ";" 2024";"73259910";"Outras obras moldadas, de aço";"Não Declarada";"1618";"100"
"Exportação ";" 2024";"73251000";"Outras obras moldadas de ferro fundido, não maleável";"Não Declarada";"940";"296"
"Exportação ";" 2024";"73251000";"Outras obras moldadas de ferro fundido, não maleável";"Amapá";"704";"588"
"Exportação ";" 2024";"73259910";"Outras obras moldadas, de aço";"Bahia";"691";"343"
"Exportação ";" 2024";"73259910";"Outras obras moldadas, de aço";"Mato Grosso do Sul";"417";"33"
"Exportação ";" 2024";"73259910";"Outras obras moldadas, de aço";"Amazonas";"372";"27"
"Exportação ";" 2024";"73259910";"Outras obras moldadas, de aço";"Ceará";"328";"36"
"Exportação ";" 2024";"73259990";"Outras obras moldadas, de ferro fundido ou ferro";"Não Declarada";"306";"6"
"Exportação ";" 2024";"73259910";"Outras obras moldadas, de aço";"Espírito Santo";"82";"5"
"Importação ";" 2024";"73259100";"Esferas e artefatos semelhantes, para moinhos, moldadas, de ferro fundido, ferro ou aço";"Pará";"24538329";"18876010"
"Importação ";" 2024";"73259990";"Outras obras moldadas, de ferro fundido ou ferro";"São Paulo";"12581670";"8631496"
"Importação ";" 2024";"73259100";"Esferas e artefatos semelhantes, para moinhos, moldadas, de ferro fundido, ferro ou aço";"Espírito Santo";"6686713";"4075000"
"Importação ";" 2024";"73259100";"Esferas e artefatos semelhantes, para moinhos, moldadas, de ferro fundido, ferro ou aço";"Minas Gerais";"5247968";"3031135"
"Importação ";" 2024";"73259910";"Outras obras moldadas, de aço";"Paraná";"4552051";"592078"
"Importação ";" 2024";"73259910";"Outras obras moldadas, de aço";"São Paulo";"2934768";"283971"
"Importação ";" 2024";"73251000";"Outras obras moldadas de ferro fundido, não maleável";"São Paulo";"2212380";"976749"
"Importação ";" 2024";"73251000";"Outras obras moldadas de ferro fundido, não maleável";"Minas Gerais";"1789380";"124653"
"Importação ";" 2024";"73259910";"Outras obras moldadas, de aço";"Santa Catarina";"1107693";"298971"
"Importação ";" 2024";"73251000";"Outras obras moldadas de ferro fundido, não maleável";"Rio Grande do Sul";"639531";"147404"
"Importação ";" 2024";"73259100";"Esferas e artefatos semelhantes, para moinhos, moldadas, de ferro fundido, ferro ou aço";"Mato Grosso";"609660";"702000"
"Importação ";" 2024";"73259990";"Outras obras moldadas, de ferro fundido ou ferro";"Santa Catarina";"601045";"168600"
"Importação ";" 2024";"73259990";"Outras obras moldadas, de ferro fundido ou ferro";"Rio de Janeiro";"511427";"11348"
"Importação ";" 2024";"73259910";"Outras obras moldadas, de aço";"Minas Gerais";"492571";"25281"
"Importação ";" 2024";"73259910";"Outras obras moldadas, de aço";"Rio de Janeiro";"326923";"71095"
"Importação ";" 2024";"73251000";"Outras obras moldadas de ferro fundido, não maleável";"Goiás";"321480";"300001"
"Importação ";" 2024";"73259990";"Outras obras moldadas, de ferro fundido ou ferro";"Ceará";"250069";"4866"
"Importação ";" 2024";"73259910";"Outras obras moldadas, de aço";"Espírito Santo";"240053";"30145"
"Importação ";" 2024";"73259990";"Outras obras moldadas, de ferro fundido ou ferro";"Minas Gerais";"216663";"56260"
"Importação ";" 2024";"73251000";"Outras obras moldadas de ferro fundido, não maleável";"Santa Catarina";"213478";"77560"
"Importação ";" 2024";"73259990";"Outras obras moldadas, de ferro fundido ou ferro";"Bahia";"200370";"125067"
"Importação ";" 2024";"73259100";"Esferas e artefatos semelhantes, para moinhos, moldadas, de ferro fundido, ferro ou aço";"Distrito Federal";"181874";"155001"
"Importação ";" 2024";"73259990";"Outras obras moldadas, de ferro fundido ou ferro";"Paraná";"181260";"25726"
"Importação ";" 2024";"73259910";"Outras obras moldadas, de aço";"Rio Grande do Sul";"139076";"14418"
"Importação ";" 2024";"73259910";"Outras obras moldadas, de aço";"Pernambuco";"133466";"29290"
"Importação ";" 2024";"73259910";"Outras obras moldadas, de aço";"Bahia";"130765";"14310"
"Importação ";" 2024";"73259100";"Esferas e artefatos semelhantes, para moinhos, moldadas, de ferro fundido, ferro ou aço";"Santa Catarina";"126648";"165801"
"Importação ";" 2024";"73259990";"Outras obras moldadas, de ferro fundido ou ferro";"Rio Grande do Sul";"116880";"39543"
"Importação ";" 2024";"73259990";"Outras obras moldadas, de ferro fundido ou ferro";"Pará";"106235";"72086"
"Importação ";" 2024";"73251000";"Outras obras moldadas de ferro fundido, não maleável";"Rio de Janeiro";"101335";"7249"
"Importação ";" 2024";"73259910";"Outras obras moldadas, de aço";"Pará";"96701";"2835"
"Importação ";" 2024";"73251000";"Outras obras moldadas de ferro fundido, não maleável";"Paraná";"95515";"12980"
"Importação ";" 2024";"73259990";"Outras obras moldadas, de ferro fundido ou ferro";"Espírito Santo";"94135";"45284"
"Importação ";" 2024";"73259910";"Outras obras moldadas, de aço";"Mato Grosso do Sul";"67890";"851"
"Importação ";" 2024";"73259910";"Outras obras moldadas, de aço";"Mato Grosso";"63910";"904"
"Importação ";" 2024";"73259910";"Outras obras moldadas, de aço";"Amazonas";"51956";"6767"
"Importação ";" 2024";"73259910";"Outras obras moldadas, de aço";"Ceará";"50336";"7578"
"Importação ";" 2024";"73259910";"Outras obras moldadas, de aço";"Goiás";"49504";"2031"
"Importação ";" 2024";"73259990";"Outras obras moldadas, de ferro fundido ou ferro";"Rondônia";"48951";"28793"
"Importação ";" 2024";"73259100";"Esferas e artefatos semelhantes, para moinhos, moldadas, de ferro fundido, ferro ou aço";"São Paulo";"46688";"38026"
"Importação ";" 2024";"73259910";"Outras obras moldadas, de aço";"Rio Grande do Norte";"39272";"224"
"Importação ";" 2024";"73259990";"Outras obras moldadas, de ferro fundido ou ferro";"Pernambuco";"28772";"1964"
"Importação ";" 2024";"73259990";"Outras obras moldadas, de ferro fundido ou ferro";"Amazonas";"26970";"2315"
"Importação ";" 2024";"73251000";"Outras obras moldadas de ferro fundido, não maleável";"Amazonas";"22082";"443"
"Importação ";" 2024";"73259990";"Outras obras moldadas, de ferro fundido ou ferro";"Alagoas";"20487";"9222"
"Importação ";" 2024";"73259990";"Outras obras moldadas, de ferro fundido ou ferro";"Goiás";"17621";"311"
"Importação ";" 2024";"73259910";"Outras obras moldadas, de aço";"Rondônia";"15776";"235"
"Importação ";" 2024";"73259100";"Esferas e artefatos semelhantes, para moinhos, moldadas, de ferro fundido, ferro ou aço";"Paraná";"13782";"550"
"Importação ";" 2024";"73251000";"Outras obras moldadas de ferro fundido, não maleável";"Pernambuco";"13376";"371"
"Importação ";" 2024";"73251000";"Outras obras moldadas de ferro fundido, não maleável";"Rondônia";"13208";"7490"
"Importação ";" 2024";"73251000";"Outras obras moldadas de ferro fundido, não maleável";"Ceará";"13004";"5024"
"Importação ";" 2024";"73259910";"Outras obras moldadas, de aço";"Sergipe";"10193";"183"
"Importação ";" 2024";"73251000";"Outras obras moldadas de ferro fundido, não maleável";"Sergipe";"8057";"350"
"Importação ";" 2024";"73259910";"Outras obras moldadas, de aço";"Alagoas";"7792";"1730"
"Importação ";" 2024";"73251000";"Outras obras moldadas de ferro fundido, não maleável";"Pará";"4891";"36"
"Importação ";" 2024";"73259910";"Outras obras moldadas, de aço";"Maranhão";"3735";"13"
"Importação ";" 2024";"73251000";"Outras obras moldadas de ferro fundido, não maleável";"Espírito Santo";"1785";"1284"
"Importação ";" 2024";"73259990";"Outras obras moldadas, de ferro fundido ou ferro";"Piauí";"1457";"498"
"Importação ";" 2024";"73259990";"Outras obras moldadas, de ferro fundido ou ferro";"Sergipe";"968";"48"
"Importação ";" 2024";"73259100";"Esferas e artefatos semelhantes, para moinhos, moldadas, de ferro fundido, ferro ou aço";"Amazonas";"600";"50"
"Importação ";" 2024";"73259990";"Outras obras moldadas, de ferro fundido ou ferro";"Distrito Federal";"413";"5"
"Importação ";" 2024";"73251000";"Outras obras moldadas de ferro fundido, não maleável";"Alagoas";"185";"205"
"Importação ";" 2024";"73251000";"Outras obras moldadas de ferro fundido, não maleável";"Bahia";"132";"48"
"Importação ";" 2024";"73251000";"Outras obras moldadas de ferro fundido, não maleável";"Mato Grosso do Sul";"68";"1"
"Exportação ";" 2023";"73251000";"Outras obras moldadas de ferro fundido, não maleável";"Minas Gerais";"5826449";"2353314"
"Exportação ";" 2023";"73259100";"Esferas e artefatos semelhantes, para moinhos, moldadas, de ferro fundido, ferro ou aço";"Minas Gerais";"4952008";"2786175"
"Exportação ";" 2023";"73259990";"Outras obras moldadas, de ferro fundido ou ferro";"São Paulo";"4043976";"582700"
"Exportação ";" 2023";"73251000";"Outras obras moldadas de ferro fundido, não maleável";"São Paulo";"2856846";"592169"
"Exportação ";" 2023";"73259910";"Outras obras moldadas, de aço";"Minas Gerais";"2240908";"196721"
"Exportação ";" 2023";"73259910";"Outras obras moldadas, de aço";"São Paulo";"1833487";"130310"
"Exportação ";" 2023";"73251000";"Outras obras moldadas de ferro fundido, não maleável";"Rio de Janeiro";"1066826";"356610"
"Exportação ";" 2023";"73259910";"Outras obras moldadas, de aço";"Santa Catarina";"1059078";"50011"
"Exportação ";" 2023";"73259990";"Outras obras moldadas, de ferro fundido ou ferro";"Minas Gerais";"715597";"317355"
"Exportação ";" 2023";"73259990";"Outras obras moldadas, de ferro fundido ou ferro";"Rio Grande do Sul";"524399";"80072"
"Exportação ";" 2023";"73259910";"Outras obras moldadas, de aço";"Rio Grande do Sul";"441484";"148638"
"Exportação ";" 2023";"73251000";"Outras obras moldadas de ferro fundido, não maleável";"Paraná";"259742";"114527"
"Exportação ";" 2023";"73251000";"Outras obras moldadas de ferro fundido, não maleável";"Rio Grande do Sul";"161035";"33355"
"Exportação ";" 2023";"73259910";"Outras obras moldadas, de aço";"Paraná";"143626";"45435"
"Exportação ";" 2023";"73251000";"Outras obras moldadas de ferro fundido, não maleável";"Roraima";"94247";"352470"
"Exportação ";" 2023";"73259910";"Outras obras moldadas, de aço";"Rio de Janeiro";"88382";"696"
"Exportação ";" 2023";"73259990";"Outras obras moldadas, de ferro fundido ou ferro";"Santa Catarina";"66067";"10484"
"Exportação ";" 2023";"73259990";"Outras obras moldadas, de ferro fundido ou ferro";"Rio de Janeiro";"64532";"6391"
"Exportação ";" 2023";"73251000";"Outras obras moldadas de ferro fundido, não maleável";"Santa Catarina";"62015";"5742"
"Exportação ";" 2023";"73259990";"Outras obras moldadas, de ferro fundido ou ferro";"Paraná";"39149";"11543"
"Exportação ";" 2023";"73259910";"Outras obras moldadas, de aço";"Pará";"28385";"314"
"Exportação ";" 2023";"73259990";"Outras obras moldadas, de ferro fundido ou ferro";"Roraima";"12739";"7561"
"Exportação ";" 2023";"73259910";"Outras obras moldadas, de aço";"Bahia";"12224";"1926"
"Exportação ";" 2023";"73259100";"Esferas e artefatos semelhantes, para moinhos, moldadas, de ferro fundido, ferro ou aço";"São Paulo";"11326";"1528"
"Exportação ";" 2023";"73251000";"Outras obras moldadas de ferro fundido, não maleável";"Rondônia";"10188";"5455"
"Exportação ";" 2023";"73259100";"Esferas e artefatos semelhantes, para moinhos, moldadas, de ferro fundido, ferro ou aço";"Santa Catarina";"9120";"2000"
"Exportação ";" 2023";"73259990";"Outras obras moldadas, de ferro fundido ou ferro";"Rio Grande do Norte";"7725";"696"
"Exportação ";" 2023";"73259100";"Esferas e artefatos semelhantes, para moinhos, moldadas, de ferro fundido, ferro ou aço";"Amapá";"3454";"12000"
"Exportação ";" 2023";"73259100";"Esferas e artefatos semelhantes, para moinhos, moldadas, de ferro fundido, ferro ou aço";"Paraná";"2773";"255"
"Exportação ";" 2023";"73259100";"Esferas e artefatos semelhantes, para moinhos, moldadas, de ferro fundido, ferro ou aço";"Roraima";"2286";"7000"
"Exportação ";" 2023";"73259990";"Outras obras moldadas, de ferro fundido ou ferro";"Espírito Santo";"2175";"530"
"Exportação ";" 2023";"73259910";"Outras obras moldadas, de aço";"Não Declarada";"2169";"6"
"Exportação ";" 2023";"73259910";"Outras obras moldadas, de aço";"Ceará";"1281";"808"
"Exportação ";" 2023";"73259910";"Outras obras moldadas, de aço";"Amazonas";"1160";"8"
"Exportação ";" 2023";"73259910";"Outras obras moldadas, de aço";"Rondônia";"989";"530"
"Exportação ";" 2023";"73259100";"Esferas e artefatos semelhantes, para moinhos, moldadas, de ferro fundido, ferro ou aço";"Espírito Santo";"900";"15"
"Exportação ";" 2023";"73251000";"Outras obras moldadas de ferro fundido, não maleável";"Bahia";"493";"230"
"Exportação ";" 2023";"73259990";"Outras obras moldadas, de ferro fundido ou ferro";"Mato Grosso do Sul";"329";"6"
"Exportação ";" 2023";"73259990";"Outras obras moldadas, de ferro fundido ou ferro";"Goiás";"256";"19"
"Exportação ";" 2023";"73259910";"Outras obras moldadas, de aço";"Roraima";"168";"532"
"Exportação ";" 2023";"73259910";"Outras obras moldadas, de aço";"Maranhão";"159";"6"
"Exportação ";" 2023";"73251000";"Outras obras moldadas de ferro fundido, não maleável";"Mato Grosso do Sul";"133";"39"
"Exportação ";" 2023";"73259100";"Esferas e artefatos semelhantes, para moinhos, moldadas, de ferro fundido, ferro ou aço";"Não Declarada";"0";"0"
"Importação ";" 2023";"73259100";"Esferas e artefatos semelhantes, para moinhos, moldadas, de ferro fundido, ferro ou aço";"Pará";"30077684";"21153000"
"Importação ";" 2023";"73259100";"Esferas e artefatos semelhantes, para moinhos, moldadas, de ferro fundido, ferro ou aço";"Minas Gerais";"13335931";"8501119"
"Importação ";" 2023";"73259990";"Outras obras moldadas, de ferro fundido ou ferro";"São Paulo";"11499479";"6942032"
"Importação ";" 2023";"73259100";"Esferas e artefatos semelhantes, para moinhos, moldadas, de ferro fundido, ferro ou aço";"Espírito Santo";"8562840";"4131000"
"Importação ";" 2023";"73251000";"Outras obras moldadas de ferro fundido, não maleável";"São Paulo";"3317666";"1615426"
"Importação ";" 2023";"73259910";"Outras obras moldadas, de aço";"São Paulo";"3024214";"271552"
"Importação ";" 2023";"73259910";"Outras obras moldadas, de aço";"Paraná";"2838446";"431762"
"Importação ";" 2023";"73259100";"Esferas e artefatos semelhantes, para moinhos, moldadas, de ferro fundido, ferro ou aço";"Bahia";"2062119";"945000"
"Importação ";" 2023";"73259990";"Outras obras moldadas, de ferro fundido ou ferro";"Rio de Janeiro";"1210658";"18634"
"Importação ";" 2023";"73251000";"Outras obras moldadas de ferro fundido, não maleável";"Rio Grande do Sul";"1200514";"154948"
"Importação ";" 2023";"73259910";"Outras obras moldadas, de aço";"Santa Catarina";"793771";"110038"
"Importação ";" 2023";"73251000";"Outras obras moldadas de ferro fundido, não maleável";"Paraná";"616484";"587618"
"Importação ";" 2023";"73251000";"Outras obras moldadas de ferro fundido, não maleável";"Minas Gerais";"540039";"27094"
"Importação ";" 2023";"73259100";"Esferas e artefatos semelhantes, para moinhos, moldadas, de ferro fundido, ferro ou aço";"Amazonas";"525750";"475000"
"Importação ";" 2023";"73259990";"Outras obras moldadas, de ferro fundido ou ferro";"Santa Catarina";"524985";"146431"
"Importação ";" 2023";"73259910";"Outras obras moldadas, de aço";"Minas Gerais";"477879";"16274"
"Importação ";" 2023";"73259990";"Outras obras moldadas, de ferro fundido ou ferro";"Bahia";"461069";"141543"
"Importação ";" 2023";"73259910";"Outras obras moldadas, de aço";"Rio de Janeiro";"346444";"21212"
"Importação ";" 2023";"73259990";"Outras obras moldadas, de ferro fundido ou ferro";"Paraná";"319754";"31082"
"Importação ";" 2023";"73259910";"Outras obras moldadas, de aço";"Pará";"296851";"18751"
"Importação ";" 2023";"73251000";"Outras obras moldadas de ferro fundido, não maleável";"Santa Catarina";"225408";"47372"
"Importação ";" 2023";"73259990";"Outras obras moldadas, de ferro fundido ou ferro";"Rio Grande do Sul";"216353";"12725"
"Importação ";" 2023";"73259910";"Outras obras moldadas, de aço";"Rio Grande do Sul";"192785";"13494"
"Importação ";" 2023";"73259100";"Esferas e artefatos semelhantes, para moinhos, moldadas, de ferro fundido, ferro ou aço";"Santa Catarina";"187024";"193404"
"Importação ";" 2023";"73259990";"Outras obras moldadas, de ferro fundido ou ferro";"Minas Gerais";"181083";"21216"
"Importação ";" 2023";"73259990";"Outras obras moldadas, de ferro fundido ou ferro";"Pará";"157510";"56904"
"Importação ";" 2023";"73259910";"Outras obras moldadas, de aço";"Ceará";"142979";"11081"
"Importação ";" 2023";"73259100";"Esferas e artefatos semelhantes, para moinhos, moldadas, de ferro fundido, ferro ou aço";"Rio Grande do Sul";"107797";"125000"
"Importação ";" 2023";"73259910";"Outras obras moldadas, de aço";"Bahia";"67656";"737"
"Importação ";" 2023";"73251000";"Outras obras moldadas de ferro fundido, não maleável";"Rio de Janeiro";"47081";"1971"
"Importação ";" 2023";"73259910";"Outras obras moldadas, de aço";"Amazonas";"32163";"5876"
"Importação ";" 2023";"73251000";"Outras obras moldadas de ferro fundido, não maleável";"Ceará";"29401";"13313"
"Importação ";" 2023";"73251000";"Outras obras moldadas de ferro fundido, não maleável";"Goiás";"29336";"24000"
"Importação ";" 2023";"73259990";"Outras obras moldadas, de ferro fundido ou ferro";"Espírito Santo";"26551";"3092"
"Importação ";" 2023";"73259990";"Outras obras moldadas, de ferro fundido ou ferro";"Amazonas";"25115";"435"
"Importação ";" 2023";"73251000";"Outras obras moldadas de ferro fundido, não maleável";"Rio Grande do Norte";"20594";"48"
"Importação ";" 2023";"73259910";"Outras obras moldadas, de aço";"Rio Grande do Norte";"17816";"25"
"Importação ";" 2023";"73259910";"Outras obras moldadas, de aço";"Pernambuco";"14680";"1452"
"Importação ";" 2023";"73251000";"Outras obras moldadas de ferro fundido, não maleável";"Maranhão";"12875";"600"
"Importação ";" 2023";"73251000";"Outras obras moldadas de ferro fundido, não maleável";"Bahia";"12527";"3922"
"Importação ";" 2023";"73259990";"Outras obras moldadas, de ferro fundido ou ferro";"Goiás";"11938";"104"
"Importação ";" 2023";"73251000";"Outras obras moldadas de ferro fundido, não maleável";"Pernambuco";"10448";"430"
"Importação ";" 2023";"73259910";"Outras obras moldadas, de aço";"Rondônia";"10124";"3489"
"Importação ";" 2023";"73259100";"Esferas e artefatos semelhantes, para moinhos, moldadas, de ferro fundido, ferro ou aço";"São Paulo";"9272";"29"
"Importação ";" 2023";"73259990";"Outras obras moldadas, de ferro fundido ou ferro";"Rondônia";"8975";"4453"
"Importação ";" 2023";"73251000";"Outras obras moldadas de ferro fundido, não maleável";"Rondônia";"7273";"7700"
"Importação ";" 2023";"73251000";"Outras obras moldadas de ferro fundido, não maleável";"Amazonas";"6249";"155"
"Importação ";" 2023";"73259910";"Outras obras moldadas, de aço";"Mato Grosso do Sul";"5899";"65"
"Importação ";" 2023";"73259910";"Outras obras moldadas, de aço";"Goiás";"4894";"26"
"Importação ";" 2023";"73259990";"Outras obras moldadas, de ferro fundido ou ferro";"Alagoas";"4186";"1620"
"Importação ";" 2023";"73251000";"Outras obras moldadas de ferro fundido, não maleável";"Pará";"3510";"18"
"Importação ";" 2023";"73259910";"Outras obras moldadas, de aço";"Espírito Santo";"3504";"34"
"Importação ";" 2023";"73259990";"Outras obras moldadas, de ferro fundido ou ferro";"Ceará";"3042";"1114"
"Importação ";" 2023";"73259910";"Outras obras moldadas, de aço";"Alagoas";"2330";"951"
"Importação ";" 2023";"73259910";"Outras obras moldadas, de aço";"Sergipe";"1167";"31"
"Importação ";" 2023";"73259990";"Outras obras moldadas, de ferro fundido ou ferro";"Distrito Federal";"1121";"6"
"Importação ";" 2023";"73251000";"Outras obras moldadas de ferro fundido, não maleável";"Espírito Santo";"1030";"191"
"Importação ";" 2023";"73251000";"Outras obras moldadas de ferro fundido, não maleável";"Sergipe";"783";"2"
"Importação ";" 2023";"73259910";"Outras obras moldadas, de aço";"Maranhão";"578";"0"
"Importação ";" 2023";"73259990";"Outras obras moldadas, de ferro fundido ou ferro";"Pernambuco";"409";"154"
"Importação ";" 2023";"73259100";"Esferas e artefatos semelhantes, para moinhos, moldadas, de ferro fundido, ferro ou aço";"Paraná";"280";"6"
"Importação ";" 2023";"73259990";"Outras obras moldadas, de ferro fundido ou ferro";"Paraíba";"249";"1"
"Importação ";" 2023";"73251000";"Outras obras moldadas de ferro fundido, não maleável";"Mato Grosso do Sul";"81";"18"
"Importação ";" 2023";"73259100";"Esferas e artefatos semelhantes, para moinhos, moldadas, de ferro fundido, ferro ou aço";"Rio de Janeiro";"28";"0"
"Exportação ";" 2022";"73251000";"Outras obras moldadas de ferro fundido, não maleável";"Minas Gerais";"8730671";"4558001"
"Exportação ";" 2022";"73259100";"Esferas e artefatos semelhantes, para moinhos, moldadas, de ferro fundido, ferro ou aço";"Minas Gerais";"6376195";"3442300"
"Exportação ";" 2022";"73259990";"Outras obras moldadas, de ferro fundido ou ferro";"São Paulo";"3791128";"560052"
"Exportação ";" 2022";"73259990";"Outras obras moldadas, de ferro fundido ou ferro";"Santa Catarina";"3675794";"438460"
"Exportação ";" 2022";"73259990";"Outras obras moldadas, de ferro fundido ou ferro";"Minas Gerais";"2081474";"1034451"
"Exportação ";" 2022";"73259910";"Outras obras moldadas, de aço";"Minas Gerais";"1626921";"149278"
"Exportação ";" 2022";"73259910";"Outras obras moldadas, de aço";"São Paulo";"1397278";"61039"
"Exportação ";" 2022";"73251000";"Outras obras moldadas de ferro fundido, não maleável";"São Paulo";"1375719";"287628"
"Exportação ";" 2022";"73259910";"Outras obras moldadas, de aço";"Rio Grande do Sul";"820064";"298830"
"Exportação ";" 2022";"73251000";"Outras obras moldadas de ferro fundido, não maleável";"Rio Grande do Sul";"567459";"214130"
"Exportação ";" 2022";"73259910";"Outras obras moldadas, de aço";"Rio de Janeiro";"522907";"48730"
"Exportação ";" 2022";"73259990";"Outras obras moldadas, de ferro fundido ou ferro";"Rio Grande do Sul";"217400";"34990"
"Exportação ";" 2022";"73251000";"Outras obras moldadas de ferro fundido, não maleável";"Rio de Janeiro";"196324";"95094"
"Exportação ";" 2022";"73251000";"Outras obras moldadas de ferro fundido, não maleável";"Paraná";"126530";"52253"
"Exportação ";" 2022";"73259910";"Outras obras moldadas, de aço";"Santa Catarina";"115696";"3533"
"Exportação ";" 2022";"73259990";"Outras obras moldadas, de ferro fundido ou ferro";"Rio de Janeiro";"104108";"5549"
"Exportação ";" 2022";"73259910";"Outras obras moldadas, de aço";"Paraná";"100096";"47644"
"Exportação ";" 2022";"73259100";"Esferas e artefatos semelhantes, para moinhos, moldadas, de ferro fundido, ferro ou aço";"São Paulo";"30195";"4046"
"Exportação ";" 2022";"73251000";"Outras obras moldadas de ferro fundido, não maleável";"Santa Catarina";"27077";"2220"
"Exportação ";" 2022";"73259100";"Esferas e artefatos semelhantes, para moinhos, moldadas, de ferro fundido, ferro ou aço";"Paraná";"20258";"4970"
"Exportação ";" 2022";"73259990";"Outras obras moldadas, de ferro fundido ou ferro";"Paraná";"14709";"751"
"Exportação ";" 2022";"73259910";"Outras obras moldadas, de aço";"Espírito Santo";"6632";"132"
"Exportação ";" 2022";"73251000";"Outras obras moldadas de ferro fundido, não maleável";"Rondônia";"5466";"2718"
"Exportação ";" 2022";"73259910";"Outras obras moldadas, de aço";"Não Declarada";"4743";"108"
"Exportação ";" 2022";"73259990";"Outras obras moldadas, de ferro fundido ou ferro";"Mato Grosso do Sul";"3894";"2648"
"Exportação ";" 2022";"73259990";"Outras obras moldadas, de ferro fundido ou ferro";"Espírito Santo";"1495";"4"
"Exportação ";" 2022";"73259100";"Esferas e artefatos semelhantes, para moinhos, moldadas, de ferro fundido, ferro ou aço";"Não Declarada";"987";"1"
"Exportação ";" 2022";"73251000";"Outras obras moldadas de ferro fundido, não maleável";"Mato Grosso do Sul";"681";"199"
"Exportação ";" 2022";"73259990";"Outras obras moldadas, de ferro fundido ou ferro";"Ceará";"499";"50"
"Exportação ";" 2022";"73259100";"Esferas e artefatos semelhantes, para moinhos, moldadas, de ferro fundido, ferro ou aço";"Bahia";"300";"74"
"Exportação ";" 2022";"73251000";"Outras obras moldadas de ferro fundido, não maleável";"Roraima";"201";"400"
"Exportação ";" 2022";"73251000";"Outras obras moldadas de ferro fundido, não maleável";"Ceará";"163";"36"
"Exportação ";" 2022";"73259910";"Outras obras moldadas, de aço";"Goiás";"56";"0"
"Exportação ";" 2022";"73259910";"Outras obras moldadas, de aço";"Distrito Federal";"42";"2"
"Exportação ";" 2022";"73259910";"Outras obras moldadas, de aço";"Maranhão";"26";"0"
"Exportação ";" 2022";"73259990";"Outras obras moldadas, de ferro fundido ou ferro";"Roraima";"21";"2"
"Importação ";" 2022";"73259990";"Outras obras moldadas, de ferro fundido ou ferro";"São Paulo";"18548699";"8571231"
"Importação ";" 2022";"73259100";"Esferas e artefatos semelhantes, para moinhos, moldadas, de ferro fundido, ferro ou aço";"Minas Gerais";"17312437";"12591621"
"Importação ";" 2022";"73259100";"Esferas e artefatos semelhantes, para moinhos, moldadas, de ferro fundido, ferro ou aço";"Pará";"9688443";"8607000"
"Importação ";" 2022";"73259100";"Esferas e artefatos semelhantes, para moinhos, moldadas, de ferro fundido, ferro ou aço";"Espírito Santo";"6394551";"3441000"
"Importação ";" 2022";"73259910";"Outras obras moldadas, de aço";"Paraná";"3284823";"542556"
"Importação ";" 2022";"73259910";"Outras obras moldadas, de aço";"São Paulo";"2759087";"259517"
"Importação ";" 2022";"73259100";"Esferas e artefatos semelhantes, para moinhos, moldadas, de ferro fundido, ferro ou aço";"Bahia";"2413285";"1134000"
"Importação ";" 2022";"73251000";"Outras obras moldadas de ferro fundido, não maleável";"São Paulo";"2259123";"839463"
"Importação ";" 2022";"73259910";"Outras obras moldadas, de aço";"Santa Catarina";"1411358";"270918"
"Importação ";" 2022";"73259100";"Esferas e artefatos semelhantes, para moinhos, moldadas, de ferro fundido, ferro ou aço";"Amazonas";"1399394";"1175000"
"Importação ";" 2022";"73251000";"Outras obras moldadas de ferro fundido, não maleável";"Paraná";"1055807";"844924"
"Importação ";" 2022";"73251000";"Outras obras moldadas de ferro fundido, não maleável";"Minas Gerais";"751683";"40073"
"Importação ";" 2022";"73259100";"Esferas e artefatos semelhantes, para moinhos, moldadas, de ferro fundido, ferro ou aço";"Distrito Federal";"576088";"415000"
"Importação ";" 2022";"73259990";"Outras obras moldadas, de ferro fundido ou ferro";"Pará";"476367";"95390"
"Importação ";" 2022";"73259990";"Outras obras moldadas, de ferro fundido ou ferro";"Santa Catarina";"466126";"80869"
"Importação ";" 2022";"73259910";"Outras obras moldadas, de aço";"Rio de Janeiro";"394326";"25345"
"Importação ";" 2022";"73259910";"Outras obras moldadas, de aço";"Ceará";"336188";"6607"
"Importação ";" 2022";"73259910";"Outras obras moldadas, de aço";"Minas Gerais";"283281";"18676"
"Importação ";" 2022";"73259990";"Outras obras moldadas, de ferro fundido ou ferro";"Rio de Janeiro";"267490";"2883"
"Importação ";" 2022";"73251000";"Outras obras moldadas de ferro fundido, não maleável";"Rio Grande do Sul";"244103";"82085"
"Importação ";" 2022";"73259990";"Outras obras moldadas, de ferro fundido ou ferro";"Minas Gerais";"183156";"46222"
"Importação ";" 2022";"73259990";"Outras obras moldadas, de ferro fundido ou ferro";"Paraná";"180363";"35858"
"Importação ";" 2022";"73259910";"Outras obras moldadas, de aço";"Pará";"152569";"3967"
"Importação ";" 2022";"73259910";"Outras obras moldadas, de aço";"Rio Grande do Sul";"149841";"12556"
"Importação ";" 2022";"73251000";"Outras obras moldadas de ferro fundido, não maleável";"Santa Catarina";"148542";"84005"
"Importação ";" 2022";"73259910";"Outras obras moldadas, de aço";"Bahia";"138262";"12546"
"Importação ";" 2022";"73259990";"Outras obras moldadas, de ferro fundido ou ferro";"Rio Grande do Sul";"96166";"19324"
"Importação ";" 2022";"73259990";"Outras obras moldadas, de ferro fundido ou ferro";"Goiás";"82359";"4892"
"Importação ";" 2022";"73259100";"Esferas e artefatos semelhantes, para moinhos, moldadas, de ferro fundido, ferro ou aço";"São Paulo";"71098";"8403"
"Importação ";" 2022";"73259910";"Outras obras moldadas, de aço";"Amazonas";"59686";"10145"
"Importação ";" 2022";"73259990";"Outras obras moldadas, de ferro fundido ou ferro";"Paraíba";"59502";"11202"
"Importação ";" 2022";"73259990";"Outras obras moldadas, de ferro fundido ou ferro";"Amazonas";"47909";"4517"
"Importação ";" 2022";"73259990";"Outras obras moldadas, de ferro fundido ou ferro";"Espírito Santo";"46481";"2271"
"Importação ";" 2022";"73251000";"Outras obras moldadas de ferro fundido, não maleável";"Rio de Janeiro";"42716";"442"
"Importação ";" 2022";"73259910";"Outras obras moldadas, de aço";"Rondônia";"41932";"18184"
"Importação ";" 2022";"73259100";"Esferas e artefatos semelhantes, para moinhos, moldadas, de ferro fundido, ferro ou aço";"Rio Grande do Sul";"35133";"27000"
"Importação ";" 2022";"73259910";"Outras obras moldadas, de aço";"Rio Grande do Norte";"24673";"780"
"Importação ";" 2022";"73251000";"Outras obras moldadas de ferro fundido, não maleável";"Rio Grande do Norte";"24366";"11"
"Importação ";" 2022";"73251000";"Outras obras moldadas de ferro fundido, não maleável";"Ceará";"20064";"5500"
"Importação ";" 2022";"73259910";"Outras obras moldadas, de aço";"Pernambuco";"15706";"690"
"Importação ";" 2022";"73259910";"Outras obras moldadas, de aço";"Espírito Santo";"11831";"128"
"Importação ";" 2022";"73251000";"Outras obras moldadas de ferro fundido, não maleável";"Pernambuco";"11189";"368"
"Importação ";" 2022";"73251000";"Outras obras moldadas de ferro fundido, não maleável";"Amazonas";"10060";"753"
"Importação ";" 2022";"73259990";"Outras obras moldadas, de ferro fundido ou ferro";"Bahia";"7483";"176"
"Importação ";" 2022";"73259910";"Outras obras moldadas, de aço";"Mato Grosso do Sul";"7345";"377"
"Importação ";" 2022";"73259990";"Outras obras moldadas, de ferro fundido ou ferro";"Alagoas";"7308";"4146"
"Importação ";" 2022";"73251000";"Outras obras moldadas de ferro fundido, não maleável";"Espírito Santo";"7023";"2635"
"Importação ";" 2022";"73259910";"Outras obras moldadas, de aço";"Goiás";"6433";"67"
"Importação ";" 2022";"73259990";"Outras obras moldadas, de ferro fundido ou ferro";"Pernambuco";"6092";"272"
"Importação ";" 2022";"73251000";"Outras obras moldadas de ferro fundido, não maleável";"Pará";"5557";"25"
"Importação ";" 2022";"73259100";"Esferas e artefatos semelhantes, para moinhos, moldadas, de ferro fundido, ferro ou aço";"Santa Catarina";"2973";"1007"
"Importação ";" 2022";"73259990";"Outras obras moldadas, de ferro fundido ou ferro";"Mato Grosso";"2940";"31"
"Importação ";" 2022";"73259910";"Outras obras moldadas, de aço";"Distrito Federal";"2295";"3"
"Importação ";" 2022";"73259990";"Outras obras moldadas, de ferro fundido ou ferro";"Ceará";"2145";"857"
"Importação ";" 2022";"73259910";"Outras obras moldadas, de aço";"Paraíba";"1977";"25"
"Importação ";" 2022";"73259910";"Outras obras moldadas, de aço";"Mato Grosso";"1805";"2"
"Importação ";" 2022";"73259910";"Outras obras moldadas, de aço";"Maranhão";"1772";"37"
"Importação ";" 2022";"73259100";"Esferas e artefatos semelhantes, para moinhos, moldadas, de ferro fundido, ferro ou aço";"Rio de Janeiro";"1200";"26"
"Importação ";" 2022";"73259990";"Outras obras moldadas, de ferro fundido ou ferro";"Distrito Federal";"1013";"12"
"Importação ";" 2022";"73259990";"Outras obras moldadas, de ferro fundido ou ferro";"Rondônia";"1004";"466"
"Importação ";" 2022";"73259910";"Outras obras moldadas, de aço";"Sergipe";"770";"22"
"Importação ";" 2022";"73259910";"Outras obras moldadas, de aço";"Alagoas";"627";"294"
"Importação ";" 2022";"73251000";"Outras obras moldadas de ferro fundido, não maleável";"Bahia";"529";"1"
"Importação ";" 2022";"73251000";"Outras obras moldadas de ferro fundido, não maleável";"Mato Grosso";"317";"0"
"Importação ";" 2022";"73259990";"Outras obras moldadas, de ferro fundido ou ferro";"Maranhão";"116";"0"
"Importação ";" 2022";"73251000";"Outras obras moldadas de ferro fundido, não maleável";"Goiás";"77";"7"
"Importação ";" 2022";"73259990";"Outras obras moldadas, de ferro fundido ou ferro";"Rio Grande do Norte";"53";"0"
"Importação ";" 2022";"73259910";"Outras obras moldadas, de aço";"Roraima";"21";"7"
"Exportação ";" 2021";"73251000";"Outras obras moldadas de ferro fundido, não maleável";"Minas Gerais";"6726936";"4387512"
"Exportação ";" 2021";"73259990";"Outras obras moldadas, de ferro fundido ou ferro";"São Paulo";"4620684";"952900"
"Exportação ";" 2021";"73259100";"Esferas e artefatos semelhantes, para moinhos, moldadas, de ferro fundido, ferro ou aço";"Minas Gerais";"4143805";"3106509"
"Exportação ";" 2021";"73259990";"Outras obras moldadas, de ferro fundido ou ferro";"Minas Gerais";"1319380";"783430"
"Exportação ";" 2021";"73259910";"Outras obras moldadas, de aço";"São Paulo";"1293268";"73319"
"Exportação ";" 2021";"73259910";"Outras obras moldadas, de aço";"Rio Grande do Sul";"748728";"276232"
"Exportação ";" 2021";"73259990";"Outras obras moldadas, de ferro fundido ou ferro";"Santa Catarina";"735285";"97267"
"Exportação ";" 2021";"73251000";"Outras obras moldadas de ferro fundido, não maleável";"São Paulo";"659807";"148866"
"Exportação ";" 2021";"73259990";"Outras obras moldadas, de ferro fundido ou ferro";"Rio de Janeiro";"347883";"3601"
"Exportação ";" 2021";"73259990";"Outras obras moldadas, de ferro fundido ou ferro";"Rio Grande do Sul";"207511";"19356"
"Exportação ";" 2021";"73251000";"Outras obras moldadas de ferro fundido, não maleável";"Rio Grande do Sul";"128750";"40934"
"Exportação ";" 2021";"73259910";"Outras obras moldadas, de aço";"Ceará";"105675";"14121"
"Exportação ";" 2021";"73259910";"Outras obras moldadas, de aço";"Paraná";"79095";"46082"
"Exportação ";" 2021";"73259910";"Outras obras moldadas, de aço";"Minas Gerais";"69915";"7228"
"Exportação ";" 2021";"73259990";"Outras obras moldadas, de ferro fundido ou ferro";"Paraná";"60656";"17851"
"Exportação ";" 2021";"73259910";"Outras obras moldadas, de aço";"Rio de Janeiro";"53374";"5868"
"Exportação ";" 2021";"73251000";"Outras obras moldadas de ferro fundido, não maleável";"Paraná";"53360";"12845"
"Exportação ";" 2021";"73259100";"Esferas e artefatos semelhantes, para moinhos, moldadas, de ferro fundido, ferro ou aço";"Santa Catarina";"52218";"27000"
"Exportação ";" 2021";"73259910";"Outras obras moldadas, de aço";"Santa Catarina";"50049";"3202"
"Exportação ";" 2021";"73259100";"Esferas e artefatos semelhantes, para moinhos, moldadas, de ferro fundido, ferro ou aço";"São Paulo";"38691";"8423"
"Exportação ";" 2021";"73251000";"Outras obras moldadas de ferro fundido, não maleável";"Santa Catarina";"25659";"5898"
"Exportação ";" 2021";"73259990";"Outras obras moldadas, de ferro fundido ou ferro";"Espírito Santo";"16126";"584"
"Exportação ";" 2021";"73251000";"Outras obras moldadas de ferro fundido, não maleável";"Rio de Janeiro";"10423";"3202"
"Exportação ";" 2021";"73259100";"Esferas e artefatos semelhantes, para moinhos, moldadas, de ferro fundido, ferro ou aço";"Paraná";"10347";"854"
"Exportação ";" 2021";"73251000";"Outras obras moldadas de ferro fundido, não maleável";"Mato Grosso do Sul";"2456";"3180"
"Exportação ";" 2021";"73259910";"Outras obras moldadas, de aço";"Amazonas";"2045";"0"
"Exportação ";" 2021";"73259910";"Outras obras moldadas, de aço";"Mato Grosso do Sul";"1815";"120"
"Exportação ";" 2021";"73259910";"Outras obras moldadas, de aço";"Roraima";"1797";"1500"
"Exportação ";" 2021";"73251000";"Outras obras moldadas de ferro fundido, não maleável";"Espírito Santo";"1600";"600"
"Exportação ";" 2021";"73259910";"Outras obras moldadas, de aço";"Espírito Santo";"1243";"502"
"Exportação ";" 2021";"73251000";"Outras obras moldadas de ferro fundido, não maleável";"Ceará";"828";"34"
"Exportação ";" 2021";"73259100";"Esferas e artefatos semelhantes, para moinhos, moldadas, de ferro fundido, ferro ou aço";"Bahia";"357";"121"
"Exportação ";" 2021";"73259910";"Outras obras moldadas, de aço";"Bahia";"337";"156"
"Exportação ";" 2021";"73251000";"Outras obras moldadas de ferro fundido, não maleável";"Roraima";"303";"800"
"Exportação ";" 2021";"73259990";"Outras obras moldadas, de ferro fundido ou ferro";"Mato Grosso";"195";"38"
"Exportação ";" 2021";"73259100";"Esferas e artefatos semelhantes, para moinhos, moldadas, de ferro fundido, ferro ou aço";"Rio de Janeiro";"52";"10"
"Exportação ";" 2021";"73259990";"Outras obras moldadas, de ferro fundido ou ferro";"Goiás";"44";"0"
"Exportação ";" 2021";"73259910";"Outras obras moldadas, de aço";"Alagoas";"16";"0"
"Importação ";" 2021";"73259100";"Esferas e artefatos semelhantes, para moinhos, moldadas, de ferro fundido, ferro ou aço";"Pará";"21922563";"22044000"
"Importação ";" 2021";"73259990";"Outras obras moldadas, de ferro fundido ou ferro";"São Paulo";"17154547";"9726522"
"Importação ";" 2021";"73259100";"Esferas e artefatos semelhantes, para moinhos, moldadas, de ferro fundido, ferro ou aço";"Minas Gerais";"10445294";"11560251"
"Importação ";" 2021";"73259100";"Esferas e artefatos semelhantes, para moinhos, moldadas, de ferro fundido, ferro ou aço";"Espírito Santo";"8585871";"6291000"
"Importação ";" 2021";"73259910";"Outras obras moldadas, de aço";"Paraná";"4119845";"618802"
"Importação ";" 2021";"73259910";"Outras obras moldadas, de aço";"São Paulo";"2368442";"238396"
"Importação ";" 2021";"73259100";"Esferas e artefatos semelhantes, para moinhos, moldadas, de ferro fundido, ferro ou aço";"Bahia";"1581879";"1134000"
"Importação ";" 2021";"73251000";"Outras obras moldadas de ferro fundido, não maleável";"São Paulo";"1543443";"699318"
"Importação ";" 2021";"73259910";"Outras obras moldadas, de aço";"Santa Catarina";"960191";"214435"
"Importação ";" 2021";"73259910";"Outras obras moldadas, de aço";"Rio de Janeiro";"818185";"12256"
"Importação ";" 2021";"73259100";"Esferas e artefatos semelhantes, para moinhos, moldadas, de ferro fundido, ferro ou aço";"Amazonas";"655465";"702000"
"Importação ";" 2021";"73259910";"Outras obras moldadas, de aço";"Ceará";"510061";"28071"
"Importação ";" 2021";"73259990";"Outras obras moldadas, de ferro fundido ou ferro";"Santa Catarina";"497392";"136971"
"Importação ";" 2021";"73251000";"Outras obras moldadas de ferro fundido, não maleável";"Santa Catarina";"227196";"147018"
"Importação ";" 2021";"73259910";"Outras obras moldadas, de aço";"Bahia";"184327";"60992"
"Importação ";" 2021";"73259990";"Outras obras moldadas, de ferro fundido ou ferro";"Rio de Janeiro";"182928";"2239"
"Importação ";" 2021";"73259100";"Esferas e artefatos semelhantes, para moinhos, moldadas, de ferro fundido, ferro ou aço";"Distrito Federal";"177941";"165000"
"Importação ";" 2021";"73259990";"Outras obras moldadas, de ferro fundido ou ferro";"Paraíba";"167910";"33605"
"Importação ";" 2021";"73259990";"Outras obras moldadas, de ferro fundido ou ferro";"Minas Gerais";"157580";"11304"
"Importação ";" 2021";"73259990";"Outras obras moldadas, de ferro fundido ou ferro";"Rio Grande do Sul";"155600";"4019"
"Importação ";" 2021";"73251000";"Outras obras moldadas de ferro fundido, não maleável";"Paraná";"142338";"30065"
"Importação ";" 2021";"73259990";"Outras obras moldadas, de ferro fundido ou ferro";"Ceará";"120185";"1362"
"Importação ";" 2021";"73259910";"Outras obras moldadas, de aço";"Minas Gerais";"108148";"5951"
"Importação ";" 2021";"73259910";"Outras obras moldadas, de aço";"Rio Grande do Sul";"107915";"8372"
"Importação ";" 2021";"73251000";"Outras obras moldadas de ferro fundido, não maleável";"Rio Grande do Sul";"99528";"36894"
"Importação ";" 2021";"73259990";"Outras obras moldadas, de ferro fundido ou ferro";"Paraná";"95535";"26816"
"Importação ";" 2021";"73251000";"Outras obras moldadas de ferro fundido, não maleável";"Pernambuco";"76941";"3453"
"Importação ";" 2021";"73251000";"Outras obras moldadas de ferro fundido, não maleável";"Rio de Janeiro";"75480";"13732"
"Importação ";" 2021";"73251000";"Outras obras moldadas de ferro fundido, não maleável";"Minas Gerais";"70283";"1816"
"Importação ";" 2021";"73259100";"Esferas e artefatos semelhantes, para moinhos, moldadas, de ferro fundido, ferro ou aço";"São Paulo";"67136";"7002"
"Importação ";" 2021";"73251000";"Outras obras moldadas de ferro fundido, não maleável";"Bahia";"53865";"27600"
"Importação ";" 2021";"73259910";"Outras obras moldadas, de aço";"Pará";"41536";"1094"
"Importação ";" 2021";"73259990";"Outras obras moldadas, de ferro fundido ou ferro";"Pará";"28355";"1074"
"Importação ";" 2021";"73259990";"Outras obras moldadas, de ferro fundido ou ferro";"Amazonas";"24448";"2460"
"Importação ";" 2021";"73259990";"Outras obras moldadas, de ferro fundido ou ferro";"Maranhão";"21923";"3690"
"Importação ";" 2021";"73251000";"Outras obras moldadas de ferro fundido, não maleável";"Rio Grande do Norte";"20210";"8"
"Importação ";" 2021";"73259910";"Outras obras moldadas, de aço";"Espírito Santo";"19442";"1414"
"Importação ";" 2021";"73259990";"Outras obras moldadas, de ferro fundido ou ferro";"Espírito Santo";"19304";"2010"
"Importação ";" 2021";"73259990";"Outras obras moldadas, de ferro fundido ou ferro";"Bahia";"16034";"19377"
"Importação ";" 2021";"73259910";"Outras obras moldadas, de aço";"Rio Grande do Norte";"15459";"22"
"Importação ";" 2021";"73259910";"Outras obras moldadas, de aço";"Maranhão";"15280";"196"
"Importação ";" 2021";"73259990";"Outras obras moldadas, de ferro fundido ou ferro";"Pernambuco";"11544";"1800"
"Importação ";" 2021";"73259100";"Esferas e artefatos semelhantes, para moinhos, moldadas, de ferro fundido, ferro ou aço";"Ceará";"9217";"1"
"Importação ";" 2021";"73259910";"Outras obras moldadas, de aço";"Paraíba";"8727";"1"
"Importação ";" 2021";"73259910";"Outras obras moldadas, de aço";"Distrito Federal";"7730";"2700"
"Importação ";" 2021";"73259990";"Outras obras moldadas, de ferro fundido ou ferro";"Goiás";"6735";"367"
"Importação ";" 2021";"73259910";"Outras obras moldadas, de aço";"Goiás";"5997";"61"
"Importação ";" 2021";"73251000";"Outras obras moldadas de ferro fundido, não maleável";"Pará";"5647";"83"
"Importação ";" 2021";"73251000";"Outras obras moldadas de ferro fundido, não maleável";"Amazonas";"5546";"109"
"Importação ";" 2021";"73259910";"Outras obras moldadas, de aço";"Mato Grosso";"4924";"116"
"Importação ";" 2021";"73259910";"Outras obras moldadas, de aço";"Rondônia";"3245";"500"
"Importação ";" 2021";"73259910";"Outras obras moldadas, de aço";"Amazonas";"3065";"5"
"Importação ";" 2021";"73259910";"Outras obras moldadas, de aço";"Pernambuco";"2158";"117"
"Importação ";" 2021";"73259990";"Outras obras moldadas, de ferro fundido ou ferro";"Sergipe";"1039";"1"
"Importação ";" 2021";"73259990";"Outras obras moldadas, de ferro fundido ou ferro";"Distrito Federal";"1020";"6"
"Importação ";" 2021";"73259910";"Outras obras moldadas, de aço";"Alagoas";"677";"383"
"Importação ";" 2021";"73251000";"Outras obras moldadas de ferro fundido, não maleável";"Rondônia";"514";"11"
"Importação ";" 2021";"73259100";"Esferas e artefatos semelhantes, para moinhos, moldadas, de ferro fundido, ferro ou aço";"Alagoas";"276";"98"
"Importação ";" 2021";"73251000";"Outras obras moldadas de ferro fundido, não maleável";"Goiás";"196";"6"
"Importação ";" 2021";"73259910";"Outras obras moldadas, de aço";"Sergipe";"194";"5"
"Importação ";" 2021";"73259910";"Outras obras moldadas, de aço";"Mato Grosso do Sul";"148";"2"
"Importação ";" 2021";"73259990";"Outras obras moldadas, de ferro fundido ou ferro";"Rondônia";"53";"0"
"Importação ";" 2021";"73259990";"Outras obras moldadas, de ferro fundido ou ferro";"Rio Grande do Norte";"35";"7"
"Importação ";" 2021";"73259100";"Esferas e artefatos semelhantes, para moinhos, moldadas, de ferro fundido, ferro ou aço";"Rio de Janeiro";"21";"0"
"Importação ";" 2021";"73259100";"Esferas e artefatos semelhantes, para moinhos, moldadas, de ferro fundido, ferro ou aço";"Santa Catarina";"6";"0"
"Exportação ";" 2020";"73251000";"Outras obras moldadas de ferro fundido, não maleável";"Minas Gerais";"4278232";"2881183"
"Exportação ";" 2020";"73259100";"Esferas e artefatos semelhantes, para moinhos, moldadas, de ferro fundido, ferro ou aço";"Minas Gerais";"3804535";"3257690"
"Exportação ";" 2020";"73259990";"Outras obras moldadas, de ferro fundido ou ferro";"São Paulo";"2864143";"546450"
"Exportação ";" 2020";"73259910";"Outras obras moldadas, de aço";"Rio Grande do Sul";"1137853";"505233"
"Exportação ";" 2020";"73259910";"Outras obras moldadas, de aço";"São Paulo";"1097146";"68836"
"Exportação ";" 2020";"73259990";"Outras obras moldadas, de ferro fundido ou ferro";"Minas Gerais";"755810";"563561"
"Exportação ";" 2020";"73251000";"Outras obras moldadas de ferro fundido, não maleável";"São Paulo";"634197";"128529"
"Exportação ";" 2020";"73259990";"Outras obras moldadas, de ferro fundido ou ferro";"Santa Catarina";"505320";"57279"
"Exportação ";" 2020";"73259990";"Outras obras moldadas, de ferro fundido ou ferro";"Rio Grande do Sul";"325965";"18441"
"Exportação ";" 2020";"73259990";"Outras obras moldadas, de ferro fundido ou ferro";"Espírito Santo";"196464";"66168"
"Exportação ";" 2020";"73259910";"Outras obras moldadas, de aço";"Paraná";"121068";"60648"
"Exportação ";" 2020";"73259990";"Outras obras moldadas, de ferro fundido ou ferro";"Rio de Janeiro";"115207";"4911"
"Exportação ";" 2020";"73251000";"Outras obras moldadas de ferro fundido, não maleável";"Santa Catarina";"53355";"11967"
"Exportação ";" 2020";"73259910";"Outras obras moldadas, de aço";"Minas Gerais";"50998";"697"
"Exportação ";" 2020";"73251000";"Outras obras moldadas de ferro fundido, não maleável";"Paraná";"43015";"20724"
"Exportação ";" 2020";"73259990";"Outras obras moldadas, de ferro fundido ou ferro";"Paraná";"30736";"10055"
"Exportação ";" 2020";"73259910";"Outras obras moldadas, de aço";"Rio de Janeiro";"27367";"410"
"Exportação ";" 2020";"73259100";"Esferas e artefatos semelhantes, para moinhos, moldadas, de ferro fundido, ferro ou aço";"São Paulo";"24438";"3678"
"Exportação ";" 2020";"73251000";"Outras obras moldadas de ferro fundido, não maleável";"Rio Grande do Sul";"22597";"5610"
"Exportação ";" 2020";"73251000";"Outras obras moldadas de ferro fundido, não maleável";"Rio de Janeiro";"10150";"4864"
"Exportação ";" 2020";"73251000";"Outras obras moldadas de ferro fundido, não maleável";"Mato Grosso do Sul";"9890";"11830"
"Exportação ";" 2020";"73259910";"Outras obras moldadas, de aço";"Santa Catarina";"6391";"312"
"Exportação ";" 2020";"73259910";"Outras obras moldadas, de aço";"Espírito Santo";"5188";"240"
"Exportação ";" 2020";"73259100";"Esferas e artefatos semelhantes, para moinhos, moldadas, de ferro fundido, ferro ou aço";"Paraná";"5066";"489"
"Exportação ";" 2020";"73259990";"Outras obras moldadas, de ferro fundido ou ferro";"Pernambuco";"2151";"43"
"Exportação ";" 2020";"73251000";"Outras obras moldadas de ferro fundido, não maleável";"Roraima";"2149";"600"
"Exportação ";" 2020";"73251000";"Outras obras moldadas de ferro fundido, não maleável";"Ceará";"1892";"176"
"Exportação ";" 2020";"73251000";"Outras obras moldadas de ferro fundido, não maleável";"Amapá";"952";"155"
"Exportação ";" 2020";"73259910";"Outras obras moldadas, de aço";"Bahia";"784";"136"
"Exportação ";" 2020";"73259990";"Outras obras moldadas, de ferro fundido ou ferro";"Mato Grosso do Sul";"744";"1890"
"Exportação ";" 2020";"73259910";"Outras obras moldadas, de aço";"Ceará";"642";"54"
"Exportação ";" 2020";"73259910";"Outras obras moldadas, de aço";"Mato Grosso do Sul";"532";"18"
"Exportação ";" 2020";"73259100";"Esferas e artefatos semelhantes, para moinhos, moldadas, de ferro fundido, ferro ou aço";"Amazonas";"326";"120"
"Exportação ";" 2020";"73259910";"Outras obras moldadas, de aço";"Roraima";"205";"18"
"Exportação ";" 2020";"73259990";"Outras obras moldadas, de ferro fundido ou ferro";"Bahia";"200";"740"
"Exportação ";" 2020";"73251000";"Outras obras moldadas de ferro fundido, não maleável";"Rondônia";"113";"250"
"Exportação ";" 2020";"73259990";"Outras obras moldadas, de ferro fundido ou ferro";"Amapá";"18";"2"
"Exportação ";" 2020";"73259100";"Esferas e artefatos semelhantes, para moinhos, moldadas, de ferro fundido, ferro ou aço";"Rio Grande do Sul";"8";"2"
"Importação ";" 2020";"73259100";"Esferas e artefatos semelhantes, para moinhos, moldadas, de ferro fundido, ferro ou aço";"Pará";"9454848";"12285000"
"Importação ";" 2020";"73259990";"Outras obras moldadas, de ferro fundido ou ferro";"São Paulo";"7174826";"6252750"
"Importação ";" 2020";"73259100";"Esferas e artefatos semelhantes, para moinhos, moldadas, de ferro fundido, ferro ou aço";"Minas Gerais";"3276231";"4714000"
"Importação ";" 2020";"73259910";"Outras obras moldadas, de aço";"Paraná";"2600514";"412110"
"Importação ";" 2020";"73259100";"Esferas e artefatos semelhantes, para moinhos, moldadas, de ferro fundido, ferro ou aço";"Goiás";"2355247";"3200700"
"Importação ";" 2020";"73259910";"Outras obras moldadas, de aço";"São Paulo";"1493998";"177500"
"Importação ";" 2020";"73251000";"Outras obras moldadas de ferro fundido, não maleável";"São Paulo";"1042426";"511556"
"Importação ";" 2020";"73259910";"Outras obras moldadas, de aço";"Ceará";"596602";"19169"
"Importação ";" 2020";"73259990";"Outras obras moldadas, de ferro fundido ou ferro";"Rio de Janeiro";"502413";"18888"
"Importação ";" 2020";"73259910";"Outras obras moldadas, de aço";"Santa Catarina";"498817";"121101"
"Importação ";" 2020";"73259990";"Outras obras moldadas, de ferro fundido ou ferro";"Santa Catarina";"328365";"79677"
"Importação ";" 2020";"73259910";"Outras obras moldadas, de aço";"Rio de Janeiro";"247815";"11936"
"Importação ";" 2020";"73259910";"Outras obras moldadas, de aço";"Rio Grande do Sul";"172935";"15489"
"Importação ";" 2020";"73259990";"Outras obras moldadas, de ferro fundido ou ferro";"Minas Gerais";"141309";"11169"
"Importação ";" 2020";"73259990";"Outras obras moldadas, de ferro fundido ou ferro";"Paraná";"132300";"21302"
"Importação ";" 2020";"73259910";"Outras obras moldadas, de aço";"Minas Gerais";"111842";"3277"
"Importação ";" 2020";"73251000";"Outras obras moldadas de ferro fundido, não maleável";"Paraná";"85187";"12790"
"Importação ";" 2020";"73259990";"Outras obras moldadas, de ferro fundido ou ferro";"Rio Grande do Sul";"81343";"3283"
"Importação ";" 2020";"73259910";"Outras obras moldadas, de aço";"Bahia";"73986";"10379"
"Importação ";" 2020";"73251000";"Outras obras moldadas de ferro fundido, não maleável";"Santa Catarina";"70433";"29463"
"Importação ";" 2020";"73251000";"Outras obras moldadas de ferro fundido, não maleável";"Rio de Janeiro";"66544";"1749"
"Importação ";" 2020";"73251000";"Outras obras moldadas de ferro fundido, não maleável";"Minas Gerais";"55981";"1578"
"Importação ";" 2020";"73251000";"Outras obras moldadas de ferro fundido, não maleável";"Rio Grande do Sul";"49633";"18917"
"Importação ";" 2020";"73259990";"Outras obras moldadas, de ferro fundido ou ferro";"Espírito Santo";"36682";"1715"
"Importação ";" 2020";"73259990";"Outras obras moldadas, de ferro fundido ou ferro";"Amazonas";"34409";"5291"
"Importação ";" 2020";"73259990";"Outras obras moldadas, de ferro fundido ou ferro";"Bahia";"32692";"1236"
"Importação ";" 2020";"73251000";"Outras obras moldadas de ferro fundido, não maleável";"Espírito Santo";"22796";"10602"
"Importação ";" 2020";"73251000";"Outras obras moldadas de ferro fundido, não maleável";"Rio Grande do Norte";"22720";"29"
"Importação ";" 2020";"73259910";"Outras obras moldadas, de aço";"Goiás";"20906";"2834"
"Importação ";" 2020";"73251000";"Outras obras moldadas de ferro fundido, não maleável";"Amazonas";"17971";"195"
"Importação ";" 2020";"73259910";"Outras obras moldadas, de aço";"Rondônia";"17772";"7819"
"Importação ";" 2020";"73251000";"Outras obras moldadas de ferro fundido, não maleável";"Maranhão";"16731";"8"
"Importação ";" 2020";"73259910";"Outras obras moldadas, de aço";"Mato Grosso";"12127";"9755"
"Importação ";" 2020";"73259910";"Outras obras moldadas, de aço";"Amazonas";"10737";"32"
"Importação ";" 2020";"73259910";"Outras obras moldadas, de aço";"Pernambuco";"9768";"913"
"Importação ";" 2020";"73259990";"Outras obras moldadas, de ferro fundido ou ferro";"Roraima";"9423";"813"
"Importação ";" 2020";"73251000";"Outras obras moldadas de ferro fundido, não maleável";"Pará";"8862";"671"
"Importação ";" 2020";"73259910";"Outras obras moldadas, de aço";"Maranhão";"7574";"237"
"Importação ";" 2020";"73251000";"Outras obras moldadas de ferro fundido, não maleável";"Pernambuco";"7279";"174"
"Importação ";" 2020";"73259990";"Outras obras moldadas, de ferro fundido ou ferro";"Ceará";"6373";"724"
"Importação ";" 2020";"73251000";"Outras obras moldadas de ferro fundido, não maleável";"Ceará";"5648";"1545"
"Importação ";" 2020";"73259910";"Outras obras moldadas, de aço";"Alagoas";"4946";"1385"
"Importação ";" 2020";"73259990";"Outras obras moldadas, de ferro fundido ou ferro";"Goiás";"4486";"185"
"Importação ";" 2020";"73259910";"Outras obras moldadas, de aço";"Amapá";"4423";"84"
"Importação ";" 2020";"73259990";"Outras obras moldadas, de ferro fundido ou ferro";"Pará";"3886";"907"
"Importação ";" 2020";"73259910";"Outras obras moldadas, de aço";"Pará";"2788";"67"
"Importação ";" 2020";"73259990";"Outras obras moldadas, de ferro fundido ou ferro";"Pernambuco";"2713";"568"
"Importação ";" 2020";"73259910";"Outras obras moldadas, de aço";"Mato Grosso do Sul";"1567";"0"
"Importação ";" 2020";"73259910";"Outras obras moldadas, de aço";"Espírito Santo";"1370";"22"
"Importação ";" 2020";"73251000";"Outras obras moldadas de ferro fundido, não maleável";"Alagoas";"991";"14"
"Importação ";" 2020";"73259990";"Outras obras moldadas, de ferro fundido ou ferro";"Mato Grosso do Sul";"974";"11"
"Importação ";" 2020";"73259990";"Outras obras moldadas, de ferro fundido ou ferro";"Mato Grosso";"767";"2"
"Importação ";" 2020";"73259990";"Outras obras moldadas, de ferro fundido ou ferro";"Rio Grande do Norte";"615";"5"
"Importação ";" 2020";"73259910";"Outras obras moldadas, de aço";"Rio Grande do Norte";"581";"52"
"Importação ";" 2020";"73251000";"Outras obras moldadas de ferro fundido, não maleável";"Bahia";"478";"1"
"Importação ";" 2020";"73259990";"Outras obras moldadas, de ferro fundido ou ferro";"Amapá";"130";"1"
"Importação ";" 2020";"73259100";"Esferas e artefatos semelhantes, para moinhos, moldadas, de ferro fundido, ferro ou aço";"Rio de Janeiro";"59";"0"
"Importação ";" 2020";"73251000";"Outras obras moldadas de ferro fundido, não maleável";"Paraíba";"54";"0"
"Importação ";" 2020";"73259990";"Outras obras moldadas, de ferro fundido ou ferro";"Paraíba";"54";"0"
"Importação ";" 2020";"73259100";"Esferas e artefatos semelhantes, para moinhos, moldadas, de ferro fundido, ferro ou aço";"Santa Catarina";"16";"0"
"Exportação ";" 2019";"73259100";"Esferas e artefatos semelhantes, para moinhos, moldadas, de ferro fundido, ferro ou aço";"Minas Gerais";"6927946";"5387749"
"Exportação ";" 2019";"73251000";"Outras obras moldadas de ferro fundido, não maleável";"Minas Gerais";"5935047";"3536050"
"Exportação ";" 2019";"73259990";"Outras obras moldadas, de ferro fundido ou ferro";"São Paulo";"4500031";"860768"
"Exportação ";" 2019";"73259910";"Outras obras moldadas, de aço";"São Paulo";"1581917";"51092"
"Exportação ";" 2019";"73259910";"Outras obras moldadas, de aço";"Rio Grande do Sul";"1460329";"679483"
"Exportação ";" 2019";"73259990";"Outras obras moldadas, de ferro fundido ou ferro";"Espírito Santo";"732503";"338402"
"Exportação ";" 2019";"73251000";"Outras obras moldadas de ferro fundido, não maleável";"São Paulo";"460952";"68829"
"Exportação ";" 2019";"73259990";"Outras obras moldadas, de ferro fundido ou ferro";"Rio Grande do Sul";"283653";"17437"
"Exportação ";" 2019";"73259910";"Outras obras moldadas, de aço";"Paraná";"266869";"95645"
"Exportação ";" 2019";"73259910";"Outras obras moldadas, de aço";"Minas Gerais";"191122";"11795"
"Exportação ";" 2019";"73259990";"Outras obras moldadas, de ferro fundido ou ferro";"Minas Gerais";"134750";"74785"
"Exportação ";" 2019";"73251000";"Outras obras moldadas de ferro fundido, não maleável";"Santa Catarina";"121697";"31473"
"Exportação ";" 2019";"73259910";"Outras obras moldadas, de aço";"Santa Catarina";"71927";"7139"
"Exportação ";" 2019";"73251000";"Outras obras moldadas de ferro fundido, não maleável";"Paraná";"70000";"19935"
"Exportação ";" 2019";"73259910";"Outras obras moldadas, de aço";"Rio de Janeiro";"52749";"2571"
"Exportação ";" 2019";"73259990";"Outras obras moldadas, de ferro fundido ou ferro";"Rio de Janeiro";"35793";"1065"
"Exportação ";" 2019";"73251000";"Outras obras moldadas de ferro fundido, não maleável";"Rio Grande do Sul";"30294";"5695"
"Exportação ";" 2019";"73259100";"Esferas e artefatos semelhantes, para moinhos, moldadas, de ferro fundido, ferro ou aço";"São Paulo";"27593";"3004"
"Exportação ";" 2019";"73259990";"Outras obras moldadas, de ferro fundido ou ferro";"Paraná";"25451";"6710"
"Exportação ";" 2019";"73259990";"Outras obras moldadas, de ferro fundido ou ferro";"Pará";"20214";"2530"
"Exportação ";" 2019";"73251000";"Outras obras moldadas de ferro fundido, não maleável";"Espírito Santo";"6537";"1608"
"Exportação ";" 2019";"73259100";"Esferas e artefatos semelhantes, para moinhos, moldadas, de ferro fundido, ferro ou aço";"Paraná";"3922";"435"
"Exportação ";" 2019";"73259990";"Outras obras moldadas, de ferro fundido ou ferro";"Santa Catarina";"3126";"1580"
"Exportação ";" 2019";"73251000";"Outras obras moldadas de ferro fundido, não maleável";"Rio de Janeiro";"3029";"1092"
"Exportação ";" 2019";"73259910";"Outras obras moldadas, de aço";"Amazonas";"2067";"37"
"Exportação ";" 2019";"73259910";"Outras obras moldadas, de aço";"Ceará";"1467";"79"
"Exportação ";" 2019";"73259910";"Outras obras moldadas, de aço";"Bahia";"947";"289"
"Exportação ";" 2019";"73251000";"Outras obras moldadas de ferro fundido, não maleável";"Roraima";"905";"252"
"Exportação ";" 2019";"73259100";"Esferas e artefatos semelhantes, para moinhos, moldadas, de ferro fundido, ferro ou aço";"Rio Grande do Sul";"501";"7"
"Exportação ";" 2019";"73259910";"Outras obras moldadas, de aço";"Espírito Santo";"354";"19"
"Exportação ";" 2019";"73259990";"Outras obras moldadas, de ferro fundido ou ferro";"Ceará";"173";"21"
"Exportação ";" 2019";"73251000";"Outras obras moldadas de ferro fundido, não maleável";"Ceará";"125";"4"
"Exportação ";" 2019";"73251000";"Outras obras moldadas de ferro fundido, não maleável";"Goiás";"104";"21"
"Exportação ";" 2019";"73259910";"Outras obras moldadas, de aço";"Maranhão";"19";"1"
"Importação ";" 2019";"73259100";"Esferas e artefatos semelhantes, para moinhos, moldadas, de ferro fundido, ferro ou aço";"Minas Gerais";"17702863";"17839870"
"Importação ";" 2019";"73259100";"Esferas e artefatos semelhantes, para moinhos, moldadas, de ferro fundido, ferro ou aço";"Espírito Santo";"12619486";"8130000"
"Importação ";" 2019";"73259100";"Esferas e artefatos semelhantes, para moinhos, moldadas, de ferro fundido, ferro ou aço";"Pará";"10482120";"11863000"
"Importação ";" 2019";"73259990";"Outras obras moldadas, de ferro fundido ou ferro";"São Paulo";"7638410";"5912867"
"Importação ";" 2019";"73259910";"Outras obras moldadas, de aço";"Paraná";"4646709";"693972"
"Importação ";" 2019";"73251000";"Outras obras moldadas de ferro fundido, não maleável";"São Paulo";"1515225";"705820"
"Importação ";" 2019";"73259910";"Outras obras moldadas, de aço";"São Paulo";"1212204";"154431"
"Importação ";" 2019";"73259910";"Outras obras moldadas, de aço";"Rio de Janeiro";"552234";"23857"
"Importação ";" 2019";"73259990";"Outras obras moldadas, de ferro fundido ou ferro";"Santa Catarina";"518364";"148224"
"Importação ";" 2019";"73259990";"Outras obras moldadas, de ferro fundido ou ferro";"Rio de Janeiro";"347295";"27938"
"Importação ";" 2019";"73251000";"Outras obras moldadas de ferro fundido, não maleável";"Minas Gerais";"264064";"25238"
"Importação ";" 2019";"73259910";"Outras obras moldadas, de aço";"Ceará";"253285";"56204"
"Importação ";" 2019";"73259910";"Outras obras moldadas, de aço";"Santa Catarina";"214228";"49887"
"Importação ";" 2019";"73259910";"Outras obras moldadas, de aço";"Bahia";"213026";"32349"
"Importação ";" 2019";"73259990";"Outras obras moldadas, de ferro fundido ou ferro";"Paraná";"173319";"38323"
"Importação ";" 2019";"73259910";"Outras obras moldadas, de aço";"Rio Grande do Sul";"171937";"17643"
"Importação ";" 2019";"73259990";"Outras obras moldadas, de ferro fundido ou ferro";"Rio Grande do Sul";"153772";"51817"
"Importação ";" 2019";"73259910";"Outras obras moldadas, de aço";"Minas Gerais";"135859";"1360"
"Importação ";" 2019";"73251000";"Outras obras moldadas de ferro fundido, não maleável";"Rio de Janeiro";"131779";"24909"
"Importação ";" 2019";"73251000";"Outras obras moldadas de ferro fundido, não maleável";"Rio Grande do Sul";"98690";"24764"
"Importação ";" 2019";"73259990";"Outras obras moldadas, de ferro fundido ou ferro";"Minas Gerais";"97568";"5647"
"Importação ";" 2019";"73259990";"Outras obras moldadas, de ferro fundido ou ferro";"Bahia";"83909";"2569"
"Importação ";" 2019";"73251000";"Outras obras moldadas de ferro fundido, não maleável";"Paraná";"75080";"6994"
"Importação ";" 2019";"73251000";"Outras obras moldadas de ferro fundido, não maleável";"Santa Catarina";"55775";"12221"
"Importação ";" 2019";"73259990";"Outras obras moldadas, de ferro fundido ou ferro";"Pará";"53858";"8513"
"Importação ";" 2019";"73259990";"Outras obras moldadas, de ferro fundido ou ferro";"Espírito Santo";"42372";"1516"
"Importação ";" 2019";"73259100";"Esferas e artefatos semelhantes, para moinhos, moldadas, de ferro fundido, ferro ou aço";"Ceará";"32581";"25500"
"Importação ";" 2019";"73259100";"Esferas e artefatos semelhantes, para moinhos, moldadas, de ferro fundido, ferro ou aço";"Mato Grosso";"30914";"27000"
"Importação ";" 2019";"73259910";"Outras obras moldadas, de aço";"Amapá";"22482";"387"
"Importação ";" 2019";"73259100";"Esferas e artefatos semelhantes, para moinhos, moldadas, de ferro fundido, ferro ou aço";"Santa Catarina";"19923";"16000"
"Importação ";" 2019";"73251000";"Outras obras moldadas de ferro fundido, não maleável";"Rio Grande do Norte";"16328";"25"
"Importação ";" 2019";"73259100";"Esferas e artefatos semelhantes, para moinhos, moldadas, de ferro fundido, ferro ou aço";"São Paulo";"14109";"5005"
"Importação ";" 2019";"73259990";"Outras obras moldadas, de ferro fundido ou ferro";"Pernambuco";"13167";"2944"
"Importação ";" 2019";"73259910";"Outras obras moldadas, de aço";"Piauí";"12756";"415"
"Importação ";" 2019";"73259990";"Outras obras moldadas, de ferro fundido ou ferro";"Alagoas";"12159";"6380"
"Importação ";" 2019";"73259910";"Outras obras moldadas, de aço";"Amazonas";"11860";"85"
"Importação ";" 2019";"73259910";"Outras obras moldadas, de aço";"Goiás";"11585";"7066"
"Importação ";" 2019";"73259910";"Outras obras moldadas, de aço";"Mato Grosso";"10798";"94"
"Importação ";" 2019";"73259990";"Outras obras moldadas, de ferro fundido ou ferro";"Amazonas";"10729";"143"
"Importação ";" 2019";"73251000";"Outras obras moldadas de ferro fundido, não maleável";"Amazonas";"10356";"143"
"Importação ";" 2019";"73259910";"Outras obras moldadas, de aço";"Mato Grosso do Sul";"7188";"32"
"Importação ";" 2019";"73259990";"Outras obras moldadas, de ferro fundido ou ferro";"Ceará";"7068";"335"
"Importação ";" 2019";"73259910";"Outras obras moldadas, de aço";"Espírito Santo";"6821";"142"
"Importação ";" 2019";"73259910";"Outras obras moldadas, de aço";"Pernambuco";"6262";"606"
"Importação ";" 2019";"73259910";"Outras obras moldadas, de aço";"Rondônia";"6068";"1201"
"Importação ";" 2019";"73259910";"Outras obras moldadas, de aço";"Pará";"5858";"48"
"Importação ";" 2019";"73259990";"Outras obras moldadas, de ferro fundido ou ferro";"Goiás";"4668";"117"
"Importação ";" 2019";"73251000";"Outras obras moldadas de ferro fundido, não maleável";"Ceará";"4443";"20"
"Importação ";" 2019";"73259990";"Outras obras moldadas, de ferro fundido ou ferro";"Amapá";"3951";"33"
"Importação ";" 2019";"73251000";"Outras obras moldadas de ferro fundido, não maleável";"Pernambuco";"3478";"28"
"Importação ";" 2019";"73251000";"Outras obras moldadas de ferro fundido, não maleável";"Rondônia";"3309";"3812"
"Importação ";" 2019";"73251000";"Outras obras moldadas de ferro fundido, não maleável";"Roraima";"3269";"203"
"Importação ";" 2019";"73259910";"Outras obras moldadas, de aço";"Rio Grande do Norte";"1482";"2"
"Importação ";" 2019";"73259990";"Outras obras moldadas, de ferro fundido ou ferro";"Rondônia";"1420";"1248"
"Importação ";" 2019";"73251000";"Outras obras moldadas de ferro fundido, não maleável";"Alagoas";"1198";"798"
"Importação ";" 2019";"73251000";"Outras obras moldadas de ferro fundido, não maleável";"Distrito Federal";"1088";"275"
"Importação ";" 2019";"73259990";"Outras obras moldadas, de ferro fundido ou ferro";"Maranhão";"1061";"71"
"Importação ";" 2019";"73259910";"Outras obras moldadas, de aço";"Sergipe";"950";"4"
"Importação ";" 2019";"73259910";"Outras obras moldadas, de aço";"Distrito Federal";"779";"8"
"Importação ";" 2019";"73259990";"Outras obras moldadas, de ferro fundido ou ferro";"Mato Grosso";"745";"8"
"Importação ";" 2019";"73259990";"Outras obras moldadas, de ferro fundido ou ferro";"Distrito Federal";"726";"28"
"Importação ";" 2019";"73259100";"Esferas e artefatos semelhantes, para moinhos, moldadas, de ferro fundido, ferro ou aço";"Rio de Janeiro";"588";"12"
"Importação ";" 2019";"73251000";"Outras obras moldadas de ferro fundido, não maleável";"Pará";"403";"5"
"Importação ";" 2019";"73259990";"Outras obras moldadas, de ferro fundido ou ferro";"Mato Grosso do Sul";"353";"1"
"Importação ";" 2019";"73259990";"Outras obras moldadas, de ferro fundido ou ferro";"Rio Grande do Norte";"349";"111"
"Importação ";" 2019";"73259910";"Outras obras moldadas, de aço";"Tocantins";"180";"0"
"Importação ";" 2019";"73259910";"Outras obras moldadas, de aço";"Alagoas";"139";"108"
"Importação ";" 2019";"73259990";"Outras obras moldadas, de ferro fundido ou ferro";"Paraíba";"118";"1"
"Importação ";" 2019";"73259100";"Esferas e artefatos semelhantes, para moinhos, moldadas, de ferro fundido, ferro ou aço";"Paraná";"4";"5"
"Exportação ";" 2018";"73259100";"Esferas e artefatos semelhantes, para moinhos, moldadas, de ferro fundido, ferro ou aço";"Minas Gerais";"11574907";"8307335"
"Exportação ";" 2018";"73251000";"Outras obras moldadas de ferro fundido, não maleável";"Minas Gerais";"6664778";"3506226"
"Exportação ";" 2018";"73259990";"Outras obras moldadas, de ferro fundido ou ferro";"São Paulo";"2451565";"520139"
"Exportação ";" 2018";"73259910";"Outras obras moldadas, de aço";"Rio Grande do Sul";"1329977";"558748"
"Exportação ";" 2018";"73259910";"Outras obras moldadas, de aço";"São Paulo";"910165";"117693"
"Exportação ";" 2018";"73259990";"Outras obras moldadas, de ferro fundido ou ferro";"Espírito Santo";"603408";"264345"
"Exportação ";" 2018";"73251000";"Outras obras moldadas de ferro fundido, não maleável";"São Paulo";"500316";"129178"
"Exportação ";" 2018";"73259990";"Outras obras moldadas, de ferro fundido ou ferro";"Rio Grande do Sul";"392637";"15211"
"Exportação ";" 2018";"73259990";"Outras obras moldadas, de ferro fundido ou ferro";"Não Declarada";"238001";"105401"
"Exportação ";" 2018";"73259910";"Outras obras moldadas, de aço";"Paraná";"197137";"98369"
"Exportação ";" 2018";"73259910";"Outras obras moldadas, de aço";"Santa Catarina";"68206";"4260"
"Exportação ";" 2018";"73259910";"Outras obras moldadas, de aço";"Minas Gerais";"66444";"7223"
"Exportação ";" 2018";"73259910";"Outras obras moldadas, de aço";"Não Declarada";"57268";"764"
"Exportação ";" 2018";"73251000";"Outras obras moldadas de ferro fundido, não maleável";"Santa Catarina";"49215";"15046"
"Exportação ";" 2018";"73251000";"Outras obras moldadas de ferro fundido, não maleável";"Rio Grande do Sul";"42700";"12283"
"Exportação ";" 2018";"73259910";"Outras obras moldadas, de aço";"Ceará";"34745";"955"
"Exportação ";" 2018";"73251000";"Outras obras moldadas de ferro fundido, não maleável";"Paraná";"31522";"14259"
"Exportação ";" 2018";"73259910";"Outras obras moldadas, de aço";"Rio de Janeiro";"25589";"1147"
"Exportação ";" 2018";"73259990";"Outras obras moldadas, de ferro fundido ou ferro";"Rio de Janeiro";"24165";"2275"
"Exportação ";" 2018";"73259990";"Outras obras moldadas, de ferro fundido ou ferro";"Santa Catarina";"23731";"7237"
"Exportação ";" 2018";"73259990";"Outras obras moldadas, de ferro fundido ou ferro";"Paraná";"22521";"5151"
"Exportação ";" 2018";"73251000";"Outras obras moldadas de ferro fundido, não maleável";"Não Declarada";"17598";"9366"
"Exportação ";" 2018";"73259990";"Outras obras moldadas, de ferro fundido ou ferro";"Minas Gerais";"11064";"263"
"Exportação ";" 2018";"73251000";"Outras obras moldadas de ferro fundido, não maleável";"Rio de Janeiro";"6705";"3921"
"Exportação ";" 2018";"73259100";"Esferas e artefatos semelhantes, para moinhos, moldadas, de ferro fundido, ferro ou aço";"Paraná";"5109";"535"
"Exportação ";" 2018";"73259100";"Esferas e artefatos semelhantes, para moinhos, moldadas, de ferro fundido, ferro ou aço";"Não Declarada";"2704";"192"
"Exportação ";" 2018";"73251000";"Outras obras moldadas de ferro fundido, não maleável";"Rondônia";"1828";"3080"
"Exportação ";" 2018";"73251000";"Outras obras moldadas de ferro fundido, não maleável";"Espírito Santo";"1000";"2000"
"Exportação ";" 2018";"73259910";"Outras obras moldadas, de aço";"Espírito Santo";"762";"34"
"Exportação ";" 2018";"73259910";"Outras obras moldadas, de aço";"Bahia";"620";"32"
"Exportação ";" 2018";"73259100";"Esferas e artefatos semelhantes, para moinhos, moldadas, de ferro fundido, ferro ou aço";"São Paulo";"508";"42"
"Exportação ";" 2018";"73259910";"Outras obras moldadas, de aço";"Reexportação";"465";"18"
"Exportação ";" 2018";"73259990";"Outras obras moldadas, de ferro fundido ou ferro";"Ceará";"363";"125"
"Exportação ";" 2018";"73259990";"Outras obras moldadas, de ferro fundido ou ferro";"Mato Grosso";"312";"29"
"Exportação ";" 2018";"73251000";"Outras obras moldadas de ferro fundido, não maleável";"Reexportação";"229";"5"
"Exportação ";" 2018";"73259990";"Outras obras moldadas, de ferro fundido ou ferro";"Mato Grosso do Sul";"221";"40"
"Exportação ";" 2018";"73259990";"Outras obras moldadas, de ferro fundido ou ferro";"Reexportação";"77";"2"
"Exportação ";" 2018";"73251000";"Outras obras moldadas de ferro fundido, não maleável";"Mato Grosso";"12";"1"
"Exportação ";" 2018";"73259100";"Esferas e artefatos semelhantes, para moinhos, moldadas, de ferro fundido, ferro ou aço";"Reexportação";"1";"0"
"Importação ";" 2018";"73259100";"Esferas e artefatos semelhantes, para moinhos, moldadas, de ferro fundido, ferro ou aço";"Minas Gerais";"25665741";"26332789"
"Importação ";" 2018";"73259100";"Esferas e artefatos semelhantes, para moinhos, moldadas, de ferro fundido, ferro ou aço";"Espírito Santo";"23080794";"13770000"
"Importação ";" 2018";"73259100";"Esferas e artefatos semelhantes, para moinhos, moldadas, de ferro fundido, ferro ou aço";"Pará";"8465594";"9666000"
"Importação ";" 2018";"73259990";"Outras obras moldadas, de ferro fundido ou ferro";"São Paulo";"8091737";"5754896"
"Importação ";" 2018";"73259910";"Outras obras moldadas, de aço";"São Paulo";"2592770";"514795"
"Importação ";" 2018";"73259910";"Outras obras moldadas, de aço";"Paraná";"2448421";"442416"
"Importação ";" 2018";"73251000";"Outras obras moldadas de ferro fundido, não maleável";"São Paulo";"1345873";"551001"
"Importação ";" 2018";"73251000";"Outras obras moldadas de ferro fundido, não maleável";"Minas Gerais";"1246808";"108198"
"Importação ";" 2018";"73259990";"Outras obras moldadas, de ferro fundido ou ferro";"Rio de Janeiro";"628624";"39046"
"Importação ";" 2018";"73259910";"Outras obras moldadas, de aço";"Rio de Janeiro";"614326";"9432"
"Importação ";" 2018";"73259990";"Outras obras moldadas, de ferro fundido ou ferro";"Santa Catarina";"271101";"43968"
"Importação ";" 2018";"73259990";"Outras obras moldadas, de ferro fundido ou ferro";"Rio Grande do Sul";"240479";"20942"
"Importação ";" 2018";"73259100";"Esferas e artefatos semelhantes, para moinhos, moldadas, de ferro fundido, ferro ou aço";"Amazonas";"239451";"300000"
"Importação ";" 2018";"73259910";"Outras obras moldadas, de aço";"Santa Catarina";"218131";"31095"
"Importação ";" 2018";"73251000";"Outras obras moldadas de ferro fundido, não maleável";"Rio Grande do Sul";"149542";"13384"
"Importação ";" 2018";"73259910";"Outras obras moldadas, de aço";"Bahia";"143271";"17340"
"Importação ";" 2018";"73259910";"Outras obras moldadas, de aço";"Ceará";"138894";"5902"
"Importação ";" 2018";"73259990";"Outras obras moldadas, de ferro fundido ou ferro";"Paraná";"138110";"60871"
"Importação ";" 2018";"73259910";"Outras obras moldadas, de aço";"Minas Gerais";"122192";"11356"
"Importação ";" 2018";"73259990";"Outras obras moldadas, de ferro fundido ou ferro";"Alagoas";"113515";"64616"
"Importação ";" 2018";"73259990";"Outras obras moldadas, de ferro fundido ou ferro";"Minas Gerais";"100316";"18981"
"Importação ";" 2018";"73259910";"Outras obras moldadas, de aço";"Rio Grande do Sul";"100298";"8086"
"Importação ";" 2018";"73259990";"Outras obras moldadas, de ferro fundido ou ferro";"Bahia";"91782";"35094"
"Importação ";" 2018";"73251000";"Outras obras moldadas de ferro fundido, não maleável";"Paraná";"76748";"12908"
"Importação ";" 2018";"73251000";"Outras obras moldadas de ferro fundido, não maleável";"Santa Catarina";"44613";"13619"
"Importação ";" 2018";"73259990";"Outras obras moldadas, de ferro fundido ou ferro";"Sergipe";"43696";"493"
"Importação ";" 2018";"73259990";"Outras obras moldadas, de ferro fundido ou ferro";"Espírito Santo";"43361";"5239"
"Importação ";" 2018";"73259910";"Outras obras moldadas, de aço";"Espírito Santo";"43172";"255"
"Importação ";" 2018";"73251000";"Outras obras moldadas de ferro fundido, não maleável";"Rio Grande do Norte";"39720";"59"
"Importação ";" 2018";"73251000";"Outras obras moldadas de ferro fundido, não maleável";"Ceará";"34393";"6021"
"Importação ";" 2018";"73259990";"Outras obras moldadas, de ferro fundido ou ferro";"Pernambuco";"30144";"3963"
"Importação ";" 2018";"73259910";"Outras obras moldadas, de aço";"Goiás";"29288";"9618"
"Importação ";" 2018";"73259910";"Outras obras moldadas, de aço";"Amazonas";"25812";"11"
"Importação ";" 2018";"73251000";"Outras obras moldadas de ferro fundido, não maleável";"Pará";"22479";"1312"
"Importação ";" 2018";"73259910";"Outras obras moldadas, de aço";"Piauí";"17813";"648"
"Importação ";" 2018";"73259990";"Outras obras moldadas, de ferro fundido ou ferro";"Goiás";"16433";"784"
"Importação ";" 2018";"73259910";"Outras obras moldadas, de aço";"Pernambuco";"10378";"4383"
"Importação ";" 2018";"73251000";"Outras obras moldadas de ferro fundido, não maleável";"Pernambuco";"7675";"13"
"Importação ";" 2018";"73259990";"Outras obras moldadas, de ferro fundido ou ferro";"Amazonas";"7597";"1037"
"Importação ";" 2018";"73259990";"Outras obras moldadas, de ferro fundido ou ferro";"Ceará";"7007";"1171"
"Importação ";" 2018";"73259910";"Outras obras moldadas, de aço";"Mato Grosso";"6833";"5"
"Importação ";" 2018";"73259910";"Outras obras moldadas, de aço";"Maranhão";"6611";"24"
"Importação ";" 2018";"73259990";"Outras obras moldadas, de ferro fundido ou ferro";"Maranhão";"3110";"153"
"Importação ";" 2018";"73251000";"Outras obras moldadas de ferro fundido, não maleável";"Rio de Janeiro";"3080";"36"
"Importação ";" 2018";"73259910";"Outras obras moldadas, de aço";"Mato Grosso do Sul";"2989";"28"
"Importação ";" 2018";"73259990";"Outras obras moldadas, de ferro fundido ou ferro";"Rondônia";"2523";"115"
"Importação ";" 2018";"73259100";"Esferas e artefatos semelhantes, para moinhos, moldadas, de ferro fundido, ferro ou aço";"Santa Catarina";"1976";"1500"
"Importação ";" 2018";"73251000";"Outras obras moldadas de ferro fundido, não maleável";"Bahia";"1331";"40"
"Importação ";" 2018";"73259910";"Outras obras moldadas, de aço";"Paraíba";"1139";"181"
"Importação ";" 2018";"73259910";"Outras obras moldadas, de aço";"Pará";"1008";"1"
"Importação ";" 2018";"73259910";"Outras obras moldadas, de aço";"Distrito Federal";"581";"5"
"Importação ";" 2018";"73259910";"Outras obras moldadas, de aço";"Rio Grande do Norte";"550";"10"
"Importação ";" 2018";"73259910";"Outras obras moldadas, de aço";"Rondônia";"350";"65"
"Importação ";" 2018";"73259100";"Esferas e artefatos semelhantes, para moinhos, moldadas, de ferro fundido, ferro ou aço";"São Paulo";"325";"7"
"Importação ";" 2018";"73251000";"Outras obras moldadas de ferro fundido, não maleável";"Alagoas";"315";"114"
"Importação ";" 2018";"73251000";"Outras obras moldadas de ferro fundido, não maleável";"Goiás";"177";"40"
"Importação ";" 2018";"73259990";"Outras obras moldadas, de ferro fundido ou ferro";"Pará";"82";"78"
"Importação ";" 2018";"73251000";"Outras obras moldadas de ferro fundido, não maleável";"Rondônia";"53";"85"
"Importação ";" 2018";"73259100";"Esferas e artefatos semelhantes, para moinhos, moldadas, de ferro fundido, ferro ou aço";"Paraná";"36";"0"
"Importação ";" 2018";"73259990";"Outras obras moldadas, de ferro fundido ou ferro";"Rio Grande do Norte";"25";"2"
"Exportação ";" 2017";"73259100";"Esferas e artefatos semelhantes, para moinhos, moldadas, de ferro fundido, ferro ou aço";"Minas Gerais";"13863953";"10545386"
"Exportação ";" 2017";"73251000";"Outras obras moldadas de ferro fundido, não maleável";"Minas Gerais";"5144551";"3400717"
"Exportação ";" 2017";"73259990";"Outras obras moldadas, de ferro fundido ou ferro";"São Paulo";"2674363";"681378"
"Exportação ";" 2017";"73259910";"Outras obras moldadas, de aço";"São Paulo";"869878";"33297"
"Exportação ";" 2017";"73259910";"Outras obras moldadas, de aço";"Rio Grande do Sul";"790425";"259389"
"Exportação ";" 2017";"73251000";"Outras obras moldadas de ferro fundido, não maleável";"São Paulo";"643355";"131168"
"Exportação ";" 2017";"73259990";"Outras obras moldadas, de ferro fundido ou ferro";"Rio Grande do Sul";"334294";"24732"
"Exportação ";" 2017";"73259990";"Outras obras moldadas, de ferro fundido ou ferro";"Espírito Santo";"264261";"108787"
"Exportação ";" 2017";"73259990";"Outras obras moldadas, de ferro fundido ou ferro";"Santa Catarina";"176174";"53953"
"Exportação ";" 2017";"73259910";"Outras obras moldadas, de aço";"Minas Gerais";"141328";"10926"
"Exportação ";" 2017";"73251000";"Outras obras moldadas de ferro fundido, não maleável";"Santa Catarina";"132212";"45561"
"Exportação ";" 2017";"73259910";"Outras obras moldadas, de aço";"Não Declarada";"120249";"366"
"Exportação ";" 2017";"73251000";"Outras obras moldadas de ferro fundido, não maleável";"Paraná";"103178";"88952"
"Exportação ";" 2017";"73251000";"Outras obras moldadas de ferro fundido, não maleável";"Não Declarada";"61992";"14961"
"Exportação ";" 2017";"73251000";"Outras obras moldadas de ferro fundido, não maleável";"Rio Grande do Sul";"60856";"21851"
"Exportação ";" 2017";"73259990";"Outras obras moldadas, de ferro fundido ou ferro";"Paraná";"40252";"7537"
"Exportação ";" 2017";"73259910";"Outras obras moldadas, de aço";"Paraná";"37406";"18533"
"Exportação ";" 2017";"73259990";"Outras obras moldadas, de ferro fundido ou ferro";"Não Declarada";"28112";"1526"
"Exportação ";" 2017";"73259910";"Outras obras moldadas, de aço";"Santa Catarina";"28021";"3369"
"Exportação ";" 2017";"73259910";"Outras obras moldadas, de aço";"Rio de Janeiro";"17016";"1443"
"Exportação ";" 2017";"73259990";"Outras obras moldadas, de ferro fundido ou ferro";"Minas Gerais";"5665";"64"
"Exportação ";" 2017";"73259100";"Esferas e artefatos semelhantes, para moinhos, moldadas, de ferro fundido, ferro ou aço";"Paraná";"5168";"582"
"Exportação ";" 2017";"73259990";"Outras obras moldadas, de ferro fundido ou ferro";"Rio de Janeiro";"4476";"77"
"Exportação ";" 2017";"73251000";"Outras obras moldadas de ferro fundido, não maleável";"Espírito Santo";"3566";"998"
"Exportação ";" 2017";"73259990";"Outras obras moldadas, de ferro fundido ou ferro";"Reexportação";"3277";"137"
"Exportação ";" 2017";"73251000";"Outras obras moldadas de ferro fundido, não maleável";"Rio de Janeiro";"3027";"765"
"Exportação ";" 2017";"73259990";"Outras obras moldadas, de ferro fundido ou ferro";"Mato Grosso do Sul";"2115";"2848"
"Exportação ";" 2017";"73259990";"Outras obras moldadas, de ferro fundido ou ferro";"Rondônia";"1683";"58"
"Exportação ";" 2017";"73251000";"Outras obras moldadas de ferro fundido, não maleável";"Reexportação";"1288";"97"
"Exportação ";" 2017";"73259910";"Outras obras moldadas, de aço";"Rondônia";"1191";"180"
"Exportação ";" 2017";"73259990";"Outras obras moldadas, de ferro fundido ou ferro";"Ceará";"1029";"534"
"Exportação ";" 2017";"73259910";"Outras obras moldadas, de aço";"Goiás";"1011";"15"
"Exportação ";" 2017";"73259910";"Outras obras moldadas, de aço";"Mato Grosso do Sul";"934";"2"
"Exportação ";" 2017";"73259910";"Outras obras moldadas, de aço";"Reexportação";"738";"25"
"Exportação ";" 2017";"73259910";"Outras obras moldadas, de aço";"Bahia";"367";"152"
"Exportação ";" 2017";"73259990";"Outras obras moldadas, de ferro fundido ou ferro";"Bahia";"132";"10"
"Exportação ";" 2017";"73259100";"Esferas e artefatos semelhantes, para moinhos, moldadas, de ferro fundido, ferro ou aço";"Não Declarada";"99";"4"
"Exportação ";" 2017";"73259990";"Outras obras moldadas, de ferro fundido ou ferro";"Goiás";"59";"1"
"Exportação ";" 2017";"73259100";"Esferas e artefatos semelhantes, para moinhos, moldadas, de ferro fundido, ferro ou aço";"São Paulo";"13";"0"
"Exportação ";" 2017";"73259990";"Outras obras moldadas, de ferro fundido ou ferro";"Pernambuco";"2";"3"
"Exportação ";" 2017";"73259100";"Esferas e artefatos semelhantes, para moinhos, moldadas, de ferro fundido, ferro ou aço";"Reexportação";"2";"0"
"Importação ";" 2017";"73259100";"Esferas e artefatos semelhantes, para moinhos, moldadas, de ferro fundido, ferro ou aço";"Minas Gerais";"29371744";"33896000"
"Importação ";" 2017";"73259100";"Esferas e artefatos semelhantes, para moinhos, moldadas, de ferro fundido, ferro ou aço";"Espírito Santo";"18914914";"12285000"
"Importação ";" 2017";"73259990";"Outras obras moldadas, de ferro fundido ou ferro";"São Paulo";"6843978";"5444713"
"Importação ";" 2017";"73259100";"Esferas e artefatos semelhantes, para moinhos, moldadas, de ferro fundido, ferro ou aço";"Pará";"5790162";"7209000"
"Importação ";" 2017";"73259910";"Outras obras moldadas, de aço";"São Paulo";"2772242";"428307"
"Importação ";" 2017";"73251000";"Outras obras moldadas de ferro fundido, não maleável";"São Paulo";"955917";"365921"
"Importação ";" 2017";"73259910";"Outras obras moldadas, de aço";"Rio de Janeiro";"944343";"10977"
"Importação ";" 2017";"73259910";"Outras obras moldadas, de aço";"Bahia";"934340";"107985"
"Importação ";" 2017";"73259910";"Outras obras moldadas, de aço";"Ceará";"414454";"133042"
"Importação ";" 2017";"73259990";"Outras obras moldadas, de ferro fundido ou ferro";"Rio de Janeiro";"330101";"13248"
"Importação ";" 2017";"73259910";"Outras obras moldadas, de aço";"Paraná";"315148";"85581"
"Importação ";" 2017";"73259990";"Outras obras moldadas, de ferro fundido ou ferro";"Santa Catarina";"245021";"26343"
"Importação ";" 2017";"73259990";"Outras obras moldadas, de ferro fundido ou ferro";"Paraná";"231247";"102147"
"Importação ";" 2017";"73259910";"Outras obras moldadas, de aço";"Santa Catarina";"189503";"35928"
"Importação ";" 2017";"73251000";"Outras obras moldadas de ferro fundido, não maleável";"Rio Grande do Sul";"150503";"9269"
"Importação ";" 2017";"73259910";"Outras obras moldadas, de aço";"Rio Grande do Sul";"140371";"4304"
"Importação ";" 2017";"73259910";"Outras obras moldadas, de aço";"Minas Gerais";"132890";"5091"
"Importação ";" 2017";"73259990";"Outras obras moldadas, de ferro fundido ou ferro";"Rio Grande do Sul";"119425";"13782"
"Importação ";" 2017";"73259910";"Outras obras moldadas, de aço";"Espírito Santo";"99122";"31831"
"Importação ";" 2017";"73259990";"Outras obras moldadas, de ferro fundido ou ferro";"Minas Gerais";"69771";"33036"
"Importação ";" 2017";"73259100";"Esferas e artefatos semelhantes, para moinhos, moldadas, de ferro fundido, ferro ou aço";"São Paulo";"56793";"103536"
"Importação ";" 2017";"73251000";"Outras obras moldadas de ferro fundido, não maleável";"Paraná";"49153";"1860"
"Importação ";" 2017";"73259990";"Outras obras moldadas, de ferro fundido ou ferro";"Amazonas";"48907";"1600"
"Importação ";" 2017";"73251000";"Outras obras moldadas de ferro fundido, não maleável";"Ceará";"48642";"8272"
"Importação ";" 2017";"73251000";"Outras obras moldadas de ferro fundido, não maleável";"Minas Gerais";"46218";"1436"
"Importação ";" 2017";"73259990";"Outras obras moldadas, de ferro fundido ou ferro";"Bahia";"45146";"2972"
"Importação ";" 2017";"73259990";"Outras obras moldadas, de ferro fundido ou ferro";"Alagoas";"39856";"22748"
"Importação ";" 2017";"73251000";"Outras obras moldadas de ferro fundido, não maleável";"Bahia";"39315";"11424"
"Importação ";" 2017";"73259910";"Outras obras moldadas, de aço";"Goiás";"37842";"18177"
"Importação ";" 2017";"73251000";"Outras obras moldadas de ferro fundido, não maleável";"Rio Grande do Norte";"26740";"40"
"Importação ";" 2017";"73251000";"Outras obras moldadas de ferro fundido, não maleável";"Santa Catarina";"26016";"6161"
"Importação ";" 2017";"73259910";"Outras obras moldadas, de aço";"Pará";"25408";"1997"
"Importação ";" 2017";"73251000";"Outras obras moldadas de ferro fundido, não maleável";"Rio de Janeiro";"21445";"2702"
"Importação ";" 2017";"73259910";"Outras obras moldadas, de aço";"Amazonas";"12679";"6586"
"Importação ";" 2017";"73259990";"Outras obras moldadas, de ferro fundido ou ferro";"Espírito Santo";"12344";"252"
"Importação ";" 2017";"73259910";"Outras obras moldadas, de aço";"Rondônia";"11575";"6110"
"Importação ";" 2017";"73251000";"Outras obras moldadas de ferro fundido, não maleável";"Maranhão";"11493";"866"
"Importação ";" 2017";"73259990";"Outras obras moldadas, de ferro fundido ou ferro";"Pará";"10048";"1625"
"Importação ";" 2017";"73259990";"Outras obras moldadas, de ferro fundido ou ferro";"Goiás";"10016";"642"
"Importação ";" 2017";"73251000";"Outras obras moldadas de ferro fundido, não maleável";"Espírito Santo";"9523";"1643"
"Importação ";" 2017";"73259990";"Outras obras moldadas, de ferro fundido ou ferro";"Piauí";"9003";"1413"
"Importação ";" 2017";"73259990";"Outras obras moldadas, de ferro fundido ou ferro";"Pernambuco";"6947";"46"
"Importação ";" 2017";"73251000";"Outras obras moldadas de ferro fundido, não maleável";"Pará";"5296";"48"
"Importação ";" 2017";"73259100";"Esferas e artefatos semelhantes, para moinhos, moldadas, de ferro fundido, ferro ou aço";"Rio de Janeiro";"5275";"4"
"Importação ";" 2017";"73251000";"Outras obras moldadas de ferro fundido, não maleável";"Distrito Federal";"5002";"8"
"Importação ";" 2017";"73259910";"Outras obras moldadas, de aço";"Piauí";"4458";"707"
"Importação ";" 2017";"73259910";"Outras obras moldadas, de aço";"Pernambuco";"3316";"1039"
"Importação ";" 2017";"73259100";"Esferas e artefatos semelhantes, para moinhos, moldadas, de ferro fundido, ferro ou aço";"Rio Grande do Sul";"3159";"149"
"Importação ";" 2017";"73251000";"Outras obras moldadas de ferro fundido, não maleável";"Pernambuco";"2775";"215"
"Importação ";" 2017";"73259910";"Outras obras moldadas, de aço";"Amapá";"1638";"19"
"Importação ";" 2017";"73259910";"Outras obras moldadas, de aço";"Paraíba";"1432";"867"
"Importação ";" 2017";"73259910";"Outras obras moldadas, de aço";"Sergipe";"1257";"4"
"Importação ";" 2017";"73259990";"Outras obras moldadas, de ferro fundido ou ferro";"Distrito Federal";"1241";"42"
"Importação ";" 2017";"73251000";"Outras obras moldadas de ferro fundido, não maleável";"Amazonas";"532";"0"
"Importação ";" 2017";"73259990";"Outras obras moldadas, de ferro fundido ou ferro";"Rondônia";"480";"29"
"Importação ";" 2017";"73259990";"Outras obras moldadas, de ferro fundido ou ferro";"Ceará";"392";"138"
"Importação ";" 2017";"73259910";"Outras obras moldadas, de aço";"Rio Grande do Norte";"296";"4"
"Importação ";" 2017";"73259910";"Outras obras moldadas, de aço";"Mato Grosso do Sul";"280";"1"
"Importação ";" 2017";"73259910";"Outras obras moldadas, de aço";"Mato Grosso";"264";"2"
"Importação ";" 2017";"73259910";"Outras obras moldadas, de aço";"Alagoas";"174";"1"
"Importação ";" 2017";"73259100";"Esferas e artefatos semelhantes, para moinhos, moldadas, de ferro fundido, ferro ou aço";"Bahia";"64";"2"
"Importação ";" 2017";"73259100";"Esferas e artefatos semelhantes, para moinhos, moldadas, de ferro fundido, ferro ou aço";"Paraná";"41";"3"
"Importação ";" 2017";"73259910";"Outras obras moldadas, de aço";"Distrito Federal";"36";"0"
"Exportação ";" 2016";"73259100";"Esferas e artefatos semelhantes, para moinhos, moldadas, de ferro fundido, ferro ou aço";"Minas Gerais";"14615960";"12295900"
"Exportação ";" 2016";"73251000";"Outras obras moldadas de ferro fundido, não maleável";"Minas Gerais";"3610474";"2077175"
"Exportação ";" 2016";"73259990";"Outras obras moldadas, de ferro fundido ou ferro";"São Paulo";"1502744";"460581"
"Exportação ";" 2016";"73259910";"Outras obras moldadas, de aço";"São Paulo";"999992";"20722"
"Exportação ";" 2016";"73259910";"Outras obras moldadas, de aço";"Rio Grande do Sul";"668809";"265846"
"Exportação ";" 2016";"73251000";"Outras obras moldadas de ferro fundido, não maleável";"Santa Catarina";"381570";"199023"
"Exportação ";" 2016";"73251000";"Outras obras moldadas de ferro fundido, não maleável";"São Paulo";"367292";"62623"
"Exportação ";" 2016";"73251000";"Outras obras moldadas de ferro fundido, não maleável";"Rio Grande do Sul";"149997";"47941"
"Exportação ";" 2016";"73259910";"Outras obras moldadas, de aço";"Minas Gerais";"136429";"15072"
"Exportação ";" 2016";"73259990";"Outras obras moldadas, de ferro fundido ou ferro";"Rio Grande do Sul";"132294";"22202"
"Exportação ";" 2016";"73259910";"Outras obras moldadas, de aço";"Não Declarada";"124168";"2255"
"Exportação ";" 2016";"73259990";"Outras obras moldadas, de ferro fundido ou ferro";"Santa Catarina";"87604";"21275"
"Exportação ";" 2016";"73251000";"Outras obras moldadas de ferro fundido, não maleável";"Não Declarada";"45758";"27996"
"Exportação ";" 2016";"73251000";"Outras obras moldadas de ferro fundido, não maleável";"Paraná";"45548";"46298"
"Exportação ";" 2016";"73259910";"Outras obras moldadas, de aço";"Paraná";"40481";"11494"
"Exportação ";" 2016";"73259910";"Outras obras moldadas, de aço";"Mercadoria Nacionalizada";"28235";"241"
"Exportação ";" 2016";"73259990";"Outras obras moldadas, de ferro fundido ou ferro";"Não Declarada";"23702";"2957"
"Exportação ";" 2016";"73259990";"Outras obras moldadas, de ferro fundido ou ferro";"Paraná";"18296";"17586"
"Exportação ";" 2016";"73259910";"Outras obras moldadas, de aço";"Santa Catarina";"16598";"6347"
"Exportação ";" 2016";"73259990";"Outras obras moldadas, de ferro fundido ou ferro";"Rio de Janeiro";"16154";"275"
"Exportação ";" 2016";"73259990";"Outras obras moldadas, de ferro fundido ou ferro";"Minas Gerais";"12174";"933"
"Exportação ";" 2016";"73251000";"Outras obras moldadas de ferro fundido, não maleável";"Rio de Janeiro";"7109";"1126"
"Exportação ";" 2016";"73259910";"Outras obras moldadas, de aço";"Rio de Janeiro";"6265";"225"
"Exportação ";" 2016";"73259100";"Esferas e artefatos semelhantes, para moinhos, moldadas, de ferro fundido, ferro ou aço";"Paraná";"5630";"1055"
"Exportação ";" 2016";"73259990";"Outras obras moldadas, de ferro fundido ou ferro";"Mercadoria Nacionalizada";"4746";"37"
"Exportação ";" 2016";"73259100";"Esferas e artefatos semelhantes, para moinhos, moldadas, de ferro fundido, ferro ou aço";"Mato Grosso";"4705";"765"
"Exportação ";" 2016";"73259910";"Outras obras moldadas, de aço";"Reexportação";"3586";"3"
"Exportação ";" 2016";"73251000";"Outras obras moldadas de ferro fundido, não maleável";"Espírito Santo";"2600";"956"
"Exportação ";" 2016";"73259100";"Esferas e artefatos semelhantes, para moinhos, moldadas, de ferro fundido, ferro ou aço";"Rondônia";"2500";"980"
"Exportação ";" 2016";"73259990";"Outras obras moldadas, de ferro fundido ou ferro";"Espírito Santo";"2000";"102"
"Exportação ";" 2016";"73259990";"Outras obras moldadas, de ferro fundido ou ferro";"Ceará";"719";"197"
"Exportação ";" 2016";"73259910";"Outras obras moldadas, de aço";"Bahia";"367";"187"
"Exportação ";" 2016";"73259990";"Outras obras moldadas, de ferro fundido ou ferro";"Rondônia";"196";"7"
"Exportação ";" 2016";"73251000";"Outras obras moldadas de ferro fundido, não maleável";"Mato Grosso";"111";"14"
"Exportação ";" 2016";"73251000";"Outras obras moldadas de ferro fundido, não maleável";"Mato Grosso do Sul";"76";"1"
"Exportação ";" 2016";"73259100";"Esferas e artefatos semelhantes, para moinhos, moldadas, de ferro fundido, ferro ou aço";"Santa Catarina";"61";"5"
"Exportação ";" 2016";"73259910";"Outras obras moldadas, de aço";"Mato Grosso do Sul";"60";"23"
"Exportação ";" 2016";"73259100";"Esferas e artefatos semelhantes, para moinhos, moldadas, de ferro fundido, ferro ou aço";"São Paulo";"58";"4"
"Exportação ";" 2016";"73259100";"Esferas e artefatos semelhantes, para moinhos, moldadas, de ferro fundido, ferro ou aço";"Reexportação";"0";"0"
"Importação ";" 2016";"73259100";"Esferas e artefatos semelhantes, para moinhos, moldadas, de ferro fundido, ferro ou aço";"Espírito Santo";"17190590";"12248000"
"Importação ";" 2016";"73259100";"Esferas e artefatos semelhantes, para moinhos, moldadas, de ferro fundido, ferro ou aço";"Pará";"13131588";"15687000"
"Importação ";" 2016";"73259100";"Esferas e artefatos semelhantes, para moinhos, moldadas, de ferro fundido, ferro ou aço";"Minas Gerais";"11569263";"13054464"
"Importação ";" 2016";"73259990";"Outras obras moldadas, de ferro fundido ou ferro";"São Paulo";"3945247";"3390531"
"Importação ";" 2016";"73259910";"Outras obras moldadas, de aço";"São Paulo";"1985180";"282703"
"Importação ";" 2016";"73251000";"Outras obras moldadas de ferro fundido, não maleável";"São Paulo";"970627";"297396"
"Importação ";" 2016";"73259910";"Outras obras moldadas, de aço";"Rio de Janeiro";"942828";"19453"
"Importação ";" 2016";"73259990";"Outras obras moldadas, de ferro fundido ou ferro";"Espírito Santo";"475946";"293030"
"Importação ";" 2016";"73259990";"Outras obras moldadas, de ferro fundido ou ferro";"Rondônia";"371106";"4326"
"Importação ";" 2016";"73259910";"Outras obras moldadas, de aço";"Rio Grande do Sul";"301999";"2653"
"Importação ";" 2016";"73259910";"Outras obras moldadas, de aço";"Paraná";"300425";"87863"
"Importação ";" 2016";"73259990";"Outras obras moldadas, de ferro fundido ou ferro";"Rio de Janeiro";"271298";"10687"
"Importação ";" 2016";"73259910";"Outras obras moldadas, de aço";"Pernambuco";"260699";"67741"
"Importação ";" 2016";"73259910";"Outras obras moldadas, de aço";"Bahia";"234188";"34166"
"Importação ";" 2016";"73259910";"Outras obras moldadas, de aço";"Santa Catarina";"218375";"59650"
"Importação ";" 2016";"73259990";"Outras obras moldadas, de ferro fundido ou ferro";"Rio Grande do Sul";"166552";"9660"
"Importação ";" 2016";"73259990";"Outras obras moldadas, de ferro fundido ou ferro";"Santa Catarina";"142572";"8557"
"Importação ";" 2016";"73251000";"Outras obras moldadas de ferro fundido, não maleável";"Rio Grande do Sul";"107451";"10853"
"Importação ";" 2016";"73251000";"Outras obras moldadas de ferro fundido, não maleável";"Minas Gerais";"102889";"10741"
"Importação ";" 2016";"73259990";"Outras obras moldadas, de ferro fundido ou ferro";"Minas Gerais";"101323";"14524"
"Importação ";" 2016";"73259990";"Outras obras moldadas, de ferro fundido ou ferro";"Amazonas";"83188";"4622"
"Importação ";" 2016";"73259990";"Outras obras moldadas, de ferro fundido ou ferro";"Pernambuco";"76660";"21664"
"Importação ";" 2016";"73251000";"Outras obras moldadas de ferro fundido, não maleável";"Paraná";"66667";"3529"
"Importação ";" 2016";"73259910";"Outras obras moldadas, de aço";"Minas Gerais";"62808";"3218"
"Importação ";" 2016";"73259990";"Outras obras moldadas, de ferro fundido ou ferro";"Paraná";"57485";"19381"
"Importação ";" 2016";"73259910";"Outras obras moldadas, de aço";"Ceará";"54103";"9030"
"Importação ";" 2016";"73251000";"Outras obras moldadas de ferro fundido, não maleável";"Santa Catarina";"50490";"28058"
"Importação ";" 2016";"73259910";"Outras obras moldadas, de aço";"Amazonas";"47481";"365"
"Importação ";" 2016";"73251000";"Outras obras moldadas de ferro fundido, não maleável";"Espírito Santo";"37955";"1158"
"Importação ";" 2016";"73259990";"Outras obras moldadas, de ferro fundido ou ferro";"Bahia";"35438";"2470"
"Importação ";" 2016";"73259910";"Outras obras moldadas, de aço";"Goiás";"32993";"1744"
"Importação ";" 2016";"73259990";"Outras obras moldadas, de ferro fundido ou ferro";"Pará";"29424";"2510"
"Importação ";" 2016";"73251000";"Outras obras moldadas de ferro fundido, não maleável";"Bahia";"26379";"1427"
"Importação ";" 2016";"73259910";"Outras obras moldadas, de aço";"Espírito Santo";"17797";"983"
"Importação ";" 2016";"73251000";"Outras obras moldadas de ferro fundido, não maleável";"Rio de Janeiro";"14191";"1640"
"Importação ";" 2016";"73259990";"Outras obras moldadas, de ferro fundido ou ferro";"Goiás";"13612";"3319"
"Importação ";" 2016";"73259910";"Outras obras moldadas, de aço";"Piauí";"13406";"2122"
"Importação ";" 2016";"73251000";"Outras obras moldadas de ferro fundido, não maleável";"Rio Grande do Norte";"11703";"243"
"Importação ";" 2016";"73251000";"Outras obras moldadas de ferro fundido, não maleável";"Amazonas";"7593";"4289"
"Importação ";" 2016";"73259910";"Outras obras moldadas, de aço";"Alagoas";"7316";"702"
"Importação ";" 2016";"73259910";"Outras obras moldadas, de aço";"Maranhão";"7182";"6"
"Importação ";" 2016";"73259990";"Outras obras moldadas, de ferro fundido ou ferro";"Amapá";"6129";"68"
"Importação ";" 2016";"73259910";"Outras obras moldadas, de aço";"Pará";"2289";"71"
"Importação ";" 2016";"73259910";"Outras obras moldadas, de aço";"Amapá";"2190";"66"
"Importação ";" 2016";"73251000";"Outras obras moldadas de ferro fundido, não maleável";"Pernambuco";"1881";"42"
"Importação ";" 2016";"73259910";"Outras obras moldadas, de aço";"Rondônia";"1539";"7"
"Importação ";" 2016";"73251000";"Outras obras moldadas de ferro fundido, não maleável";"Pará";"1021";"14"
"Importação ";" 2016";"73259910";"Outras obras moldadas, de aço";"Mato Grosso do Sul";"941";"307"
"Importação ";" 2016";"73259990";"Outras obras moldadas, de ferro fundido ou ferro";"Ceará";"835";"233"
"Importação ";" 2016";"73251000";"Outras obras moldadas de ferro fundido, não maleável";"Piauí";"786";"0"
"Importação ";" 2016";"73259990";"Outras obras moldadas, de ferro fundido ou ferro";"Sergipe";"341";"6"
"Importação ";" 2016";"73259100";"Esferas e artefatos semelhantes, para moinhos, moldadas, de ferro fundido, ferro ou aço";"Bahia";"322";"1"
"Importação ";" 2016";"73259100";"Esferas e artefatos semelhantes, para moinhos, moldadas, de ferro fundido, ferro ou aço";"Paraná";"255";"11"
"Importação ";" 2016";"73251000";"Outras obras moldadas de ferro fundido, não maleável";"Sergipe";"125";"1"
"Importação ";" 2016";"73259100";"Esferas e artefatos semelhantes, para moinhos, moldadas, de ferro fundido, ferro ou aço";"Mato Grosso do Sul";"88";"0"
"Importação ";" 2016";"73259100";"Esferas e artefatos semelhantes, para moinhos, moldadas, de ferro fundido, ferro ou aço";"São Paulo";"80";"1"
"Importação ";" 2016";"73259100";"Esferas e artefatos semelhantes, para moinhos, moldadas, de ferro fundido, ferro ou aço";"Rio de Janeiro";"12";"0"
"Importação ";" 2016";"73259100";"Esferas e artefatos semelhantes, para moinhos, moldadas, de ferro fundido, ferro ou aço";"Santa Catarina";"1";"0"
"Importação ";" 2016";"73259100";"Esferas e artefatos semelhantes, para moinhos, moldadas, de ferro fundido, ferro ou aço";"Rio Grande do Sul";"1";"0"
"Exportação ";" 2015";"73251000";"Outras obras moldadas de ferro fundido, não maleável";"Minas Gerais";"3565378";"2019438"
"Exportação ";" 2015";"73259910";"Outras obras moldadas, de aço";"Rio Grande do Sul";"1897678";"1109883"
"Exportação ";" 2015";"73259910";"Outras obras moldadas, de aço";"São Paulo";"1612237";"84919"
"Exportação ";" 2015";"73259990";"Outras obras moldadas, de ferro fundido ou ferro";"São Paulo";"1437384";"328138"
"Exportação ";" 2015";"73259100";"Esferas e artefatos semelhantes, para moinhos, moldadas, de ferro fundido, ferro ou aço";"Minas Gerais";"1433570";"1133351"
"Exportação ";" 2015";"73251000";"Outras obras moldadas de ferro fundido, não maleável";"São Paulo";"694435";"170950"
"Exportação ";" 2015";"73259910";"Outras obras moldadas, de aço";"Mercadoria Nacionalizada";"645461";"6488"
"Exportação ";" 2015";"73251000";"Outras obras moldadas de ferro fundido, não maleável";"Santa Catarina";"224014";"66620"
"Exportação ";" 2015";"73259910";"Outras obras moldadas, de aço";"Minas Gerais";"197814";"22563"
"Exportação ";" 2015";"73259990";"Outras obras moldadas, de ferro fundido ou ferro";"Minas Gerais";"194306";"99700"
"Exportação ";" 2015";"73259990";"Outras obras moldadas, de ferro fundido ou ferro";"Rio Grande do Sul";"135757";"10556"
"Exportação ";" 2015";"73251000";"Outras obras moldadas de ferro fundido, não maleável";"Rio Grande do Sul";"87844";"21514"
"Exportação ";" 2015";"73259910";"Outras obras moldadas, de aço";"Ceará";"72332";"7280"
"Exportação ";" 2015";"73259990";"Outras obras moldadas, de ferro fundido ou ferro";"Paraná";"53389";"51373"
"Exportação ";" 2015";"73259910";"Outras obras moldadas, de aço";"Paraná";"47599";"28235"
"Exportação ";" 2015";"73259990";"Outras obras moldadas, de ferro fundido ou ferro";"Santa Catarina";"39405";"14421"
"Exportação ";" 2015";"73259990";"Outras obras moldadas, de ferro fundido ou ferro";"Rio de Janeiro";"31715";"3984"
"Exportação ";" 2015";"73259990";"Outras obras moldadas, de ferro fundido ou ferro";"Bahia";"25031";"1770"
"Exportação ";" 2015";"73259910";"Outras obras moldadas, de aço";"Santa Catarina";"25029";"37535"
"Exportação ";" 2015";"73251000";"Outras obras moldadas de ferro fundido, não maleável";"Paraná";"21316";"17205"
"Exportação ";" 2015";"73251000";"Outras obras moldadas de ferro fundido, não maleável";"Rio de Janeiro";"20945";"8121"
"Exportação ";" 2015";"73251000";"Outras obras moldadas de ferro fundido, não maleável";"Não Declarada";"17229";"10840"
"Exportação ";" 2015";"73259910";"Outras obras moldadas, de aço";"Rio de Janeiro";"10921";"376"
"Exportação ";" 2015";"73259990";"Outras obras moldadas, de ferro fundido ou ferro";"Mercadoria Nacionalizada";"9930";"114"
"Exportação ";" 2015";"73251000";"Outras obras moldadas de ferro fundido, não maleável";"Mato Grosso do Sul";"6210";"1527"
"Exportação ";" 2015";"73259990";"Outras obras moldadas, de ferro fundido ou ferro";"Mato Grosso do Sul";"5271";"1621"
"Exportação ";" 2015";"73259990";"Outras obras moldadas, de ferro fundido ou ferro";"Ceará";"3716";"717"
"Exportação ";" 2015";"73251000";"Outras obras moldadas de ferro fundido, não maleável";"Mercadoria Nacionalizada";"3356";"2036"
"Exportação ";" 2015";"73251000";"Outras obras moldadas de ferro fundido, não maleável";"Espírito Santo";"3000";"600"
"Exportação ";" 2015";"73259100";"Esferas e artefatos semelhantes, para moinhos, moldadas, de ferro fundido, ferro ou aço";"Paraná";"2989";"1828"
"Exportação ";" 2015";"73259990";"Outras obras moldadas, de ferro fundido ou ferro";"Espírito Santo";"2520";"71"
"Exportação ";" 2015";"73259990";"Outras obras moldadas, de ferro fundido ou ferro";"Amazonas";"2348";"38"
"Exportação ";" 2015";"73259990";"Outras obras moldadas, de ferro fundido ou ferro";"Não Declarada";"1907";"97"
"Exportação ";" 2015";"73259910";"Outras obras moldadas, de aço";"Não Declarada";"742";"124"
"Exportação ";" 2015";"73259910";"Outras obras moldadas, de aço";"Mato Grosso do Sul";"246";"383"
"Exportação ";" 2015";"73259990";"Outras obras moldadas, de ferro fundido ou ferro";"Rondônia";"84";"1"
"Exportação ";" 2015";"73259100";"Esferas e artefatos semelhantes, para moinhos, moldadas, de ferro fundido, ferro ou aço";"Mato Grosso do Sul";"62";"15"
"Exportação ";" 2015";"73259100";"Esferas e artefatos semelhantes, para moinhos, moldadas, de ferro fundido, ferro ou aço";"São Paulo";"47";"1"
"Exportação ";" 2015";"73259100";"Esferas e artefatos semelhantes, para moinhos, moldadas, de ferro fundido, ferro ou aço";"Santa Catarina";"37";"1"
"Exportação ";" 2015";"73259100";"Esferas e artefatos semelhantes, para moinhos, moldadas, de ferro fundido, ferro ou aço";"Pernambuco";"18";"3"
"Exportação ";" 2015";"73259100";"Esferas e artefatos semelhantes, para moinhos, moldadas, de ferro fundido, ferro ou aço";"Não Declarada";"2";"1"
"Importação ";" 2015";"73259100";"Esferas e artefatos semelhantes, para moinhos, moldadas, de ferro fundido, ferro ou aço";"Minas Gerais";"22581044";"16399848"
"Importação ";" 2015";"73259100";"Esferas e artefatos semelhantes, para moinhos, moldadas, de ferro fundido, ferro ou aço";"Pará";"11596305";"12258000"
"Importação ";" 2015";"73259100";"Esferas e artefatos semelhantes, para moinhos, moldadas, de ferro fundido, ferro ou aço";"Espírito Santo";"10870720";"6268000"
"Importação ";" 2015";"73259990";"Outras obras moldadas, de ferro fundido ou ferro";"São Paulo";"4332936";"3689031"
"Importação ";" 2015";"73259910";"Outras obras moldadas, de aço";"São Paulo";"2842525";"313326"
"Importação ";" 2015";"73251000";"Outras obras moldadas de ferro fundido, não maleável";"Minas Gerais";"1257838";"265043"
"Importação ";" 2015";"73251000";"Outras obras moldadas de ferro fundido, não maleável";"São Paulo";"1083327";"210008"
"Importação ";" 2015";"73259910";"Outras obras moldadas, de aço";"Pará";"1021842";"75225"
"Importação ";" 2015";"73259910";"Outras obras moldadas, de aço";"Rio de Janeiro";"734634";"12567"
"Importação ";" 2015";"73259910";"Outras obras moldadas, de aço";"Santa Catarina";"606648";"83373"
"Importação ";" 2015";"73259910";"Outras obras moldadas, de aço";"Minas Gerais";"576060";"55185"
"Importação ";" 2015";"73259990";"Outras obras moldadas, de ferro fundido ou ferro";"Espírito Santo";"565017";"604670"
"Importação ";" 2015";"73259910";"Outras obras moldadas, de aço";"Pernambuco";"559230";"135394"
"Importação ";" 2015";"73259990";"Outras obras moldadas, de ferro fundido ou ferro";"Santa Catarina";"536375";"142196"
"Importação ";" 2015";"73259990";"Outras obras moldadas, de ferro fundido ou ferro";"Pará";"492316";"210768"
"Importação ";" 2015";"73259910";"Outras obras moldadas, de aço";"Paraná";"467986";"152868"
"Importação ";" 2015";"73259910";"Outras obras moldadas, de aço";"Rondônia";"422219";"10138"
"Importação ";" 2015";"73259990";"Outras obras moldadas, de ferro fundido ou ferro";"Amazonas";"366807";"38298"
"Importação ";" 2015";"73259910";"Outras obras moldadas, de aço";"Rio Grande do Sul";"286397";"33652"
"Importação ";" 2015";"73259990";"Outras obras moldadas, de ferro fundido ou ferro";"Rio de Janeiro";"265388";"9867"
"Importação ";" 2015";"73259910";"Outras obras moldadas, de aço";"Bahia";"223964";"25798"
"Importação ";" 2015";"73259990";"Outras obras moldadas, de ferro fundido ou ferro";"Paraná";"190178";"39498"
"Importação ";" 2015";"73259990";"Outras obras moldadas, de ferro fundido ou ferro";"Bahia";"186210";"9246"
"Importação ";" 2015";"73259990";"Outras obras moldadas, de ferro fundido ou ferro";"Rio Grande do Sul";"141416";"19675"
"Importação ";" 2015";"73251000";"Outras obras moldadas de ferro fundido, não maleável";"Rio Grande do Sul";"138936";"22770"
"Importação ";" 2015";"73251000";"Outras obras moldadas de ferro fundido, não maleável";"Rio de Janeiro";"121438";"20429"
"Importação ";" 2015";"73259910";"Outras obras moldadas, de aço";"Ceará";"92993";"10558"
"Importação ";" 2015";"73259990";"Outras obras moldadas, de ferro fundido ou ferro";"Minas Gerais";"87575";"14740"
"Importação ";" 2015";"73259990";"Outras obras moldadas, de ferro fundido ou ferro";"Pernambuco";"86410";"5426"
"Importação ";" 2015";"73259100";"Esferas e artefatos semelhantes, para moinhos, moldadas, de ferro fundido, ferro ou aço";"São Paulo";"77470";"78272"
"Importação ";" 2015";"73251000";"Outras obras moldadas de ferro fundido, não maleável";"Espírito Santo";"75256";"6109"
"Importação ";" 2015";"73251000";"Outras obras moldadas de ferro fundido, não maleável";"Amazonas";"64513";"967"
"Importação ";" 2015";"73251000";"Outras obras moldadas de ferro fundido, não maleável";"Pernambuco";"57337";"5348"
"Importação ";" 2015";"73259990";"Outras obras moldadas, de ferro fundido ou ferro";"Rondônia";"55154";"13456"
"Importação ";" 2015";"73259910";"Outras obras moldadas, de aço";"Amazonas";"47831";"3436"
"Importação ";" 2015";"73251000";"Outras obras moldadas de ferro fundido, não maleável";"Santa Catarina";"39940";"13393"
"Importação ";" 2015";"73251000";"Outras obras moldadas de ferro fundido, não maleável";"Paraná";"36534";"6770"
"Importação ";" 2015";"73259990";"Outras obras moldadas, de ferro fundido ou ferro";"Ceará";"28273";"8970"
"Importação ";" 2015";"73251000";"Outras obras moldadas de ferro fundido, não maleável";"Bahia";"25196";"1879"
"Importação ";" 2015";"73259990";"Outras obras moldadas, de ferro fundido ou ferro";"Amapá";"19714";"278"
"Importação ";" 2015";"73259990";"Outras obras moldadas, de ferro fundido ou ferro";"Roraima";"16972";"3369"
"Importação ";" 2015";"73259990";"Outras obras moldadas, de ferro fundido ou ferro";"Maranhão";"16117";"9"
"Importação ";" 2015";"73259910";"Outras obras moldadas, de aço";"Alagoas";"15370";"58"
"Importação ";" 2015";"73259910";"Outras obras moldadas, de aço";"Rio Grande do Norte";"11038";"2"
"Importação ";" 2015";"73251000";"Outras obras moldadas de ferro fundido, não maleável";"Ceará";"10177";"789"
"Importação ";" 2015";"73259990";"Outras obras moldadas, de ferro fundido ou ferro";"Goiás";"9958";"9958"
"Importação ";" 2015";"73259910";"Outras obras moldadas, de aço";"Amapá";"9957";"189"
"Importação ";" 2015";"73259910";"Outras obras moldadas, de aço";"Piauí";"9899";"1950"
"Importação ";" 2015";"73259910";"Outras obras moldadas, de aço";"Goiás";"8663";"1146"
"Importação ";" 2015";"73251000";"Outras obras moldadas de ferro fundido, não maleável";"Pará";"7986";"768"
"Importação ";" 2015";"73251000";"Outras obras moldadas de ferro fundido, não maleável";"Rondônia";"7145";"4007"
"Importação ";" 2015";"73251000";"Outras obras moldadas de ferro fundido, não maleável";"Roraima";"7014";"860"
"Importação ";" 2015";"73259910";"Outras obras moldadas, de aço";"Maranhão";"6664";"62"
"Importação ";" 2015";"73259990";"Outras obras moldadas, de ferro fundido ou ferro";"Mato Grosso";"6053";"4872"
"Importação ";" 2015";"73259990";"Outras obras moldadas, de ferro fundido ou ferro";"Paraíba";"5120";"130"
"Importação ";" 2015";"73259910";"Outras obras moldadas, de aço";"Espírito Santo";"4727";"228"
"Importação ";" 2015";"73259910";"Outras obras moldadas, de aço";"Mato Grosso do Sul";"3831";"26"
"Importação ";" 2015";"73259990";"Outras obras moldadas, de ferro fundido ou ferro";"Alagoas";"3166";"48"
"Importação ";" 2015";"73259100";"Esferas e artefatos semelhantes, para moinhos, moldadas, de ferro fundido, ferro ou aço";"Bahia";"1051";"3"
"Importação ";" 2015";"73259100";"Esferas e artefatos semelhantes, para moinhos, moldadas, de ferro fundido, ferro ou aço";"Rio de Janeiro";"1050";"5"
"Importação ";" 2015";"73251000";"Outras obras moldadas de ferro fundido, não maleável";"Paraíba";"714";"30"
"Importação ";" 2015";"73259990";"Outras obras moldadas, de ferro fundido ou ferro";"Sergipe";"485";"25"
"Importação ";" 2015";"73259990";"Outras obras moldadas, de ferro fundido ou ferro";"Distrito Federal";"199";"18"
"Importação ";" 2015";"73259100";"Esferas e artefatos semelhantes, para moinhos, moldadas, de ferro fundido, ferro ou aço";"Paraná";"33";"1"
"Exportação ";" 2014";"73259990";"Outras obras moldadas, de ferro fundido ou ferro";"São Paulo";"4076304";"804155"
"Exportação ";" 2014";"73251000";"Outras obras moldadas de ferro fundido, não maleável";"Minas Gerais";"4063674";"1608515"
"Exportação ";" 2014";"73259910";"Outras obras moldadas, de aço";"Rio Grande do Sul";"1758626";"666952"
"Exportação ";" 2014";"73259990";"Outras obras moldadas, de ferro fundido ou ferro";"Minas Gerais";"1076537";"817517"
"Exportação ";" 2014";"73259990";"Outras obras moldadas, de ferro fundido ou ferro";"Rio de Janeiro";"1044334";"27169"
"Exportação ";" 2014";"73251000";"Outras obras moldadas de ferro fundido, não maleável";"Santa Catarina";"859363";"217614"
"Exportação ";" 2014";"73259100";"Esferas e artefatos semelhantes, para moinhos, moldadas, de ferro fundido, ferro ou aço";"Minas Gerais";"841355";"595610"
"Exportação ";" 2014";"73259910";"Outras obras moldadas, de aço";"São Paulo";"521335";"26644"
"Exportação ";" 2014";"73259910";"Outras obras moldadas, de aço";"Zona Não Declarada";"456835";"6778"
"Exportação ";" 2014";"73251000";"Outras obras moldadas de ferro fundido, não maleável";"São Paulo";"317981";"26695"
"Exportação ";" 2014";"73259910";"Outras obras moldadas, de aço";"Minas Gerais";"230097";"28941"
"Exportação ";" 2014";"73259990";"Outras obras moldadas, de ferro fundido ou ferro";"Paraná";"214640";"134422"
"Exportação ";" 2014";"73259990";"Outras obras moldadas, de ferro fundido ou ferro";"Zona Não Declarada";"135273";"24940"
"Exportação ";" 2014";"73259990";"Outras obras moldadas, de ferro fundido ou ferro";"Rio Grande do Sul";"122885";"9080"
"Exportação ";" 2014";"73259910";"Outras obras moldadas, de aço";"Rio de Janeiro";"93320";"937"
"Exportação ";" 2014";"73251000";"Outras obras moldadas de ferro fundido, não maleável";"Rio Grande do Sul";"77596";"9175"
"Exportação ";" 2014";"73259910";"Outras obras moldadas, de aço";"Mercadoria Nacionalizada";"72817";"112"
"Exportação ";" 2014";"73251000";"Outras obras moldadas de ferro fundido, não maleável";"Não Declarada";"55092";"3868"
"Exportação ";" 2014";"73251000";"Outras obras moldadas de ferro fundido, não maleável";"Rio de Janeiro";"53703";"5528"
"Exportação ";" 2014";"73251000";"Outras obras moldadas de ferro fundido, não maleável";"Zona Não Declarada";"52866";"4724"
"Exportação ";" 2014";"73259990";"Outras obras moldadas, de ferro fundido ou ferro";"Santa Catarina";"47311";"5996"
"Exportação ";" 2014";"73251000";"Outras obras moldadas de ferro fundido, não maleável";"Paraná";"39331";"7223"
"Exportação ";" 2014";"73259990";"Outras obras moldadas, de ferro fundido ou ferro";"Não Declarada";"33877";"455"
"Exportação ";" 2014";"73259910";"Outras obras moldadas, de aço";"Santa Catarina";"27469";"2538"
"Exportação ";" 2014";"73259990";"Outras obras moldadas, de ferro fundido ou ferro";"Espírito Santo";"26051";"1164"
"Exportação ";" 2014";"73259990";"Outras obras moldadas, de ferro fundido ou ferro";"Mercadoria Nacionalizada";"19309";"4956"
"Exportação ";" 2014";"73259910";"Outras obras moldadas, de aço";"Não Declarada";"13864";"638"
"Exportação ";" 2014";"73259990";"Outras obras moldadas, de ferro fundido ou ferro";"Consumo de Bordo";"13136";"46"
"Exportação ";" 2014";"73259910";"Outras obras moldadas, de aço";"Paraná";"2922";"264"
"Exportação ";" 2014";"73251000";"Outras obras moldadas de ferro fundido, não maleável";"Pernambuco";"2385";"300"
"Exportação ";" 2014";"73259910";"Outras obras moldadas, de aço";"Reexportação";"1603";"257"
"Exportação ";" 2014";"73259100";"Esferas e artefatos semelhantes, para moinhos, moldadas, de ferro fundido, ferro ou aço";"São Paulo";"1458";"99"
"Exportação ";" 2014";"73259990";"Outras obras moldadas, de ferro fundido ou ferro";"Rondônia";"705";"125"
"Exportação ";" 2014";"73251000";"Outras obras moldadas de ferro fundido, não maleável";"Mercadoria Nacionalizada";"379";"92"
"Exportação ";" 2014";"73259100";"Esferas e artefatos semelhantes, para moinhos, moldadas, de ferro fundido, ferro ou aço";"Paraná";"344";"24"
"Exportação ";" 2014";"73251000";"Outras obras moldadas de ferro fundido, não maleável";"Mato Grosso do Sul";"286";"27"
"Exportação ";" 2014";"73259990";"Outras obras moldadas, de ferro fundido ou ferro";"Ceará";"209";"153"
"Exportação ";" 2014";"73251000";"Outras obras moldadas de ferro fundido, não maleável";"Mato Grosso";"72";"12"
"Exportação ";" 2014";"73259100";"Esferas e artefatos semelhantes, para moinhos, moldadas, de ferro fundido, ferro ou aço";"Santa Catarina";"40";"2"
"Exportação ";" 2014";"73259990";"Outras obras moldadas, de ferro fundido ou ferro";"Mato Grosso";"26";"2"
"Importação ";" 2014";"73259100";"Esferas e artefatos semelhantes, para moinhos, moldadas, de ferro fundido, ferro ou aço";"Minas Gerais";"35726279";"27051730"
"Importação ";" 2014";"73259100";"Esferas e artefatos semelhantes, para moinhos, moldadas, de ferro fundido, ferro ou aço";"Espírito Santo";"12850922";"7381000"
"Importação ";" 2014";"73259910";"Outras obras moldadas, de aço";"São Paulo";"4832470";"610877"
"Importação ";" 2014";"73259100";"Esferas e artefatos semelhantes, para moinhos, moldadas, de ferro fundido, ferro ou aço";"Pará";"4163333";"4158000"
"Importação ";" 2014";"73251000";"Outras obras moldadas de ferro fundido, não maleável";"São Paulo";"3510985";"388497"
"Importação ";" 2014";"73259990";"Outras obras moldadas, de ferro fundido ou ferro";"São Paulo";"2751982";"1024771"
"Importação ";" 2014";"73259910";"Outras obras moldadas, de aço";"Rio de Janeiro";"1532109";"73212"
"Importação ";" 2014";"73259990";"Outras obras moldadas, de ferro fundido ou ferro";"Rio de Janeiro";"720897";"113858"
"Importação ";" 2014";"73259910";"Outras obras moldadas, de aço";"Paraná";"719268";"151005"
"Importação ";" 2014";"73259990";"Outras obras moldadas, de ferro fundido ou ferro";"Pernambuco";"661803";"39685"
"Importação ";" 2014";"73259990";"Outras obras moldadas, de ferro fundido ou ferro";"Paraná";"634330";"225323"
"Importação ";" 2014";"73259910";"Outras obras moldadas, de aço";"Bahia";"486449";"59287"
"Importação ";" 2014";"73259910";"Outras obras moldadas, de aço";"Pernambuco";"473008";"90030"
"Importação ";" 2014";"73259910";"Outras obras moldadas, de aço";"Santa Catarina";"405670";"46360"
"Importação ";" 2014";"73259910";"Outras obras moldadas, de aço";"Rio Grande do Sul";"384507";"60731"
"Importação ";" 2014";"73259990";"Outras obras moldadas, de ferro fundido ou ferro";"Bahia";"292200";"9821"
"Importação ";" 2014";"73251000";"Outras obras moldadas de ferro fundido, não maleável";"Minas Gerais";"246934";"43495"
"Importação ";" 2014";"73251000";"Outras obras moldadas de ferro fundido, não maleável";"Rio de Janeiro";"233431";"29447"
"Importação ";" 2014";"73259990";"Outras obras moldadas, de ferro fundido ou ferro";"Rio Grande do Sul";"232597";"22223"
"Importação ";" 2014";"73251000";"Outras obras moldadas de ferro fundido, não maleável";"Santa Catarina";"192822";"35923"
"Importação ";" 2014";"73259990";"Outras obras moldadas, de ferro fundido ou ferro";"Minas Gerais";"171994";"22071"
"Importação ";" 2014";"73259990";"Outras obras moldadas, de ferro fundido ou ferro";"Santa Catarina";"168086";"13057"
"Importação ";" 2014";"73251000";"Outras obras moldadas de ferro fundido, não maleável";"Paraná";"149622";"19065"
"Importação ";" 2014";"73259910";"Outras obras moldadas, de aço";"Minas Gerais";"101285";"12268"
"Importação ";" 2014";"73259910";"Outras obras moldadas, de aço";"Ceará";"100390";"14970"
"Importação ";" 2014";"73259910";"Outras obras moldadas, de aço";"Espírito Santo";"95714";"18985"
"Importação ";" 2014";"73259990";"Outras obras moldadas, de ferro fundido ou ferro";"Paraíba";"82833";"500"
"Importação ";" 2014";"73259990";"Outras obras moldadas, de ferro fundido ou ferro";"Amazonas";"80609";"14851"
"Importação ";" 2014";"73259910";"Outras obras moldadas, de aço";"Rondônia";"80151";"69477"
"Importação ";" 2014";"73259990";"Outras obras moldadas, de ferro fundido ou ferro";"Espírito Santo";"77181";"45716"
"Importação ";" 2014";"73259910";"Outras obras moldadas, de aço";"Amazonas";"76197";"14326"
"Importação ";" 2014";"73259990";"Outras obras moldadas, de ferro fundido ou ferro";"Amapá";"67056";"1123"
"Importação ";" 2014";"73259910";"Outras obras moldadas, de aço";"Amapá";"63654";"1067"
"Importação ";" 2014";"73251000";"Outras obras moldadas de ferro fundido, não maleável";"Rio Grande do Sul";"58296";"11243"
"Importação ";" 2014";"73251000";"Outras obras moldadas de ferro fundido, não maleável";"Rondônia";"46058";"3653"
"Importação ";" 2014";"73251000";"Outras obras moldadas de ferro fundido, não maleável";"Ceará";"44386";"16306"
"Importação ";" 2014";"73259100";"Esferas e artefatos semelhantes, para moinhos, moldadas, de ferro fundido, ferro ou aço";"São Paulo";"39798";"9100"
"Importação ";" 2014";"73251000";"Outras obras moldadas de ferro fundido, não maleável";"Espírito Santo";"34730";"3019"
"Importação ";" 2014";"73251000";"Outras obras moldadas de ferro fundido, não maleável";"Bahia";"25282";"722"
"Importação ";" 2014";"73259910";"Outras obras moldadas, de aço";"Pará";"21643";"2623"
"Importação ";" 2014";"73259990";"Outras obras moldadas, de ferro fundido ou ferro";"Ceará";"21098";"4941"
"Importação ";" 2014";"73259990";"Outras obras moldadas, de ferro fundido ou ferro";"Rondônia";"20367";"9058"
"Importação ";" 2014";"73259990";"Outras obras moldadas, de ferro fundido ou ferro";"Alagoas";"16642";"6098"
"Importação ";" 2014";"73259910";"Outras obras moldadas, de aço";"Alagoas";"15953";"5564"
"Importação ";" 2014";"73259910";"Outras obras moldadas, de aço";"Goiás";"15480";"73"
"Importação ";" 2014";"73251000";"Outras obras moldadas de ferro fundido, não maleável";"Amazonas";"14588";"102"
"Importação ";" 2014";"73251000";"Outras obras moldadas de ferro fundido, não maleável";"Pernambuco";"13928";"1285"
"Importação ";" 2014";"73259990";"Outras obras moldadas, de ferro fundido ou ferro";"Mato Grosso do Sul";"8057";"4497"
"Importação ";" 2014";"73259910";"Outras obras moldadas, de aço";"Piauí";"4051";"289"
"Importação ";" 2014";"73259990";"Outras obras moldadas, de ferro fundido ou ferro";"Goiás";"3973";"200"
"Importação ";" 2014";"73251000";"Outras obras moldadas de ferro fundido, não maleável";"Alagoas";"2002";"1521"
"Importação ";" 2014";"73251000";"Outras obras moldadas de ferro fundido, não maleável";"Pará";"1828";"39"
"Importação ";" 2014";"73259990";"Outras obras moldadas, de ferro fundido ou ferro";"Maranhão";"1341";"1"
"Importação ";" 2014";"73259910";"Outras obras moldadas, de aço";"Paraíba";"1039";"212"
"Importação ";" 2014";"73259910";"Outras obras moldadas, de aço";"Roraima";"440";"15"
"Importação ";" 2014";"73259990";"Outras obras moldadas, de ferro fundido ou ferro";"Sergipe";"357";"7"
"Importação ";" 2014";"73259100";"Esferas e artefatos semelhantes, para moinhos, moldadas, de ferro fundido, ferro ou aço";"Paraná";"283";"7"
"Importação ";" 2014";"73251000";"Outras obras moldadas de ferro fundido, não maleável";"Mato Grosso do Sul";"147";"72"
"Importação ";" 2014";"73259990";"Outras obras moldadas, de ferro fundido ou ferro";"Piauí";"120";"2"
"Importação ";" 2014";"73259910";"Outras obras moldadas, de aço";"Sergipe";"85";"1"
"Importação ";" 2014";"73259100";"Esferas e artefatos semelhantes, para moinhos, moldadas, de ferro fundido, ferro ou aço";"Rio de Janeiro";"44";"1"
"Importação ";" 2014";"73259990";"Outras obras moldadas, de ferro fundido ou ferro";"Roraima";"19";"6"
"Importação ";" 2014";"73259910";"Outras obras moldadas, de aço";"Tocantins";"8";"2"
"Importação ";" 2014";"73259100";"Esferas e artefatos semelhantes, para moinhos, moldadas, de ferro fundido, ferro ou aço";"Santa Catarina";"1";"2"
"Exportação ";" 2013";"73259100";"Esferas e artefatos semelhantes, para moinhos, moldadas, de ferro fundido, ferro ou aço";"Minas Gerais";"3528640";"2392400"
"Exportação ";" 2013";"73251000";"Outras obras moldadas de ferro fundido, não maleável";"Minas Gerais";"2528407";"993627"
"Exportação ";" 2013";"73259990";"Outras obras moldadas, de ferro fundido ou ferro";"São Paulo";"2347690";"547785"
"Exportação ";" 2013";"73259910";"Outras obras moldadas, de aço";"Rio Grande do Sul";"1358234";"435444"
"Exportação ";" 2013";"73259910";"Outras obras moldadas, de aço";"Santa Catarina";"1185240";"111999"
"Exportação ";" 2013";"73259910";"Outras obras moldadas, de aço";"São Paulo";"1045465";"95637"
"Exportação ";" 2013";"73251000";"Outras obras moldadas de ferro fundido, não maleável";"Santa Catarina";"907633";"235034"
"Exportação ";" 2013";"73259910";"Outras obras moldadas, de aço";"Zona Não Declarada";"647604";"11118"
"Exportação ";" 2013";"73251000";"Outras obras moldadas de ferro fundido, não maleável";"São Paulo";"490890";"37877"
"Exportação ";" 2013";"73259990";"Outras obras moldadas, de ferro fundido ou ferro";"Mercadoria Nacionalizada";"290016";"109262"
"Exportação ";" 2013";"73251000";"Outras obras moldadas de ferro fundido, não maleável";"Paraná";"228272";"36273"
"Exportação ";" 2013";"73259910";"Outras obras moldadas, de aço";"Não Declarada";"220041";"501"
"Exportação ";" 2013";"73259990";"Outras obras moldadas, de ferro fundido ou ferro";"Rio Grande do Sul";"204731";"13732"
"Exportação ";" 2013";"73259990";"Outras obras moldadas, de ferro fundido ou ferro";"Minas Gerais";"173748";"148615"
"Exportação ";" 2013";"73251000";"Outras obras moldadas de ferro fundido, não maleável";"Rio Grande do Sul";"114023";"15906"
"Exportação ";" 2013";"73259910";"Outras obras moldadas, de aço";"Minas Gerais";"107901";"10538"
"Exportação ";" 2013";"73251000";"Outras obras moldadas de ferro fundido, não maleável";"Rio de Janeiro";"89172";"14339"
"Exportação ";" 2013";"73259990";"Outras obras moldadas, de ferro fundido ou ferro";"Zona Não Declarada";"77740";"9419"
"Exportação ";" 2013";"73259910";"Outras obras moldadas, de aço";"Mercadoria Nacionalizada";"57420";"981"
"Exportação ";" 2013";"73251000";"Outras obras moldadas de ferro fundido, não maleável";"Zona Não Declarada";"55885";"4628"
"Exportação ";" 2013";"73259990";"Outras obras moldadas, de ferro fundido ou ferro";"Rio de Janeiro";"52076";"12389"
"Exportação ";" 2013";"73259990";"Outras obras moldadas, de ferro fundido ou ferro";"Paraná";"29824";"14905"
"Exportação ";" 2013";"73259990";"Outras obras moldadas, de ferro fundido ou ferro";"Santa Catarina";"28277";"5813"
"Exportação ";" 2013";"73251000";"Outras obras moldadas de ferro fundido, não maleável";"Não Declarada";"27606";"6445"
"Exportação ";" 2013";"73259100";"Esferas e artefatos semelhantes, para moinhos, moldadas, de ferro fundido, ferro ou aço";"Mato Grosso";"25925";"30500"
"Exportação ";" 2013";"73259910";"Outras obras moldadas, de aço";"Rio de Janeiro";"14371";"219"
"Exportação ";" 2013";"73251000";"Outras obras moldadas de ferro fundido, não maleável";"Espírito Santo";"11000";"2800"
"Exportação ";" 2013";"73259910";"Outras obras moldadas, de aço";"Paraná";"4421";"347"
"Exportação ";" 2013";"73251000";"Outras obras moldadas de ferro fundido, não maleável";"Ceará";"4055";"117"
"Exportação ";" 2013";"73251000";"Outras obras moldadas de ferro fundido, não maleável";"Mato Grosso do Sul";"3169";"2100"
"Exportação ";" 2013";"73259990";"Outras obras moldadas, de ferro fundido ou ferro";"Não Declarada";"2265";"28"
"Exportação ";" 2013";"73259990";"Outras obras moldadas, de ferro fundido ou ferro";"Ceará";"1667";"369"
"Exportação ";" 2013";"73259990";"Outras obras moldadas, de ferro fundido ou ferro";"Rondônia";"155";"13"
"Exportação ";" 2013";"73251000";"Outras obras moldadas de ferro fundido, não maleável";"Mercadoria Nacionalizada";"127";"1"
"Exportação ";" 2013";"73259100";"Esferas e artefatos semelhantes, para moinhos, moldadas, de ferro fundido, ferro ou aço";"Zona Não Declarada";"108";"2"
"Exportação ";" 2013";"73259910";"Outras obras moldadas, de aço";"Pernambuco";"87";"1"
"Exportação ";" 2013";"73259100";"Esferas e artefatos semelhantes, para moinhos, moldadas, de ferro fundido, ferro ou aço";"Paraná";"24";"4"
"Importação ";" 2013";"73259100";"Esferas e artefatos semelhantes, para moinhos, moldadas, de ferro fundido, ferro ou aço";"Minas Gerais";"18822566";"15147789"
"Importação ";" 2013";"73259100";"Esferas e artefatos semelhantes, para moinhos, moldadas, de ferro fundido, ferro ou aço";"Espírito Santo";"7800396";"4450000"
"Importação ";" 2013";"73259990";"Outras obras moldadas, de ferro fundido ou ferro";"Rio de Janeiro";"6932242";"2503453"
"Importação ";" 2013";"73259100";"Esferas e artefatos semelhantes, para moinhos, moldadas, de ferro fundido, ferro ou aço";"Pará";"6072334";"5346000"
"Importação ";" 2013";"73259910";"Outras obras moldadas, de aço";"São Paulo";"4699809";"711136"
"Importação ";" 2013";"73251000";"Outras obras moldadas de ferro fundido, não maleável";"São Paulo";"4326932";"388064"
"Importação ";" 2013";"73259990";"Outras obras moldadas, de ferro fundido ou ferro";"São Paulo";"3163081";"1155976"
"Importação ";" 2013";"73259910";"Outras obras moldadas, de aço";"Rio de Janeiro";"1684405";"35937"
"Importação ";" 2013";"73259990";"Outras obras moldadas, de ferro fundido ou ferro";"Espírito Santo";"1117851";"832152"
"Importação ";" 2013";"73259910";"Outras obras moldadas, de aço";"Minas Gerais";"706313";"88651"
"Importação ";" 2013";"73259910";"Outras obras moldadas, de aço";"Paraná";"647648";"131717"
"Importação ";" 2013";"73259910";"Outras obras moldadas, de aço";"Bahia";"582353";"67802"
"Importação ";" 2013";"73259100";"Esferas e artefatos semelhantes, para moinhos, moldadas, de ferro fundido, ferro ou aço";"Maranhão";"552002";"408000"
"Importação ";" 2013";"73259910";"Outras obras moldadas, de aço";"Rio Grande do Sul";"491147";"52656"
"Importação ";" 2013";"73251000";"Outras obras moldadas de ferro fundido, não maleável";"Rio de Janeiro";"455189";"81054"
"Importação ";" 2013";"73259990";"Outras obras moldadas, de ferro fundido ou ferro";"Bahia";"432638";"32718"
"Importação ";" 2013";"73259990";"Outras obras moldadas, de ferro fundido ou ferro";"Paraná";"424267";"171884"
"Importação ";" 2013";"73259990";"Outras obras moldadas, de ferro fundido ou ferro";"Santa Catarina";"387661";"15925"
"Importação ";" 2013";"73259990";"Outras obras moldadas, de ferro fundido ou ferro";"Rio Grande do Sul";"366355";"35724"
"Importação ";" 2013";"73251000";"Outras obras moldadas de ferro fundido, não maleável";"Minas Gerais";"365388";"80396"
"Importação ";" 2013";"73259910";"Outras obras moldadas, de aço";"Santa Catarina";"349123";"33953"
"Importação ";" 2013";"73251000";"Outras obras moldadas de ferro fundido, não maleável";"Paraná";"345185";"75042"
"Importação ";" 2013";"73259990";"Outras obras moldadas, de ferro fundido ou ferro";"Minas Gerais";"336106";"34397"
"Importação ";" 2013";"73259910";"Outras obras moldadas, de aço";"Espírito Santo";"305230";"33357"
"Importação ";" 2013";"73251000";"Outras obras moldadas de ferro fundido, não maleável";"Ceará";"125108";"52152"
"Importação ";" 2013";"73259910";"Outras obras moldadas, de aço";"Pernambuco";"122743";"46215"
"Importação ";" 2013";"73251000";"Outras obras moldadas de ferro fundido, não maleável";"Espírito Santo";"67963";"7162"
"Importação ";" 2013";"73259990";"Outras obras moldadas, de ferro fundido ou ferro";"Pernambuco";"67408";"23336"
"Importação ";" 2013";"73259990";"Outras obras moldadas, de ferro fundido ou ferro";"Maranhão";"57762";"360"
"Importação ";" 2013";"73259990";"Outras obras moldadas, de ferro fundido ou ferro";"Amazonas";"52608";"2815"
"Importação ";" 2013";"73259990";"Outras obras moldadas, de ferro fundido ou ferro";"Goiás";"46365";"1608"
"Importação ";" 2013";"73251000";"Outras obras moldadas de ferro fundido, não maleável";"Santa Catarina";"39749";"7305"
"Importação ";" 2013";"73259910";"Outras obras moldadas, de aço";"Tocantins";"37491";"4117"
"Importação ";" 2013";"73259990";"Outras obras moldadas, de ferro fundido ou ferro";"Rondônia";"35084";"6425"
"Importação ";" 2013";"73259910";"Outras obras moldadas, de aço";"Amazonas";"33750";"13474"
"Importação ";" 2013";"73259100";"Esferas e artefatos semelhantes, para moinhos, moldadas, de ferro fundido, ferro ou aço";"Bahia";"33420";"27000"
"Importação ";" 2013";"73259910";"Outras obras moldadas, de aço";"Ceará";"32864";"787"
"Importação ";" 2013";"73259100";"Esferas e artefatos semelhantes, para moinhos, moldadas, de ferro fundido, ferro ou aço";"Rio Grande do Norte";"26117";"4880"
"Importação ";" 2013";"73251000";"Outras obras moldadas de ferro fundido, não maleável";"Rio Grande do Sul";"24909";"6228"
"Importação ";" 2013";"73259990";"Outras obras moldadas, de ferro fundido ou ferro";"Alagoas";"22197";"1020"
"Importação ";" 2013";"73251000";"Outras obras moldadas de ferro fundido, não maleável";"Pernambuco";"20175";"14199"
"Importação ";" 2013";"73259990";"Outras obras moldadas, de ferro fundido ou ferro";"Pará";"17481";"4875"
"Importação ";" 2013";"73259990";"Outras obras moldadas, de ferro fundido ou ferro";"Amapá";"17424";"54"
"Importação ";" 2013";"73259910";"Outras obras moldadas, de aço";"Piauí";"16805";"6114"
"Importação ";" 2013";"73259910";"Outras obras moldadas, de aço";"Pará";"15009";"26"
"Importação ";" 2013";"73259100";"Esferas e artefatos semelhantes, para moinhos, moldadas, de ferro fundido, ferro ou aço";"São Paulo";"13925";"3045"
"Importação ";" 2013";"73259990";"Outras obras moldadas, de ferro fundido ou ferro";"Ceará";"13729";"3691"
"Importação ";" 2013";"73259910";"Outras obras moldadas, de aço";"Alagoas";"11674";"108"
"Importação ";" 2013";"73259910";"Outras obras moldadas, de aço";"Goiás";"9036";"237"
"Importação ";" 2013";"73259910";"Outras obras moldadas, de aço";"Rondônia";"7204";"575"
"Importação ";" 2013";"73251000";"Outras obras moldadas de ferro fundido, não maleável";"Alagoas";"6530";"650"
"Importação ";" 2013";"73251000";"Outras obras moldadas de ferro fundido, não maleável";"Rondônia";"4964";"10"
"Importação ";" 2013";"73259990";"Outras obras moldadas, de ferro fundido ou ferro";"Rio Grande do Norte";"3562";"115"
"Importação ";" 2013";"73259990";"Outras obras moldadas, de ferro fundido ou ferro";"Distrito Federal";"3086";"440"
"Importação ";" 2013";"73251000";"Outras obras moldadas de ferro fundido, não maleável";"Amazonas";"2069";"28"
"Importação ";" 2013";"73259910";"Outras obras moldadas, de aço";"Sergipe";"1990";"27"
"Importação ";" 2013";"73259100";"Esferas e artefatos semelhantes, para moinhos, moldadas, de ferro fundido, ferro ou aço";"Rio de Janeiro";"1960";"8"
"Importação ";" 2013";"73259990";"Outras obras moldadas, de ferro fundido ou ferro";"Roraima";"1771";"700"
"Importação ";" 2013";"73259990";"Outras obras moldadas, de ferro fundido ou ferro";"Mato Grosso do Sul";"1042";"2"
"Importação ";" 2013";"73259910";"Outras obras moldadas, de aço";"Mato Grosso do Sul";"947";"58"
"Importação ";" 2013";"73259910";"Outras obras moldadas, de aço";"Paraíba";"942";"1"
"Importação ";" 2013";"73259990";"Outras obras moldadas, de ferro fundido ou ferro";"Mato Grosso";"652";"332"
"Importação ";" 2013";"73259990";"Outras obras moldadas, de ferro fundido ou ferro";"Sergipe";"415";"18"
"Importação ";" 2013";"73259990";"Outras obras moldadas, de ferro fundido ou ferro";"Paraíba";"388";"1000"
"Importação ";" 2013";"73251000";"Outras obras moldadas de ferro fundido, não maleável";"Goiás";"194";"9"
"Importação ";" 2013";"73259100";"Esferas e artefatos semelhantes, para moinhos, moldadas, de ferro fundido, ferro ou aço";"Paraná";"27";"0"
"Importação ";" 2013";"73251000";"Outras obras moldadas de ferro fundido, não maleável";"Mato Grosso";"24";"8"
"Importação ";" 2013";"73259100";"Esferas e artefatos semelhantes, para moinhos, moldadas, de ferro fundido, ferro ou aço";"Rio Grande do Sul";"18";"0"
"Importação ";" 2013";"73259910";"Outras obras moldadas, de aço";"Roraima";"7";"3"
"Importação ";" 2013";"73259910";"Outras obras moldadas, de aço";"Amapá";"6";"0"
"Importação ";" 2013";"73259100";"Esferas e artefatos semelhantes, para moinhos, moldadas, de ferro fundido, ferro ou aço";"Santa Catarina";"1";"1"
"Importação ";" 2013";"73251000";"Outras obras moldadas de ferro fundido, não maleável";"Bahia";"1";"0"
"Exportação ";" 2012";"73259990";"Outras obras moldadas, de ferro fundido ou ferro";"São Paulo";"9234353";"2212415"
"Exportação ";" 2012";"73259100";"Esferas e artefatos semelhantes, para moinhos, moldadas, de ferro fundido, ferro ou aço";"Minas Gerais";"4954452";"3117320"
"Exportação ";" 2012";"73251000";"Outras obras moldadas de ferro fundido, não maleável";"Minas Gerais";"3814097";"1735253"
"Exportação ";" 2012";"73259910";"Outras obras moldadas, de aço";"São Paulo";"1019175";"44919"
"Exportação ";" 2012";"73259910";"Outras obras moldadas, de aço";"Santa Catarina";"790341";"101211"
"Exportação ";" 2012";"73259910";"Outras obras moldadas, de aço";"Zona Não Declarada";"769315";"18362"
"Exportação ";" 2012";"73251000";"Outras obras moldadas de ferro fundido, não maleável";"Santa Catarina";"685510";"106054"
"Exportação ";" 2012";"73259910";"Outras obras moldadas, de aço";"Rio Grande do Sul";"661419";"38812"
"Exportação ";" 2012";"73251000";"Outras obras moldadas de ferro fundido, não maleável";"São Paulo";"647070";"55260"
"Exportação ";" 2012";"73259990";"Outras obras moldadas, de ferro fundido ou ferro";"Rio de Janeiro";"420730";"91722"
"Exportação ";" 2012";"73251000";"Outras obras moldadas de ferro fundido, não maleável";"Paraná";"381493";"57483"
"Exportação ";" 2012";"73259990";"Outras obras moldadas, de ferro fundido ou ferro";"Minas Gerais";"260545";"45687"
"Exportação ";" 2012";"73251000";"Outras obras moldadas de ferro fundido, não maleável";"Rio Grande do Sul";"248977";"54685"
"Exportação ";" 2012";"73251000";"Outras obras moldadas de ferro fundido, não maleável";"Zona Não Declarada";"163842";"15499"
"Exportação ";" 2012";"73259990";"Outras obras moldadas, de ferro fundido ou ferro";"Rio Grande do Sul";"120514";"7642"
"Exportação ";" 2012";"73259910";"Outras obras moldadas, de aço";"Minas Gerais";"106950";"10400"
"Exportação ";" 2012";"73259990";"Outras obras moldadas, de ferro fundido ou ferro";"Santa Catarina";"65853";"6461"
"Exportação ";" 2012";"73251000";"Outras obras moldadas de ferro fundido, não maleável";"Rio de Janeiro";"51111";"24447"
"Exportação ";" 2012";"73259910";"Outras obras moldadas, de aço";"Mercadoria Nacionalizada";"48330";"96"
"Exportação ";" 2012";"73251000";"Outras obras moldadas de ferro fundido, não maleável";"Não Declarada";"43318";"10473"
"Exportação ";" 2012";"73259910";"Outras obras moldadas, de aço";"Rio de Janeiro";"28015";"612"
"Exportação ";" 2012";"73259990";"Outras obras moldadas, de ferro fundido ou ferro";"Zona Não Declarada";"21815";"653"
"Exportação ";" 2012";"73259990";"Outras obras moldadas, de ferro fundido ou ferro";"Não Declarada";"19716";"130"
"Exportação ";" 2012";"73259910";"Outras obras moldadas, de aço";"Espírito Santo";"19558";"2645"
"Exportação ";" 2012";"73259100";"Esferas e artefatos semelhantes, para moinhos, moldadas, de ferro fundido, ferro ou aço";"São Paulo";"16524";"133"
"Exportação ";" 2012";"73259100";"Esferas e artefatos semelhantes, para moinhos, moldadas, de ferro fundido, ferro ou aço";"Mato Grosso";"15111";"7838"
"Exportação ";" 2012";"73251000";"Outras obras moldadas de ferro fundido, não maleável";"Pará";"15000";"4500"
"Exportação ";" 2012";"73259910";"Outras obras moldadas, de aço";"Reexportação";"12500";"2014"
"Exportação ";" 2012";"73259990";"Outras obras moldadas, de ferro fundido ou ferro";"Paraná";"11688";"5949"
"Exportação ";" 2012";"73251000";"Outras obras moldadas de ferro fundido, não maleável";"Mercadoria Nacionalizada";"11143";"1217"
"Exportação ";" 2012";"73259990";"Outras obras moldadas, de ferro fundido ou ferro";"Mercadoria Nacionalizada";"7911";"1547"
"Exportação ";" 2012";"73259910";"Outras obras moldadas, de aço";"Não Declarada";"5861";"85"
"Exportação ";" 2012";"73259910";"Outras obras moldadas, de aço";"Paraná";"4908";"434"
"Exportação ";" 2012";"73259100";"Esferas e artefatos semelhantes, para moinhos, moldadas, de ferro fundido, ferro ou aço";"Zona Não Declarada";"3738";"496"
"Exportação ";" 2012";"73259910";"Outras obras moldadas, de aço";"Pernambuco";"3212";"100"
"Exportação ";" 2012";"73259910";"Outras obras moldadas, de aço";"Ceará";"2092";"440"
"Exportação ";" 2012";"73259990";"Outras obras moldadas, de ferro fundido ou ferro";"Mato Grosso";"665";"146"
"Exportação ";" 2012";"73259100";"Esferas e artefatos semelhantes, para moinhos, moldadas, de ferro fundido, ferro ou aço";"Rio de Janeiro";"618";"172"
"Exportação ";" 2012";"73251000";"Outras obras moldadas de ferro fundido, não maleável";"Mato Grosso";"598";"70"
"Exportação ";" 2012";"73259990";"Outras obras moldadas, de ferro fundido ou ferro";"Rondônia";"488";"44"
"Exportação ";" 2012";"73259990";"Outras obras moldadas, de ferro fundido ou ferro";"Ceará";"461";"70"
"Exportação ";" 2012";"73251000";"Outras obras moldadas de ferro fundido, não maleável";"Rondônia";"303";"3"
"Exportação ";" 2012";"73259100";"Esferas e artefatos semelhantes, para moinhos, moldadas, de ferro fundido, ferro ou aço";"Paraná";"161";"22"
"Exportação ";" 2012";"73259990";"Outras obras moldadas, de ferro fundido ou ferro";"Reexportação";"24";"0"
"Importação ";" 2012";"73259100";"Esferas e artefatos semelhantes, para moinhos, moldadas, de ferro fundido, ferro ou aço";"Espírito Santo";"14532929";"6588292"
"Importação ";" 2012";"73259100";"Esferas e artefatos semelhantes, para moinhos, moldadas, de ferro fundido, ferro ou aço";"Minas Gerais";"13353715";"11098728"
"Importação ";" 2012";"73259990";"Outras obras moldadas, de ferro fundido ou ferro";"Rio de Janeiro";"7692265";"2999543"
"Importação ";" 2012";"73259100";"Esferas e artefatos semelhantes, para moinhos, moldadas, de ferro fundido, ferro ou aço";"Pará";"5500520";"4995000"
"Importação ";" 2012";"73251000";"Outras obras moldadas de ferro fundido, não maleável";"São Paulo";"3279634";"209023"
"Importação ";" 2012";"73259910";"Outras obras moldadas, de aço";"São Paulo";"2760291";"393302"
"Importação ";" 2012";"73259990";"Outras obras moldadas, de ferro fundido ou ferro";"Santa Catarina";"2655752";"189671"
"Importação ";" 2012";"73259990";"Outras obras moldadas, de ferro fundido ou ferro";"São Paulo";"2170142";"595525"
"Importação ";" 2012";"73251000";"Outras obras moldadas de ferro fundido, não maleável";"Minas Gerais";"1243919";"150878"
"Importação ";" 2012";"73259910";"Outras obras moldadas, de aço";"Minas Gerais";"1045697";"23855"
"Importação ";" 2012";"73259990";"Outras obras moldadas, de ferro fundido ou ferro";"Minas Gerais";"931471";"50278"
"Importação ";" 2012";"73259100";"Esferas e artefatos semelhantes, para moinhos, moldadas, de ferro fundido, ferro ou aço";"Bahia";"819177";"729000"
"Importação ";" 2012";"73251000";"Outras obras moldadas de ferro fundido, não maleável";"Rio de Janeiro";"797818";"144293"
"Importação ";" 2012";"73259910";"Outras obras moldadas, de aço";"Rio de Janeiro";"757165";"15116"
"Importação ";" 2012";"73259910";"Outras obras moldadas, de aço";"Paraná";"742818";"154499"
"Importação ";" 2012";"73259100";"Esferas e artefatos semelhantes, para moinhos, moldadas, de ferro fundido, ferro ou aço";"Maranhão";"704655";"426100"
"Importação ";" 2012";"73251000";"Outras obras moldadas de ferro fundido, não maleável";"Paraná";"678115";"187743"
"Importação ";" 2012";"73259910";"Outras obras moldadas, de aço";"Santa Catarina";"677694";"325156"
"Importação ";" 2012";"73259990";"Outras obras moldadas, de ferro fundido ou ferro";"Espírito Santo";"395116";"165051"
"Importação ";" 2012";"73259100";"Esferas e artefatos semelhantes, para moinhos, moldadas, de ferro fundido, ferro ou aço";"Goiás";"319826";"224000"
"Importação ";" 2012";"73259990";"Outras obras moldadas, de ferro fundido ou ferro";"Rio Grande do Sul";"316680";"16542"
"Importação ";" 2012";"73251000";"Outras obras moldadas de ferro fundido, não maleável";"Rio Grande do Sul";"253464";"55479"
"Importação ";" 2012";"73259910";"Outras obras moldadas, de aço";"Espírito Santo";"239174";"51688"
"Importação ";" 2012";"73259910";"Outras obras moldadas, de aço";"Rio Grande do Sul";"191999";"19138"
"Importação ";" 2012";"73259910";"Outras obras moldadas, de aço";"Amazonas";"162901";"3665"
"Importação ";" 2012";"73251000";"Outras obras moldadas de ferro fundido, não maleável";"Santa Catarina";"162718";"36329"
"Importação ";" 2012";"73259910";"Outras obras moldadas, de aço";"Bahia";"152197";"13849"
"Importação ";" 2012";"73259990";"Outras obras moldadas, de ferro fundido ou ferro";"Paraná";"150918";"35893"
"Importação ";" 2012";"73259990";"Outras obras moldadas, de ferro fundido ou ferro";"Bahia";"107060";"4935"
"Importação ";" 2012";"73259990";"Outras obras moldadas, de ferro fundido ou ferro";"Amazonas";"77198";"3918"
"Importação ";" 2012";"73259910";"Outras obras moldadas, de aço";"Goiás";"74077";"2267"
"Importação ";" 2012";"73251000";"Outras obras moldadas de ferro fundido, não maleável";"Espírito Santo";"70406";"30773"
"Importação ";" 2012";"73259910";"Outras obras moldadas, de aço";"Maranhão";"61502";"28039"
"Importação ";" 2012";"73259990";"Outras obras moldadas, de ferro fundido ou ferro";"Pernambuco";"59747";"14587"
"Importação ";" 2012";"73259910";"Outras obras moldadas, de aço";"Distrito Federal";"47233";"3034"
"Importação ";" 2012";"73259100";"Esferas e artefatos semelhantes, para moinhos, moldadas, de ferro fundido, ferro ou aço";"Rio de Janeiro";"36451";"14021"
"Importação ";" 2012";"73259910";"Outras obras moldadas, de aço";"Pernambuco";"26721";"1734"
"Importação ";" 2012";"73259910";"Outras obras moldadas, de aço";"Amapá";"24910";"1042"
"Importação ";" 2012";"73259910";"Outras obras moldadas, de aço";"Sergipe";"19697";"997"
"Importação ";" 2012";"73259990";"Outras obras moldadas, de ferro fundido ou ferro";"Alagoas";"14917";"1633"
"Importação ";" 2012";"73259100";"Esferas e artefatos semelhantes, para moinhos, moldadas, de ferro fundido, ferro ou aço";"São Paulo";"10458";"2860"
"Importação ";" 2012";"73259990";"Outras obras moldadas, de ferro fundido ou ferro";"Pará";"9424";"1013"
"Importação ";" 2012";"73251000";"Outras obras moldadas de ferro fundido, não maleável";"Amazonas";"8094";"353"
"Importação ";" 2012";"73251000";"Outras obras moldadas de ferro fundido, não maleável";"Ceará";"7579";"4153"
"Importação ";" 2012";"73259910";"Outras obras moldadas, de aço";"Alagoas";"7204";"110"
"Importação ";" 2012";"73251000";"Outras obras moldadas de ferro fundido, não maleável";"Bahia";"6675";"132"
"Importação ";" 2012";"73259910";"Outras obras moldadas, de aço";"Ceará";"6521";"877"
"Importação ";" 2012";"73259910";"Outras obras moldadas, de aço";"Rondônia";"6195";"360"
"Importação ";" 2012";"73259990";"Outras obras moldadas, de ferro fundido ou ferro";"Ceará";"6039";"2769"
"Importação ";" 2012";"73251000";"Outras obras moldadas de ferro fundido, não maleável";"Maranhão";"5974";"181"
"Importação ";" 2012";"73259990";"Outras obras moldadas, de ferro fundido ou ferro";"Goiás";"5365";"376"
"Importação ";" 2012";"73251000";"Outras obras moldadas de ferro fundido, não maleável";"Pernambuco";"4786";"1130"
"Importação ";" 2012";"73259990";"Outras obras moldadas, de ferro fundido ou ferro";"Rio Grande do Norte";"4215";"222"
"Importação ";" 2012";"73259910";"Outras obras moldadas, de aço";"Pará";"3271";"351"
"Importação ";" 2012";"73259910";"Outras obras moldadas, de aço";"Rio Grande do Norte";"2414";"16"
"Importação ";" 2012";"73259990";"Outras obras moldadas, de ferro fundido ou ferro";"Mato Grosso do Sul";"1531";"282"
"Importação ";" 2012";"73259990";"Outras obras moldadas, de ferro fundido ou ferro";"Amapá";"1371";"12"
"Importação ";" 2012";"73251000";"Outras obras moldadas de ferro fundido, não maleável";"Alagoas";"1124";"154"
"Importação ";" 2012";"73259990";"Outras obras moldadas, de ferro fundido ou ferro";"Maranhão";"536";"38"
"Importação ";" 2012";"73259910";"Outras obras moldadas, de aço";"Mato Grosso";"495";"7"
"Importação ";" 2012";"73259990";"Outras obras moldadas, de ferro fundido ou ferro";"Distrito Federal";"434";"12"
"Importação ";" 2012";"73259990";"Outras obras moldadas, de ferro fundido ou ferro";"Mato Grosso";"288";"26"
"Importação ";" 2012";"73251000";"Outras obras moldadas de ferro fundido, não maleável";"Tocantins";"184";"65"
"Importação ";" 2012";"73259990";"Outras obras moldadas, de ferro fundido ou ferro";"Paraíba";"98";"0"
"Importação ";" 2012";"73259100";"Esferas e artefatos semelhantes, para moinhos, moldadas, de ferro fundido, ferro ou aço";"Distrito Federal";"70";"9"
"Importação ";" 2012";"73259100";"Esferas e artefatos semelhantes, para moinhos, moldadas, de ferro fundido, ferro ou aço";"Paraná";"27";"0"
"Importação ";" 2012";"73259100";"Esferas e artefatos semelhantes, para moinhos, moldadas, de ferro fundido, ferro ou aço";"Rio Grande do Sul";"6";"0"
"Importação ";" 2012";"73259100";"Esferas e artefatos semelhantes, para moinhos, moldadas, de ferro fundido, ferro ou aço";"Santa Catarina";"0";"1"
"Exportação ";" 2011";"73259990";"Outras obras moldadas, de ferro fundido ou ferro";"São Paulo";"9233218";"1516784"
"Exportação ";" 2011";"73259100";"Esferas e artefatos semelhantes, para moinhos, moldadas, de ferro fundido, ferro ou aço";"Minas Gerais";"8070329";"5159930"
"Exportação ";" 2011";"73259910";"Outras obras moldadas, de aço";"Santa Catarina";"4725470";"470584"
"Exportação ";" 2011";"73251000";"Outras obras moldadas de ferro fundido, não maleável";"Minas Gerais";"4205252";"2227034"
"Exportação ";" 2011";"73251000";"Outras obras moldadas de ferro fundido, não maleável";"São Paulo";"1251890";"129856"
"Exportação ";" 2011";"73251000";"Outras obras moldadas de ferro fundido, não maleável";"Santa Catarina";"1027637";"201339"
"Exportação ";" 2011";"73251000";"Outras obras moldadas de ferro fundido, não maleável";"Zona Não Declarada";"772453";"96450"
"Exportação ";" 2011";"73259990";"Outras obras moldadas, de ferro fundido ou ferro";"Santa Catarina";"647632";"91025"
"Exportação ";" 2011";"73259910";"Outras obras moldadas, de aço";"Zona Não Declarada";"546182";"8091"
"Exportação ";" 2011";"73259910";"Outras obras moldadas, de aço";"Rio Grande do Sul";"485197";"21536"
"Exportação ";" 2011";"73251000";"Outras obras moldadas de ferro fundido, não maleável";"Rio de Janeiro";"419552";"165805"
"Exportação ";" 2011";"73251000";"Outras obras moldadas de ferro fundido, não maleável";"Paraná";"374144";"55623"
"Exportação ";" 2011";"73259990";"Outras obras moldadas, de ferro fundido ou ferro";"Rio de Janeiro";"323650";"103161"
"Exportação ";" 2011";"73259990";"Outras obras moldadas, de ferro fundido ou ferro";"Minas Gerais";"316654";"167402"
"Exportação ";" 2011";"73259910";"Outras obras moldadas, de aço";"São Paulo";"262500";"10541"
"Exportação ";" 2011";"73259990";"Outras obras moldadas, de ferro fundido ou ferro";"Rio Grande do Sul";"222988";"24952"
"Exportação ";" 2011";"73259910";"Outras obras moldadas, de aço";"Minas Gerais";"216627";"27336"
"Exportação ";" 2011";"73259990";"Outras obras moldadas, de ferro fundido ou ferro";"Paraná";"201102";"10943"
"Exportação ";" 2011";"73251000";"Outras obras moldadas de ferro fundido, não maleável";"Rio Grande do Sul";"199270";"25984"
"Exportação ";" 2011";"73259910";"Outras obras moldadas, de aço";"Não Declarada";"78072";"16724"
"Exportação ";" 2011";"73259990";"Outras obras moldadas, de ferro fundido ou ferro";"Zona Não Declarada";"60371";"1295"
"Exportação ";" 2011";"73259910";"Outras obras moldadas, de aço";"Rio de Janeiro";"32266";"4089"
"Exportação ";" 2011";"73251000";"Outras obras moldadas de ferro fundido, não maleável";"Não Declarada";"31605";"735"
"Exportação ";" 2011";"73259910";"Outras obras moldadas, de aço";"Mercadoria Nacionalizada";"15842";"2612"
"Exportação ";" 2011";"73259990";"Outras obras moldadas, de ferro fundido ou ferro";"Mercadoria Nacionalizada";"8345";"1196"
"Exportação ";" 2011";"73259910";"Outras obras moldadas, de aço";"Espírito Santo";"5635";"266"
"Exportação ";" 2011";"73259910";"Outras obras moldadas, de aço";"Paraná";"4722";"345"
"Exportação ";" 2011";"73259100";"Esferas e artefatos semelhantes, para moinhos, moldadas, de ferro fundido, ferro ou aço";"Zona Não Declarada";"2635";"161"
"Exportação ";" 2011";"73259990";"Outras obras moldadas, de ferro fundido ou ferro";"Não Declarada";"1940";"2118"
"Exportação ";" 2011";"73251000";"Outras obras moldadas de ferro fundido, não maleável";"Mercadoria Nacionalizada";"1650";"42"
"Exportação ";" 2011";"73259990";"Outras obras moldadas, de ferro fundido ou ferro";"Ceará";"1246";"156"
"Exportação ";" 2011";"73259990";"Outras obras moldadas, de ferro fundido ou ferro";"Mato Grosso do Sul";"528";"29"
"Exportação ";" 2011";"73259100";"Esferas e artefatos semelhantes, para moinhos, moldadas, de ferro fundido, ferro ou aço";"Rio de Janeiro";"308";"129"
"Exportação ";" 2011";"73259100";"Esferas e artefatos semelhantes, para moinhos, moldadas, de ferro fundido, ferro ou aço";"Mato Grosso do Sul";"98";"10"
"Exportação ";" 2011";"73259910";"Outras obras moldadas, de aço";"Mato Grosso do Sul";"50";"2"
"Exportação ";" 2011";"73259990";"Outras obras moldadas, de ferro fundido ou ferro";"Rondônia";"43";"2"
"Exportação ";" 2011";"73259100";"Esferas e artefatos semelhantes, para moinhos, moldadas, de ferro fundido, ferro ou aço";"São Paulo";"29";"1"
"Exportação ";" 2011";"73259990";"Outras obras moldadas, de ferro fundido ou ferro";"Reexportação";"5";"0"
"Exportação ";" 2011";"73259910";"Outras obras moldadas, de aço";"Reexportação";"3";"0"
"Exportação ";" 2011";"73251000";"Outras obras moldadas de ferro fundido, não maleável";"Mato Grosso do Sul";"3";"0"
"Exportação ";" 2011";"73259100";"Esferas e artefatos semelhantes, para moinhos, moldadas, de ferro fundido, ferro ou aço";"Não Declarada";"1";"1"
"Importação ";" 2011";"73259100";"Esferas e artefatos semelhantes, para moinhos, moldadas, de ferro fundido, ferro ou aço";"Minas Gerais";"13939310";"11939166"
"Importação ";" 2011";"73259100";"Esferas e artefatos semelhantes, para moinhos, moldadas, de ferro fundido, ferro ou aço";"Espírito Santo";"11929409";"5417000"
"Importação ";" 2011";"73259990";"Outras obras moldadas, de ferro fundido ou ferro";"Rio de Janeiro";"10717321";"4402857"
"Importação ";" 2011";"73259100";"Esferas e artefatos semelhantes, para moinhos, moldadas, de ferro fundido, ferro ou aço";"Pará";"5837977";"5589000"
"Importação ";" 2011";"73259910";"Outras obras moldadas, de aço";"São Paulo";"3339122";"460381"
"Importação ";" 2011";"73259990";"Outras obras moldadas, de ferro fundido ou ferro";"São Paulo";"3172715";"1060080"
"Importação ";" 2011";"73251000";"Outras obras moldadas de ferro fundido, não maleável";"São Paulo";"1583788";"174882"
"Importação ";" 2011";"73259910";"Outras obras moldadas, de aço";"Paraná";"1502517";"415688"
"Importação ";" 2011";"73251000";"Outras obras moldadas de ferro fundido, não maleável";"Paraná";"1466722";"441658"
"Importação ";" 2011";"73259910";"Outras obras moldadas, de aço";"Santa Catarina";"1299722";"347349"
"Importação ";" 2011";"73259910";"Outras obras moldadas, de aço";"Bahia";"837309";"303614"
"Importação ";" 2011";"73259990";"Outras obras moldadas, de ferro fundido ou ferro";"Minas Gerais";"817216";"197349"
"Importação ";" 2011";"73259910";"Outras obras moldadas, de aço";"Rio de Janeiro";"726757";"14242"
"Importação ";" 2011";"73259910";"Outras obras moldadas, de aço";"Minas Gerais";"708969";"5883"
"Importação ";" 2011";"73251000";"Outras obras moldadas de ferro fundido, não maleável";"Rio de Janeiro";"674736";"301991"
"Importação ";" 2011";"73259990";"Outras obras moldadas, de ferro fundido ou ferro";"Santa Catarina";"661846";"15427"
"Importação ";" 2011";"73259100";"Esferas e artefatos semelhantes, para moinhos, moldadas, de ferro fundido, ferro ou aço";"Santa Catarina";"522886";"414200"
"Importação ";" 2011";"73259990";"Outras obras moldadas, de ferro fundido ou ferro";"Rio Grande do Sul";"380396";"12849"
"Importação ";" 2011";"73259100";"Esferas e artefatos semelhantes, para moinhos, moldadas, de ferro fundido, ferro ou aço";"Goiás";"323550";"224000"
"Importação ";" 2011";"73259910";"Outras obras moldadas, de aço";"Amazonas";"273320";"1129"
"Importação ";" 2011";"73259990";"Outras obras moldadas, de ferro fundido ou ferro";"Paraná";"263092";"26028"
"Importação ";" 2011";"73259990";"Outras obras moldadas, de ferro fundido ou ferro";"Espírito Santo";"238710";"120432"
"Importação ";" 2011";"73251000";"Outras obras moldadas de ferro fundido, não maleável";"Minas Gerais";"233321";"142343"
"Importação ";" 2011";"73259910";"Outras obras moldadas, de aço";"Rio Grande do Sul";"232881";"17303"
"Importação ";" 2011";"73251000";"Outras obras moldadas de ferro fundido, não maleável";"Rio Grande do Sul";"209641";"39155"
"Importação ";" 2011";"73259990";"Outras obras moldadas, de ferro fundido ou ferro";"Amazonas";"129659";"30382"
"Importação ";" 2011";"73251000";"Outras obras moldadas de ferro fundido, não maleável";"Santa Catarina";"119445";"13328"
"Importação ";" 2011";"73259910";"Outras obras moldadas, de aço";"Espírito Santo";"100141";"37154"
"Importação ";" 2011";"73259910";"Outras obras moldadas, de aço";"Mato Grosso do Sul";"93585";"17199"
"Importação ";" 2011";"73259990";"Outras obras moldadas, de ferro fundido ou ferro";"Mato Grosso";"93479";"13999"
"Importação ";" 2011";"73259910";"Outras obras moldadas, de aço";"Distrito Federal";"70333";"50312"
"Importação ";" 2011";"73259990";"Outras obras moldadas, de ferro fundido ou ferro";"Bahia";"70294";"2152"
"Importação ";" 2011";"73259990";"Outras obras moldadas, de ferro fundido ou ferro";"Pernambuco";"66354";"1154"
"Importação ";" 2011";"73259910";"Outras obras moldadas, de aço";"Pernambuco";"63448";"531"
"Importação ";" 2011";"73259910";"Outras obras moldadas, de aço";"Ceará";"63128";"7097"
"Importação ";" 2011";"73259100";"Esferas e artefatos semelhantes, para moinhos, moldadas, de ferro fundido, ferro ou aço";"Alagoas";"33690";"22002"
"Importação ";" 2011";"73259910";"Outras obras moldadas, de aço";"Sergipe";"28541";"120"
"Importação ";" 2011";"73259910";"Outras obras moldadas, de aço";"Goiás";"26633";"442"
"Importação ";" 2011";"73259100";"Esferas e artefatos semelhantes, para moinhos, moldadas, de ferro fundido, ferro ou aço";"Rio de Janeiro";"12878";"2"
"Importação ";" 2011";"73251000";"Outras obras moldadas de ferro fundido, não maleável";"Amazonas";"11576";"162"
"Importação ";" 2011";"73259100";"Esferas e artefatos semelhantes, para moinhos, moldadas, de ferro fundido, ferro ou aço";"Amazonas";"10064";"10899"
"Importação ";" 2011";"73259990";"Outras obras moldadas, de ferro fundido ou ferro";"Alagoas";"9684";"131"
"Importação ";" 2011";"73259910";"Outras obras moldadas, de aço";"Rondônia";"8702";"360"
"Importação ";" 2011";"73251000";"Outras obras moldadas de ferro fundido, não maleável";"Espírito Santo";"7998";"570"
"Importação ";" 2011";"73259990";"Outras obras moldadas, de ferro fundido ou ferro";"Distrito Federal";"7767";"363"
"Importação ";" 2011";"73259910";"Outras obras moldadas, de aço";"Rio Grande do Norte";"7494";"109"
"Importação ";" 2011";"73259910";"Outras obras moldadas, de aço";"Alagoas";"4797";"142"
"Importação ";" 2011";"73251000";"Outras obras moldadas de ferro fundido, não maleável";"Ceará";"4372";"1923"
"Importação ";" 2011";"73251000";"Outras obras moldadas de ferro fundido, não maleável";"Bahia";"3875";"37"
"Importação ";" 2011";"73251000";"Outras obras moldadas de ferro fundido, não maleável";"Maranhão";"2870";"3"
"Importação ";" 2011";"73259910";"Outras obras moldadas, de aço";"Pará";"2253";"4960"
"Importação ";" 2011";"73259100";"Esferas e artefatos semelhantes, para moinhos, moldadas, de ferro fundido, ferro ou aço";"São Paulo";"1957";"299"
"Importação ";" 2011";"73259990";"Outras obras moldadas, de ferro fundido ou ferro";"Ceará";"1720";"440"
"Importação ";" 2011";"73259910";"Outras obras moldadas, de aço";"Tocantins";"1567";"1"
"Importação ";" 2011";"73259990";"Outras obras moldadas, de ferro fundido ou ferro";"Pará";"1457";"2300"
"Importação ";" 2011";"73251000";"Outras obras moldadas de ferro fundido, não maleável";"Pará";"1358";"1740"
"Importação ";" 2011";"73259990";"Outras obras moldadas, de ferro fundido ou ferro";"Goiás";"1214";"11"
"Importação ";" 2011";"73259990";"Outras obras moldadas, de ferro fundido ou ferro";"Mato Grosso do Sul";"820";"93"
"Importação ";" 2011";"73259910";"Outras obras moldadas, de aço";"Mato Grosso";"574";"1"
"Importação ";" 2011";"73259990";"Outras obras moldadas, de ferro fundido ou ferro";"Rio Grande do Norte";"474";"6"
"Importação ";" 2011";"73251000";"Outras obras moldadas de ferro fundido, não maleável";"Rio Grande do Norte";"347";"944"
"Importação ";" 2011";"73259100";"Esferas e artefatos semelhantes, para moinhos, moldadas, de ferro fundido, ferro ou aço";"Rio Grande do Sul";"250";"30"
"Importação ";" 2011";"73259910";"Outras obras moldadas, de aço";"Paraíba";"224";"1"
"Importação ";" 2011";"73259990";"Outras obras moldadas, de ferro fundido ou ferro";"Tocantins";"109";"4"
"Importação ";" 2011";"73251000";"Outras obras moldadas de ferro fundido, não maleável";"Alagoas";"88";"56"
"Importação ";" 2011";"73251000";"Outras obras moldadas de ferro fundido, não maleável";"Rondônia";"63";"60"
"Importação ";" 2011";"73259100";"Esferas e artefatos semelhantes, para moinhos, moldadas, de ferro fundido, ferro ou aço";"Paraná";"19";"0"
"Exportação ";" 2010";"73259990";"Outras obras moldadas, de ferro fundido ou ferro";"São Paulo";"2678191";"856978"
"Exportação ";" 2010";"73259910";"Outras obras moldadas, de aço";"Santa Catarina";"2522028";"266779"
"Exportação ";" 2010";"73251000";"Outras obras moldadas de ferro fundido, não maleável";"Minas Gerais";"2193518";"1220294"
"Exportação ";" 2010";"73259100";"Esferas e artefatos semelhantes, para moinhos, moldadas, de ferro fundido, ferro ou aço";"Minas Gerais";"1476192";"879900"
"Exportação ";" 2010";"73259990";"Outras obras moldadas, de ferro fundido ou ferro";"Minas Gerais";"839450";"512505"
"Exportação ";" 2010";"73259990";"Outras obras moldadas, de ferro fundido ou ferro";"Reexportação";"815160";"275858"
"Exportação ";" 2010";"73259990";"Outras obras moldadas, de ferro fundido ou ferro";"Santa Catarina";"726821";"101674"
"Exportação ";" 2010";"73251000";"Outras obras moldadas de ferro fundido, não maleável";"São Paulo";"709228";"73999"
"Exportação ";" 2010";"73259990";"Outras obras moldadas, de ferro fundido ou ferro";"Rio de Janeiro";"614586";"474220"
"Exportação ";" 2010";"73251000";"Outras obras moldadas de ferro fundido, não maleável";"Rio de Janeiro";"583500";"273388"
"Exportação ";" 2010";"73251000";"Outras obras moldadas de ferro fundido, não maleável";"Santa Catarina";"507194";"160603"
"Exportação ";" 2010";"73259910";"Outras obras moldadas, de aço";"Zona Não Declarada";"416242";"14392"
"Exportação ";" 2010";"73259910";"Outras obras moldadas, de aço";"São Paulo";"322763";"12546"
"Exportação ";" 2010";"73251000";"Outras obras moldadas de ferro fundido, não maleável";"Zona Não Declarada";"298823";"39636"
"Exportação ";" 2010";"73259990";"Outras obras moldadas, de ferro fundido ou ferro";"Não Declarada";"282582";"125474"
"Exportação ";" 2010";"73251000";"Outras obras moldadas de ferro fundido, não maleável";"Rio Grande do Sul";"259033";"50990"
"Exportação ";" 2010";"73251000";"Outras obras moldadas de ferro fundido, não maleável";"Paraná";"195103";"31659"
"Exportação ";" 2010";"73259910";"Outras obras moldadas, de aço";"Paraná";"167131";"15827"
"Exportação ";" 2010";"73259910";"Outras obras moldadas, de aço";"Rio Grande do Sul";"163802";"18198"
"Exportação ";" 2010";"73259990";"Outras obras moldadas, de ferro fundido ou ferro";"Rio Grande do Sul";"161632";"10769"
"Exportação ";" 2010";"73259990";"Outras obras moldadas, de ferro fundido ou ferro";"Zona Não Declarada";"155144";"26283"
"Exportação ";" 2010";"73259910";"Outras obras moldadas, de aço";"Minas Gerais";"81503";"7281"
"Exportação ";" 2010";"73251000";"Outras obras moldadas de ferro fundido, não maleável";"Não Declarada";"67607";"607"
"Exportação ";" 2010";"73259990";"Outras obras moldadas, de ferro fundido ou ferro";"Paraná";"43548";"19403"
"Exportação ";" 2010";"73251000";"Outras obras moldadas de ferro fundido, não maleável";"Espírito Santo";"10032";"2988"
"Exportação ";" 2010";"73259910";"Outras obras moldadas, de aço";"Mercadoria Nacionalizada";"9400";"86"
"Exportação ";" 2010";"73259910";"Outras obras moldadas, de aço";"Rio de Janeiro";"5100";"8340"
"Exportação ";" 2010";"73259990";"Outras obras moldadas, de ferro fundido ou ferro";"Mercadoria Nacionalizada";"2801";"2681"
"Exportação ";" 2010";"73259910";"Outras obras moldadas, de aço";"Reexportação";"2673";"9320"
"Exportação ";" 2010";"73259910";"Outras obras moldadas, de aço";"Não Declarada";"2285";"3723"
"Exportação ";" 2010";"73259990";"Outras obras moldadas, de ferro fundido ou ferro";"Ceará";"1511";"104"
"Exportação ";" 2010";"73259990";"Outras obras moldadas, de ferro fundido ou ferro";"Acre";"1173";"105"
"Exportação ";" 2010";"73259990";"Outras obras moldadas, de ferro fundido ou ferro";"Rondônia";"290";"24"
"Exportação ";" 2010";"73251000";"Outras obras moldadas de ferro fundido, não maleável";"Mercadoria Nacionalizada";"274";"1"
"Exportação ";" 2010";"73259100";"Esferas e artefatos semelhantes, para moinhos, moldadas, de ferro fundido, ferro ou aço";"Zona Não Declarada";"272";"43"
"Exportação ";" 2010";"73259990";"Outras obras moldadas, de ferro fundido ou ferro";"Pará";"98";"638"
"Exportação ";" 2010";"73259910";"Outras obras moldadas, de aço";"Espírito Santo";"78";"60"
"Exportação ";" 2010";"73259910";"Outras obras moldadas, de aço";"Paraíba";"44";"0"
"Exportação ";" 2010";"73251000";"Outras obras moldadas de ferro fundido, não maleável";"Mato Grosso do Sul";"9";"2"
"Importação ";" 2010";"73259100";"Esferas e artefatos semelhantes, para moinhos, moldadas, de ferro fundido, ferro ou aço";"Minas Gerais";"17234520";"14659099"
"Importação ";" 2010";"73259100";"Esferas e artefatos semelhantes, para moinhos, moldadas, de ferro fundido, ferro ou aço";"Espírito Santo";"10680828";"5482000"
"Importação ";" 2010";"73259990";"Outras obras moldadas, de ferro fundido ou ferro";"Rio de Janeiro";"5212025";"2410797"
"Importação ";" 2010";"73259100";"Esferas e artefatos semelhantes, para moinhos, moldadas, de ferro fundido, ferro ou aço";"Pará";"3152359";"3049000"
"Importação ";" 2010";"73259910";"Outras obras moldadas, de aço";"São Paulo";"3139447";"531570"
"Importação ";" 2010";"73259990";"Outras obras moldadas, de ferro fundido ou ferro";"São Paulo";"2956121";"921803"
"Importação ";" 2010";"73251000";"Outras obras moldadas de ferro fundido, não maleável";"Paraná";"1187397";"235321"
"Importação ";" 2010";"73259910";"Outras obras moldadas, de aço";"Paraná";"1166182";"204396"
"Importação ";" 2010";"73251000";"Outras obras moldadas de ferro fundido, não maleável";"São Paulo";"876046";"178453"
"Importação ";" 2010";"73259910";"Outras obras moldadas, de aço";"Minas Gerais";"838589";"33676"
"Importação ";" 2010";"73259910";"Outras obras moldadas, de aço";"Rio de Janeiro";"699849";"31434"
"Importação ";" 2010";"73259100";"Esferas e artefatos semelhantes, para moinhos, moldadas, de ferro fundido, ferro ou aço";"São Paulo";"645711";"574022"
"Importação ";" 2010";"73259990";"Outras obras moldadas, de ferro fundido ou ferro";"Espírito Santo";"630852";"83073"
"Importação ";" 2010";"73259910";"Outras obras moldadas, de aço";"Santa Catarina";"384374";"125058"
"Importação ";" 2010";"73259990";"Outras obras moldadas, de ferro fundido ou ferro";"Minas Gerais";"370842";"51527"
"Importação ";" 2010";"73259990";"Outras obras moldadas, de ferro fundido ou ferro";"Paraná";"341186";"29994"
"Importação ";" 2010";"73251000";"Outras obras moldadas de ferro fundido, não maleável";"Pernambuco";"325562";"61270"
"Importação ";" 2010";"73259910";"Outras obras moldadas, de aço";"Goiás";"259942";"5403"
"Importação ";" 2010";"73259990";"Outras obras moldadas, de ferro fundido ou ferro";"Rio Grande do Sul";"236003";"9470"
"Importação ";" 2010";"73251000";"Outras obras moldadas de ferro fundido, não maleável";"Rio de Janeiro";"170186";"68628"
"Importação ";" 2010";"73251000";"Outras obras moldadas de ferro fundido, não maleável";"Minas Gerais";"150330";"41283"
"Importação ";" 2010";"73259910";"Outras obras moldadas, de aço";"Pernambuco";"143173";"18450"
"Importação ";" 2010";"73259910";"Outras obras moldadas, de aço";"Rio Grande do Sul";"139685";"8062"
"Importação ";" 2010";"73259100";"Esferas e artefatos semelhantes, para moinhos, moldadas, de ferro fundido, ferro ou aço";"Alagoas";"116799";"87000"
"Importação ";" 2010";"73251000";"Outras obras moldadas de ferro fundido, não maleável";"Rio Grande do Sul";"115621";"47056"
"Importação ";" 2010";"73251000";"Outras obras moldadas de ferro fundido, não maleável";"Santa Catarina";"111593";"21677"
"Importação ";" 2010";"73259910";"Outras obras moldadas, de aço";"Mato Grosso do Sul";"88599";"11840"
"Importação ";" 2010";"73259990";"Outras obras moldadas, de ferro fundido ou ferro";"Santa Catarina";"81305";"5086"
"Importação ";" 2010";"73259990";"Outras obras moldadas, de ferro fundido ou ferro";"Bahia";"79122";"1681"
"Importação ";" 2010";"73259100";"Esferas e artefatos semelhantes, para moinhos, moldadas, de ferro fundido, ferro ou aço";"Santa Catarina";"72320";"61000"
"Importação ";" 2010";"73259100";"Esferas e artefatos semelhantes, para moinhos, moldadas, de ferro fundido, ferro ou aço";"Bahia";"65209";"60000"
"Importação ";" 2010";"73251000";"Outras obras moldadas de ferro fundido, não maleável";"Bahia";"53853";"566"
"Importação ";" 2010";"73259910";"Outras obras moldadas, de aço";"Espírito Santo";"48500";"20741"
"Importação ";" 2010";"73259910";"Outras obras moldadas, de aço";"Bahia";"46010";"5472"
"Importação ";" 2010";"73259100";"Esferas e artefatos semelhantes, para moinhos, moldadas, de ferro fundido, ferro ou aço";"Maranhão";"43643";"54000"
"Importação ";" 2010";"73259990";"Outras obras moldadas, de ferro fundido ou ferro";"Pernambuco";"42559";"963"
"Importação ";" 2010";"73259990";"Outras obras moldadas, de ferro fundido ou ferro";"Amazonas";"39869";"385"
"Importação ";" 2010";"73259100";"Esferas e artefatos semelhantes, para moinhos, moldadas, de ferro fundido, ferro ou aço";"Rio de Janeiro";"38114";"20001"
"Importação ";" 2010";"73259910";"Outras obras moldadas, de aço";"Ceará";"36775";"165"
"Importação ";" 2010";"73259990";"Outras obras moldadas, de ferro fundido ou ferro";"Ceará";"34429";"300"
"Importação ";" 2010";"73259910";"Outras obras moldadas, de aço";"Sergipe";"34094";"458"
"Importação ";" 2010";"73259910";"Outras obras moldadas, de aço";"Amazonas";"33436";"184"
"Importação ";" 2010";"73251000";"Outras obras moldadas de ferro fundido, não maleável";"Rio Grande do Norte";"33405";"1740"
"Importação ";" 2010";"73259990";"Outras obras moldadas, de ferro fundido ou ferro";"Rio Grande do Norte";"31876";"813"
"Importação ";" 2010";"73259910";"Outras obras moldadas, de aço";"Pará";"20062";"230"
"Importação ";" 2010";"73259990";"Outras obras moldadas, de ferro fundido ou ferro";"Goiás";"19868";"384"
"Importação ";" 2010";"73251000";"Outras obras moldadas de ferro fundido, não maleável";"Ceará";"14706";"5411"
"Importação ";" 2010";"73251000";"Outras obras moldadas de ferro fundido, não maleável";"Goiás";"12049";"220"
"Importação ";" 2010";"73259990";"Outras obras moldadas, de ferro fundido ou ferro";"Mato Grosso";"11502";"755"
"Importação ";" 2010";"73259990";"Outras obras moldadas, de ferro fundido ou ferro";"Mato Grosso do Sul";"8731";"1996"
"Importação ";" 2010";"73259990";"Outras obras moldadas, de ferro fundido ou ferro";"Piauí";"6600";"23"
"Importação ";" 2010";"73251000";"Outras obras moldadas de ferro fundido, não maleável";"Mato Grosso";"5997";"20"
"Importação ";" 2010";"73259910";"Outras obras moldadas, de aço";"Distrito Federal";"5829";"597"
"Importação ";" 2010";"73259910";"Outras obras moldadas, de aço";"Mato Grosso";"5783";"14"
"Importação ";" 2010";"73259910";"Outras obras moldadas, de aço";"Paraíba";"5443";"170"
"Importação ";" 2010";"73259910";"Outras obras moldadas, de aço";"Rio Grande do Norte";"5046";"40"
"Importação ";" 2010";"73259910";"Outras obras moldadas, de aço";"Tocantins";"5013";"29"
"Importação ";" 2010";"73259910";"Outras obras moldadas, de aço";"Maranhão";"2570";"44"
"Importação ";" 2010";"73259990";"Outras obras moldadas, de ferro fundido ou ferro";"Paraíba";"2477";"8"
"Importação ";" 2010";"73259990";"Outras obras moldadas, de ferro fundido ou ferro";"Maranhão";"2302";"58"
"Importação ";" 2010";"73251000";"Outras obras moldadas de ferro fundido, não maleável";"Mato Grosso do Sul";"2212";"4"
"Importação ";" 2010";"73259990";"Outras obras moldadas, de ferro fundido ou ferro";"Pará";"1789";"349"
"Importação ";" 2010";"73251000";"Outras obras moldadas de ferro fundido, não maleável";"Maranhão";"1395";"2"
"Importação ";" 2010";"73259910";"Outras obras moldadas, de aço";"Alagoas";"1153";"21"
"Importação ";" 2010";"73259990";"Outras obras moldadas, de ferro fundido ou ferro";"Alagoas";"879";"48"
"Importação ";" 2010";"73251000";"Outras obras moldadas de ferro fundido, não maleável";"Pará";"566";"230"
"Importação ";" 2010";"73251000";"Outras obras moldadas de ferro fundido, não maleável";"Rondônia";"373";"333"
"Importação ";" 2010";"73251000";"Outras obras moldadas de ferro fundido, não maleável";"Amazonas";"208";"59"
"Importação ";" 2010";"73259990";"Outras obras moldadas, de ferro fundido ou ferro";"Sergipe";"196";"1"
"Importação ";" 2010";"73251000";"Outras obras moldadas de ferro fundido, não maleável";"Espírito Santo";"182";"2"
"Importação ";" 2010";"73259990";"Outras obras moldadas, de ferro fundido ou ferro";"Distrito Federal";"163";"123"
"Importação ";" 2010";"73259990";"Outras obras moldadas, de ferro fundido ou ferro";"Amapá";"125";"3"
"Importação ";" 2010";"73259910";"Outras obras moldadas, de aço";"Rondônia";"92";"0"
"Importação ";" 2010";"73251000";"Outras obras moldadas de ferro fundido, não maleável";"Distrito Federal";"84";"0"
"Importação ";" 2010";"73259100";"Esferas e artefatos semelhantes, para moinhos, moldadas, de ferro fundido, ferro ou aço";"Rio Grande do Sul";"18";"3"
"Importação ";" 2010";"73251000";"Outras obras moldadas de ferro fundido, não maleável";"Sergipe";"11";"0"
"Exportação ";" 2009";"73259100";"Esferas e artefatos semelhantes, para moinhos, moldadas, de ferro fundido, ferro ou aço";"Minas Gerais";"8629469";"4924890"
"Exportação ";" 2009";"73259990";"Outras obras moldadas, de ferro fundido ou ferro";"São Paulo";"3297604";"684333"
"Exportação ";" 2009";"73251000";"Outras obras moldadas de ferro fundido, não maleável";"Minas Gerais";"2197657";"1159443"
"Exportação ";" 2009";"73251000";"Outras obras moldadas de ferro fundido, não maleável";"São Paulo";"1551751";"331981"
"Exportação ";" 2009";"73259990";"Outras obras moldadas, de ferro fundido ou ferro";"Rio de Janeiro";"729441";"309686"
"Exportação ";" 2009";"73251000";"Outras obras moldadas de ferro fundido, não maleável";"Rio de Janeiro";"608495";"239623"
"Exportação ";" 2009";"73259990";"Outras obras moldadas, de ferro fundido ou ferro";"Mercadoria Nacionalizada";"447595";"146850"
"Exportação ";" 2009";"73259990";"Outras obras moldadas, de ferro fundido ou ferro";"Reexportação";"439524";"145840"
"Exportação ";" 2009";"73259910";"Outras obras moldadas, de aço";"Zona Não Declarada";"410232";"19305"
"Exportação ";" 2009";"73259910";"Outras obras moldadas, de aço";"São Paulo";"384491";"15254"
"Exportação ";" 2009";"73259990";"Outras obras moldadas, de ferro fundido ou ferro";"Minas Gerais";"331611";"229342"
"Exportação ";" 2009";"73259910";"Outras obras moldadas, de aço";"Rio Grande do Sul";"305624";"12167"
"Exportação ";" 2009";"73251000";"Outras obras moldadas de ferro fundido, não maleável";"Rio Grande do Sul";"191381";"33055"
"Exportação ";" 2009";"73251000";"Outras obras moldadas de ferro fundido, não maleável";"Santa Catarina";"186129";"77118"
"Exportação ";" 2009";"73251000";"Outras obras moldadas de ferro fundido, não maleável";"Paraná";"179669";"28800"
"Exportação ";" 2009";"73259910";"Outras obras moldadas, de aço";"Paraná";"172095";"48641"
"Exportação ";" 2009";"73259990";"Outras obras moldadas, de ferro fundido ou ferro";"Não Declarada";"125909";"57894"
"Exportação ";" 2009";"73259910";"Outras obras moldadas, de aço";"Santa Catarina";"115068";"8200"
"Exportação ";" 2009";"73259990";"Outras obras moldadas, de ferro fundido ou ferro";"Paraná";"114277";"16963"
"Exportação ";" 2009";"73251000";"Outras obras moldadas de ferro fundido, não maleável";"Zona Não Declarada";"100104";"10373"
"Exportação ";" 2009";"73259990";"Outras obras moldadas, de ferro fundido ou ferro";"Rio Grande do Sul";"93600";"5128"
"Exportação ";" 2009";"73259990";"Outras obras moldadas, de ferro fundido ou ferro";"Zona Não Declarada";"71644";"3317"
"Exportação ";" 2009";"73251000";"Outras obras moldadas de ferro fundido, não maleável";"Não Declarada";"60052";"1035"
"Exportação ";" 2009";"73251000";"Outras obras moldadas de ferro fundido, não maleável";"Mercadoria Nacionalizada";"43997";"13"
"Exportação ";" 2009";"73259990";"Outras obras moldadas, de ferro fundido ou ferro";"Santa Catarina";"40967";"8772"
"Exportação ";" 2009";"73259990";"Outras obras moldadas, de ferro fundido ou ferro";"Ceará";"25473";"8000"
"Exportação ";" 2009";"73251000";"Outras obras moldadas de ferro fundido, não maleável";"Espírito Santo";"12570";"2300"
"Exportação ";" 2009";"73259910";"Outras obras moldadas, de aço";"Minas Gerais";"8803";"709"
"Exportação ";" 2009";"73259910";"Outras obras moldadas, de aço";"Rio de Janeiro";"6534";"9850"
"Exportação ";" 2009";"73259100";"Esferas e artefatos semelhantes, para moinhos, moldadas, de ferro fundido, ferro ou aço";"Zona Não Declarada";"5107";"1035"
"Exportação ";" 2009";"73259990";"Outras obras moldadas, de ferro fundido ou ferro";"Acre";"2617";"614"
"Exportação ";" 2009";"73259910";"Outras obras moldadas, de aço";"Não Declarada";"2091";"100"
"Exportação ";" 2009";"73259910";"Outras obras moldadas, de aço";"Mercadoria Nacionalizada";"1370";"13"
"Exportação ";" 2009";"73259910";"Outras obras moldadas, de aço";"Ceará";"690";"56"
"Exportação ";" 2009";"73251000";"Outras obras moldadas de ferro fundido, não maleável";"Ceará";"550";"3"
"Exportação ";" 2009";"73259100";"Esferas e artefatos semelhantes, para moinhos, moldadas, de ferro fundido, ferro ou aço";"São Paulo";"410";"9"
"Exportação ";" 2009";"73259100";"Esferas e artefatos semelhantes, para moinhos, moldadas, de ferro fundido, ferro ou aço";"Não Declarada";"5";"0"
"Exportação ";" 2009";"73259910";"Outras obras moldadas, de aço";"Reexportação";"1";"0"
"Exportação ";" 2009";"73259100";"Esferas e artefatos semelhantes, para moinhos, moldadas, de ferro fundido, ferro ou aço";"Paraná";"1";"0"
"Importação ";" 2009";"73259100";"Esferas e artefatos semelhantes, para moinhos, moldadas, de ferro fundido, ferro ou aço";"Minas Gerais";"6524743";"6246578"
"Importação ";" 2009";"73259100";"Esferas e artefatos semelhantes, para moinhos, moldadas, de ferro fundido, ferro ou aço";"Pará";"6059646";"6264000"
"Importação ";" 2009";"73259990";"Outras obras moldadas, de ferro fundido ou ferro";"Rio de Janeiro";"5358345";"2509767"
"Importação ";" 2009";"73259910";"Outras obras moldadas, de aço";"Pernambuco";"4878922";"129146"
"Importação ";" 2009";"73259990";"Outras obras moldadas, de ferro fundido ou ferro";"São Paulo";"2473223";"667969"
"Importação ";" 2009";"73259910";"Outras obras moldadas, de aço";"São Paulo";"2219467";"468535"
"Importação ";" 2009";"73259990";"Outras obras moldadas, de ferro fundido ou ferro";"Minas Gerais";"1523730";"76263"
"Importação ";" 2009";"73251000";"Outras obras moldadas de ferro fundido, não maleável";"Paraná";"1498396";"255637"
"Importação ";" 2009";"73259100";"Esferas e artefatos semelhantes, para moinhos, moldadas, de ferro fundido, ferro ou aço";"São Paulo";"1313292";"645801"
"Importação ";" 2009";"73259910";"Outras obras moldadas, de aço";"Paraná";"972512";"182067"
"Importação ";" 2009";"73259910";"Outras obras moldadas, de aço";"Rio de Janeiro";"902489";"31848"
"Importação ";" 2009";"73259910";"Outras obras moldadas, de aço";"Goiás";"772907";"11103"
"Importação ";" 2009";"73259910";"Outras obras moldadas, de aço";"Minas Gerais";"756658";"6310"
"Importação ";" 2009";"73251000";"Outras obras moldadas de ferro fundido, não maleável";"São Paulo";"661826";"142899"
"Importação ";" 2009";"73259100";"Esferas e artefatos semelhantes, para moinhos, moldadas, de ferro fundido, ferro ou aço";"Paraná";"602006";"254000"
"Importação ";" 2009";"73251000";"Outras obras moldadas de ferro fundido, não maleável";"Rio de Janeiro";"520274";"80800"
"Importação ";" 2009";"73259990";"Outras obras moldadas, de ferro fundido ou ferro";"Espírito Santo";"427521";"64133"
"Importação ";" 2009";"73259100";"Esferas e artefatos semelhantes, para moinhos, moldadas, de ferro fundido, ferro ou aço";"Espírito Santo";"326466";"97000"
"Importação ";" 2009";"73259910";"Outras obras moldadas, de aço";"Santa Catarina";"311004";"72466"
"Importação ";" 2009";"73259990";"Outras obras moldadas, de ferro fundido ou ferro";"Paraná";"310478";"26294"
"Importação ";" 2009";"73259100";"Esferas e artefatos semelhantes, para moinhos, moldadas, de ferro fundido, ferro ou aço";"Goiás";"273048";"243000"
"Importação ";" 2009";"73251000";"Outras obras moldadas de ferro fundido, não maleável";"Pernambuco";"236586";"37820"
"Importação ";" 2009";"73259100";"Esferas e artefatos semelhantes, para moinhos, moldadas, de ferro fundido, ferro ou aço";"Bahia";"196137";"162000"
"Importação ";" 2009";"73259990";"Outras obras moldadas, de ferro fundido ou ferro";"Rio Grande do Sul";"172752";"9080"
"Importação ";" 2009";"73251000";"Outras obras moldadas de ferro fundido, não maleável";"Minas Gerais";"149885";"17417"
"Importação ";" 2009";"73259910";"Outras obras moldadas, de aço";"Bahia";"136657";"7368"
"Importação ";" 2009";"73251000";"Outras obras moldadas de ferro fundido, não maleável";"Rio Grande do Sul";"134387";"25295"
"Importação ";" 2009";"73259910";"Outras obras moldadas, de aço";"Espírito Santo";"113645";"35339"
"Importação ";" 2009";"73259910";"Outras obras moldadas, de aço";"Rio Grande do Sul";"113208";"25334"
"Importação ";" 2009";"73259910";"Outras obras moldadas, de aço";"Ceará";"97836";"6222"
"Importação ";" 2009";"73259910";"Outras obras moldadas, de aço";"Tocantins";"72505";"6420"
"Importação ";" 2009";"73259910";"Outras obras moldadas, de aço";"Amazonas";"72283";"579"
"Importação ";" 2009";"73259910";"Outras obras moldadas, de aço";"Mato Grosso do Sul";"56975";"28812"
"Importação ";" 2009";"73259910";"Outras obras moldadas, de aço";"Sergipe";"37187";"288"
"Importação ";" 2009";"73259990";"Outras obras moldadas, de ferro fundido ou ferro";"Ceará";"35831";"379"
"Importação ";" 2009";"73251000";"Outras obras moldadas de ferro fundido, não maleável";"Ceará";"33145";"387"
"Importação ";" 2009";"73251000";"Outras obras moldadas de ferro fundido, não maleável";"Amazonas";"26528";"650"
"Importação ";" 2009";"73251000";"Outras obras moldadas de ferro fundido, não maleável";"Santa Catarina";"24893";"2453"
"Importação ";" 2009";"73259990";"Outras obras moldadas, de ferro fundido ou ferro";"Amazonas";"24325";"211"
"Importação ";" 2009";"73251000";"Outras obras moldadas de ferro fundido, não maleável";"Espírito Santo";"24022";"3799"
"Importação ";" 2009";"73259990";"Outras obras moldadas, de ferro fundido ou ferro";"Santa Catarina";"19157";"1842"
"Importação ";" 2009";"73259990";"Outras obras moldadas, de ferro fundido ou ferro";"Bahia";"18799";"404"
"Importação ";" 2009";"73259990";"Outras obras moldadas, de ferro fundido ou ferro";"Goiás";"11958";"50"
"Importação ";" 2009";"73259910";"Outras obras moldadas, de aço";"Maranhão";"9320";"818"
"Importação ";" 2009";"73259990";"Outras obras moldadas, de ferro fundido ou ferro";"Pernambuco";"7269";"52"
"Importação ";" 2009";"73259990";"Outras obras moldadas, de ferro fundido ou ferro";"Alagoas";"5175";"199"
"Importação ";" 2009";"73259910";"Outras obras moldadas, de aço";"Alagoas";"5106";"63"
"Importação ";" 2009";"73259990";"Outras obras moldadas, de ferro fundido ou ferro";"Pará";"4671";"111"
"Importação ";" 2009";"73251000";"Outras obras moldadas de ferro fundido, não maleável";"Bahia";"3848";"54"
"Importação ";" 2009";"73259910";"Outras obras moldadas, de aço";"Rio Grande do Norte";"3527";"27"
"Importação ";" 2009";"73259990";"Outras obras moldadas, de ferro fundido ou ferro";"Mato Grosso";"3364";"41"
"Importação ";" 2009";"73259910";"Outras obras moldadas, de aço";"Distrito Federal";"2669";"806"
"Importação ";" 2009";"73259990";"Outras obras moldadas, de ferro fundido ou ferro";"Maranhão";"2227";"71"
"Importação ";" 2009";"73251000";"Outras obras moldadas de ferro fundido, não maleável";"Sergipe";"1589";"26"
"Importação ";" 2009";"73259910";"Outras obras moldadas, de aço";"Paraíba";"1184";"2"
"Importação ";" 2009";"73251000";"Outras obras moldadas de ferro fundido, não maleável";"Mato Grosso";"942";"7"
"Importação ";" 2009";"73259990";"Outras obras moldadas, de ferro fundido ou ferro";"Sergipe";"728";"2"
"Importação ";" 2009";"73259990";"Outras obras moldadas, de ferro fundido ou ferro";"Amapá";"377";"4"
"Importação ";" 2009";"73259990";"Outras obras moldadas, de ferro fundido ou ferro";"Rio Grande do Norte";"327";"85"
"Importação ";" 2009";"73251000";"Outras obras moldadas de ferro fundido, não maleável";"Goiás";"247";"2"
"Importação ";" 2009";"73259990";"Outras obras moldadas, de ferro fundido ou ferro";"Tocantins";"200";"2"
"Importação ";" 2009";"73259990";"Outras obras moldadas, de ferro fundido ou ferro";"Rondônia";"171";"1195"
"Importação ";" 2009";"73259990";"Outras obras moldadas, de ferro fundido ou ferro";"Paraíba";"26";"0"
"Importação ";" 2009";"73259100";"Esferas e artefatos semelhantes, para moinhos, moldadas, de ferro fundido, ferro ou aço";"Rio Grande do Sul";"12";"2"
"Exportação ";" 2008";"73259100";"Esferas e artefatos semelhantes, para moinhos, moldadas, de ferro fundido, ferro ou aço";"Minas Gerais";"10885352";"6181230"
"Exportação ";" 2008";"73251000";"Outras obras moldadas de ferro fundido, não maleável";"Minas Gerais";"5235953";"2716906"
"Exportação ";" 2008";"73259990";"Outras obras moldadas, de ferro fundido ou ferro";"São Paulo";"3281662";"711929"
"Exportação ";" 2008";"73259990";"Outras obras moldadas, de ferro fundido ou ferro";"Minas Gerais";"2111881";"993888"
"Exportação ";" 2008";"73251000";"Outras obras moldadas de ferro fundido, não maleável";"São Paulo";"1756716";"237013"
"Exportação ";" 2008";"73259990";"Outras obras moldadas, de ferro fundido ou ferro";"Reexportação";"1207320";"420898"
"Exportação ";" 2008";"73259910";"Outras obras moldadas, de aço";"Santa Catarina";"477672";"25248"
"Exportação ";" 2008";"73259910";"Outras obras moldadas, de aço";"Paraná";"423871";"43215"
"Exportação ";" 2008";"73259990";"Outras obras moldadas, de ferro fundido ou ferro";"Paraná";"348959";"22667"
"Exportação ";" 2008";"73251000";"Outras obras moldadas de ferro fundido, não maleável";"Santa Catarina";"334800";"91335"
"Exportação ";" 2008";"73251000";"Outras obras moldadas de ferro fundido, não maleável";"Paraná";"315746";"53078"
"Exportação ";" 2008";"73259990";"Outras obras moldadas, de ferro fundido ou ferro";"Rio Grande do Sul";"232923";"29066"
"Exportação ";" 2008";"73251000";"Outras obras moldadas de ferro fundido, não maleável";"Rio Grande do Sul";"206342";"27543"
"Exportação ";" 2008";"73259910";"Outras obras moldadas, de aço";"São Paulo";"187789";"10753"
"Exportação ";" 2008";"73259910";"Outras obras moldadas, de aço";"Rio Grande do Sul";"140763";"9477"
"Exportação ";" 2008";"73251000";"Outras obras moldadas de ferro fundido, não maleável";"Rio de Janeiro";"139660";"45582"
"Exportação ";" 2008";"73259910";"Outras obras moldadas, de aço";"Zona Não Declarada";"99180";"3080"
"Exportação ";" 2008";"73251000";"Outras obras moldadas de ferro fundido, não maleável";"Zona Não Declarada";"95145";"12442"
"Exportação ";" 2008";"73259990";"Outras obras moldadas, de ferro fundido ou ferro";"Mercadoria Nacionalizada";"85417";"1312"
"Exportação ";" 2008";"73259910";"Outras obras moldadas, de aço";"Rio de Janeiro";"82602";"15040"
"Exportação ";" 2008";"73251000";"Outras obras moldadas de ferro fundido, não maleável";"Não Declarada";"79639";"2637"
"Exportação ";" 2008";"73259990";"Outras obras moldadas, de ferro fundido ou ferro";"Zona Não Declarada";"72411";"2036"
"Exportação ";" 2008";"73259910";"Outras obras moldadas, de aço";"Minas Gerais";"69726";"7983"
"Exportação ";" 2008";"73259990";"Outras obras moldadas, de ferro fundido ou ferro";"Santa Catarina";"45751";"8506"
"Exportação ";" 2008";"73259990";"Outras obras moldadas, de ferro fundido ou ferro";"Não Declarada";"19632";"1165"
"Exportação ";" 2008";"73259990";"Outras obras moldadas, de ferro fundido ou ferro";"Ceará";"13645";"4034"
"Exportação ";" 2008";"73259990";"Outras obras moldadas, de ferro fundido ou ferro";"Rio de Janeiro";"9653";"4238"
"Exportação ";" 2008";"73259910";"Outras obras moldadas, de aço";"Mercadoria Nacionalizada";"5100";"784"
"Exportação ";" 2008";"73251000";"Outras obras moldadas de ferro fundido, não maleável";"Distrito Federal";"3351";"480"
"Exportação ";" 2008";"73259910";"Outras obras moldadas, de aço";"Bahia";"2125";"260"
"Exportação ";" 2008";"73259910";"Outras obras moldadas, de aço";"Não Declarada";"2022";"79"
"Exportação ";" 2008";"73259100";"Esferas e artefatos semelhantes, para moinhos, moldadas, de ferro fundido, ferro ou aço";"São Paulo";"1926";"63"
"Exportação ";" 2008";"73251000";"Outras obras moldadas de ferro fundido, não maleável";"Mercadoria Nacionalizada";"1290";"10"
"Exportação ";" 2008";"73259990";"Outras obras moldadas, de ferro fundido ou ferro";"Bahia";"1253";"459"
"Exportação ";" 2008";"73259990";"Outras obras moldadas, de ferro fundido ou ferro";"Espírito Santo";"686";"1165"
"Exportação ";" 2008";"73251000";"Outras obras moldadas de ferro fundido, não maleável";"Mato Grosso do Sul";"658";"213"
"Exportação ";" 2008";"73259990";"Outras obras moldadas, de ferro fundido ou ferro";"Pernambuco";"587";"10"
"Exportação ";" 2008";"73259100";"Esferas e artefatos semelhantes, para moinhos, moldadas, de ferro fundido, ferro ou aço";"Santa Catarina";"529";"36"
"Exportação ";" 2008";"73259100";"Esferas e artefatos semelhantes, para moinhos, moldadas, de ferro fundido, ferro ou aço";"Paraná";"296";"34"
"Exportação ";" 2008";"73259990";"Outras obras moldadas, de ferro fundido ou ferro";"Acre";"41";"22"
"Exportação ";" 2008";"73259910";"Outras obras moldadas, de aço";"Espírito Santo";"24";"0"
"Exportação ";" 2008";"73251000";"Outras obras moldadas de ferro fundido, não maleável";"Ceará";"19";"10"
"Exportação ";" 2008";"73259100";"Esferas e artefatos semelhantes, para moinhos, moldadas, de ferro fundido, ferro ou aço";"Não Declarada";"15";"0"
"Exportação ";" 2008";"73251000";"Outras obras moldadas de ferro fundido, não maleável";"Pernambuco";"5";"1"
"Exportação ";" 2008";"73259910";"Outras obras moldadas, de aço";"Paraíba";"4";"1"
"Exportação ";" 2008";"73259100";"Esferas e artefatos semelhantes, para moinhos, moldadas, de ferro fundido, ferro ou aço";"Zona Não Declarada";"2";"0"
"Importação ";" 2008";"73259100";"Esferas e artefatos semelhantes, para moinhos, moldadas, de ferro fundido, ferro ou aço";"Minas Gerais";"12890379";"9545500"
"Importação ";" 2008";"73259990";"Outras obras moldadas, de ferro fundido ou ferro";"Rio de Janeiro";"6226970";"3140471"
"Importação ";" 2008";"73259100";"Esferas e artefatos semelhantes, para moinhos, moldadas, de ferro fundido, ferro ou aço";"Pará";"5919086";"7317083"
"Importação ";" 2008";"73259990";"Outras obras moldadas, de ferro fundido ou ferro";"São Paulo";"2739401";"661258"
"Importação ";" 2008";"73259910";"Outras obras moldadas, de aço";"São Paulo";"1908110";"389812"
"Importação ";" 2008";"73251000";"Outras obras moldadas de ferro fundido, não maleável";"Paraná";"1870759";"491398"
"Importação ";" 2008";"73259100";"Esferas e artefatos semelhantes, para moinhos, moldadas, de ferro fundido, ferro ou aço";"Espírito Santo";"1603350";"803000"
"Importação ";" 2008";"73259910";"Outras obras moldadas, de aço";"Paraná";"1557421";"297384"
"Importação ";" 2008";"73259910";"Outras obras moldadas, de aço";"Minas Gerais";"1498319";"9640"
"Importação ";" 2008";"73251000";"Outras obras moldadas de ferro fundido, não maleável";"São Paulo";"1258994";"436308"
"Importação ";" 2008";"73259910";"Outras obras moldadas, de aço";"Bahia";"1096766";"785331"
"Importação ";" 2008";"73259100";"Esferas e artefatos semelhantes, para moinhos, moldadas, de ferro fundido, ferro ou aço";"Amapá";"899695";"866700"
"Importação ";" 2008";"73259910";"Outras obras moldadas, de aço";"Rio de Janeiro";"770198";"33953"
"Importação ";" 2008";"73259100";"Esferas e artefatos semelhantes, para moinhos, moldadas, de ferro fundido, ferro ou aço";"Goiás";"532411";"585000"
"Importação ";" 2008";"73259100";"Esferas e artefatos semelhantes, para moinhos, moldadas, de ferro fundido, ferro ou aço";"Bahia";"513221";"486000"
"Importação ";" 2008";"73259990";"Outras obras moldadas, de ferro fundido ou ferro";"Paraná";"395932";"49467"
"Importação ";" 2008";"73259100";"Esferas e artefatos semelhantes, para moinhos, moldadas, de ferro fundido, ferro ou aço";"São Paulo";"372284";"426000"
"Importação ";" 2008";"73259910";"Outras obras moldadas, de aço";"Amazonas";"334579";"5896"
"Importação ";" 2008";"73251000";"Outras obras moldadas de ferro fundido, não maleável";"Rio de Janeiro";"300548";"37930"
"Importação ";" 2008";"73259990";"Outras obras moldadas, de ferro fundido ou ferro";"Rio Grande do Sul";"250077";"18717"
"Importação ";" 2008";"73259910";"Outras obras moldadas, de aço";"Rio Grande do Sul";"217330";"15801"
"Importação ";" 2008";"73259910";"Outras obras moldadas, de aço";"Mato Grosso";"208006";"1711"
"Importação ";" 2008";"73259990";"Outras obras moldadas, de ferro fundido ou ferro";"Minas Gerais";"180534";"12149"
"Importação ";" 2008";"73259910";"Outras obras moldadas, de aço";"Santa Catarina";"158526";"12973"
"Importação ";" 2008";"73259990";"Outras obras moldadas, de ferro fundido ou ferro";"Santa Catarina";"147106";"13578"
"Importação ";" 2008";"73259910";"Outras obras moldadas, de aço";"Espírito Santo";"136678";"44423"
"Importação ";" 2008";"73251000";"Outras obras moldadas de ferro fundido, não maleável";"Espírito Santo";"129426";"27956"
"Importação ";" 2008";"73251000";"Outras obras moldadas de ferro fundido, não maleável";"Rio Grande do Sul";"100930";"31834"
"Importação ";" 2008";"73259990";"Outras obras moldadas, de ferro fundido ou ferro";"Amazonas";"91394";"2821"
"Importação ";" 2008";"73251000";"Outras obras moldadas de ferro fundido, não maleável";"Minas Gerais";"90920";"5246"
"Importação ";" 2008";"73251000";"Outras obras moldadas de ferro fundido, não maleável";"Santa Catarina";"79189";"49302"
"Importação ";" 2008";"73259990";"Outras obras moldadas, de ferro fundido ou ferro";"Bahia";"74903";"1157"
"Importação ";" 2008";"73259910";"Outras obras moldadas, de aço";"Distrito Federal";"69504";"13449"
"Importação ";" 2008";"73259100";"Esferas e artefatos semelhantes, para moinhos, moldadas, de ferro fundido, ferro ou aço";"Maranhão";"52099";"54000"
"Importação ";" 2008";"73259990";"Outras obras moldadas, de ferro fundido ou ferro";"Pará";"48027";"1618"
"Importação ";" 2008";"73259910";"Outras obras moldadas, de aço";"Sergipe";"45515";"514"
"Importação ";" 2008";"73259990";"Outras obras moldadas, de ferro fundido ou ferro";"Espírito Santo";"44574";"19362"
"Importação ";" 2008";"73259100";"Esferas e artefatos semelhantes, para moinhos, moldadas, de ferro fundido, ferro ou aço";"Rio de Janeiro";"40328";"19000"
"Importação ";" 2008";"73251000";"Outras obras moldadas de ferro fundido, não maleável";"Amazonas";"37080";"6800"
"Importação ";" 2008";"73259910";"Outras obras moldadas, de aço";"Pernambuco";"28177";"60"
"Importação ";" 2008";"73259990";"Outras obras moldadas, de ferro fundido ou ferro";"Pernambuco";"23053";"150"
"Importação ";" 2008";"73259910";"Outras obras moldadas, de aço";"Tocantins";"22575";"1660"
"Importação ";" 2008";"73259910";"Outras obras moldadas, de aço";"Pará";"21355";"2392"
"Importação ";" 2008";"73259910";"Outras obras moldadas, de aço";"Alagoas";"19628";"323"
"Importação ";" 2008";"73251000";"Outras obras moldadas de ferro fundido, não maleável";"Bahia";"9670";"156"
"Importação ";" 2008";"73259910";"Outras obras moldadas, de aço";"Rio Grande do Norte";"9383";"91"
"Importação ";" 2008";"73259990";"Outras obras moldadas, de ferro fundido ou ferro";"Goiás";"9187";"42"
"Importação ";" 2008";"73251000";"Outras obras moldadas de ferro fundido, não maleável";"Maranhão";"5928";"67"
"Importação ";" 2008";"73251000";"Outras obras moldadas de ferro fundido, não maleável";"Alagoas";"5070";"142"
"Importação ";" 2008";"73259990";"Outras obras moldadas, de ferro fundido ou ferro";"Ceará";"4981";"758"
"Importação ";" 2008";"73259990";"Outras obras moldadas, de ferro fundido ou ferro";"Alagoas";"4935";"99"
"Importação ";" 2008";"73259910";"Outras obras moldadas, de aço";"Ceará";"3842";"636"
"Importação ";" 2008";"73259990";"Outras obras moldadas, de ferro fundido ou ferro";"Tocantins";"2218";"8092"
"Importação ";" 2008";"73251000";"Outras obras moldadas de ferro fundido, não maleável";"Sergipe";"1896";"6"
"Importação ";" 2008";"73259990";"Outras obras moldadas, de ferro fundido ou ferro";"Rondônia";"1662";"5221"
"Importação ";" 2008";"73259910";"Outras obras moldadas, de aço";"Rondônia";"688";"2"
"Importação ";" 2008";"73259910";"Outras obras moldadas, de aço";"Goiás";"553";"5"
"Importação ";" 2008";"73251000";"Outras obras moldadas de ferro fundido, não maleável";"Ceará";"182";"16"
"Importação ";" 2008";"73259990";"Outras obras moldadas, de ferro fundido ou ferro";"Sergipe";"146";"4"
"Importação ";" 2008";"73259990";"Outras obras moldadas, de ferro fundido ou ferro";"Distrito Federal";"121";"1056"
"Importação ";" 2008";"73259100";"Esferas e artefatos semelhantes, para moinhos, moldadas, de ferro fundido, ferro ou aço";"Rio Grande do Sul";"74";"5"
"Importação ";" 2008";"73259990";"Outras obras moldadas, de ferro fundido ou ferro";"Rio Grande do Norte";"63";"8"
"Importação ";" 2008";"73259990";"Outras obras moldadas, de ferro fundido ou ferro";"Paraíba";"19";"1"
"Importação ";" 2008";"73251000";"Outras obras moldadas de ferro fundido, não maleável";"Rio Grande do Norte";"16";"0"
"Exportação ";" 2007";"73259100";"Esferas e artefatos semelhantes, para moinhos, moldadas, de ferro fundido, ferro ou aço";"Minas Gerais";"10937846";"8960513"
"Exportação ";" 2007";"73251000";"Outras obras moldadas de ferro fundido, não maleável";"Minas Gerais";"2412839";"1901964"
"Exportação ";" 2007";"73251000";"Outras obras moldadas de ferro fundido, não maleável";"São Paulo";"2270960";"341567"
"Exportação ";" 2007";"73259990";"Outras obras moldadas, de ferro fundido ou ferro";"São Paulo";"1601688";"434251"
"Exportação ";" 2007";"73259990";"Outras obras moldadas, de ferro fundido ou ferro";"Minas Gerais";"747716";"733252"
"Exportação ";" 2007";"73251000";"Outras obras moldadas de ferro fundido, não maleável";"Paraná";"642364";"180897"
"Exportação ";" 2007";"73259910";"Outras obras moldadas, de aço";"Rio Grande do Sul";"530735";"52037"
"Exportação ";" 2007";"73259910";"Outras obras moldadas, de aço";"Santa Catarina";"314733";"26056"
"Exportação ";" 2007";"73251000";"Outras obras moldadas de ferro fundido, não maleável";"Rio de Janeiro";"307489";"148980"
"Exportação ";" 2007";"73259910";"Outras obras moldadas, de aço";"Bahia";"251362";"13312"
"Exportação ";" 2007";"73259990";"Outras obras moldadas, de ferro fundido ou ferro";"Rio Grande do Sul";"214630";"39513"
"Exportação ";" 2007";"73251000";"Outras obras moldadas de ferro fundido, não maleável";"Não Declarada";"211824";"59842"
"Exportação ";" 2007";"73259990";"Outras obras moldadas, de ferro fundido ou ferro";"Rio de Janeiro";"198532";"56061"
"Exportação ";" 2007";"73259910";"Outras obras moldadas, de aço";"São Paulo";"173477";"14858"
"Exportação ";" 2007";"73251000";"Outras obras moldadas de ferro fundido, não maleável";"Mato Grosso";"162934";"15000"
"Exportação ";" 2007";"73251000";"Outras obras moldadas de ferro fundido, não maleável";"Rio Grande do Sul";"137694";"24625"
"Exportação ";" 2007";"73251000";"Outras obras moldadas de ferro fundido, não maleável";"Zona Não Declarada";"69013";"3032"
"Exportação ";" 2007";"73259910";"Outras obras moldadas, de aço";"Rio de Janeiro";"53597";"25602"
"Exportação ";" 2007";"73259910";"Outras obras moldadas, de aço";"Minas Gerais";"52382";"6715"
"Exportação ";" 2007";"73259910";"Outras obras moldadas, de aço";"Mercadoria Nacionalizada";"45146";"1239"
"Exportação ";" 2007";"73259990";"Outras obras moldadas, de ferro fundido ou ferro";"Zona Não Declarada";"37755";"2950"
"Exportação ";" 2007";"73259990";"Outras obras moldadas, de ferro fundido ou ferro";"Santa Catarina";"29603";"7419"
"Exportação ";" 2007";"73259990";"Outras obras moldadas, de ferro fundido ou ferro";"Reexportação";"28950";"8782"
"Exportação ";" 2007";"73259910";"Outras obras moldadas, de aço";"Zona Não Declarada";"21510";"453"
"Exportação ";" 2007";"73251000";"Outras obras moldadas de ferro fundido, não maleável";"Santa Catarina";"20284";"3793"
"Exportação ";" 2007";"73259990";"Outras obras moldadas, de ferro fundido ou ferro";"Paraná";"19594";"21809"
"Exportação ";" 2007";"73259910";"Outras obras moldadas, de aço";"Paraná";"16053";"1627"
"Exportação ";" 2007";"73259990";"Outras obras moldadas, de ferro fundido ou ferro";"Mercadoria Nacionalizada";"12231";"64"
"Exportação ";" 2007";"73251000";"Outras obras moldadas de ferro fundido, não maleável";"Espírito Santo";"7750";"1350"
"Exportação ";" 2007";"73251000";"Outras obras moldadas de ferro fundido, não maleável";"Pernambuco";"1893";"43"
"Exportação ";" 2007";"73259910";"Outras obras moldadas, de aço";"Não Declarada";"1675";"162"
"Exportação ";" 2007";"73259100";"Esferas e artefatos semelhantes, para moinhos, moldadas, de ferro fundido, ferro ou aço";"Paraná";"1491";"472"
"Exportação ";" 2007";"73259910";"Outras obras moldadas, de aço";"Espírito Santo";"1471";"90"
"Exportação ";" 2007";"73259990";"Outras obras moldadas, de ferro fundido ou ferro";"Ceará";"1426";"242"
"Exportação ";" 2007";"73259910";"Outras obras moldadas, de aço";"Pernambuco";"471";"5"
"Exportação ";" 2007";"73259990";"Outras obras moldadas, de ferro fundido ou ferro";"Bahia";"136";"2"
"Exportação ";" 2007";"73259990";"Outras obras moldadas, de ferro fundido ou ferro";"Espírito Santo";"70";"650"
"Exportação ";" 2007";"73259100";"Esferas e artefatos semelhantes, para moinhos, moldadas, de ferro fundido, ferro ou aço";"Não Declarada";"36";"0"
"Exportação ";" 2007";"73259910";"Outras obras moldadas, de aço";"Pará";"14";"50"
"Exportação ";" 2007";"73259990";"Outras obras moldadas, de ferro fundido ou ferro";"Não Declarada";"9";"80"
"Exportação ";" 2007";"73259910";"Outras obras moldadas, de aço";"Paraíba";"4";"0"
"Exportação ";" 2007";"73259100";"Esferas e artefatos semelhantes, para moinhos, moldadas, de ferro fundido, ferro ou aço";"São Paulo";"1";"0"
"Importação ";" 2007";"73259100";"Esferas e artefatos semelhantes, para moinhos, moldadas, de ferro fundido, ferro ou aço";"Minas Gerais";"5486976";"7848682"
"Importação ";" 2007";"73259990";"Outras obras moldadas, de ferro fundido ou ferro";"Rio de Janeiro";"5435957";"3361354"
"Importação ";" 2007";"73259100";"Esferas e artefatos semelhantes, para moinhos, moldadas, de ferro fundido, ferro ou aço";"Pará";"3215595";"5304000"
"Importação ";" 2007";"73259910";"Outras obras moldadas, de aço";"Minas Gerais";"2364852";"11152"
"Importação ";" 2007";"73259910";"Outras obras moldadas, de aço";"Bahia";"2332714";"2884607"
"Importação ";" 2007";"73259910";"Outras obras moldadas, de aço";"Paraná";"1945883";"430867"
"Importação ";" 2007";"73259990";"Outras obras moldadas, de ferro fundido ou ferro";"São Paulo";"1806829";"316343"
"Importação ";" 2007";"73251000";"Outras obras moldadas de ferro fundido, não maleável";"Paraná";"1078830";"420391"
"Importação ";" 2007";"73259910";"Outras obras moldadas, de aço";"São Paulo";"1066763";"147475"
"Importação ";" 2007";"73259100";"Esferas e artefatos semelhantes, para moinhos, moldadas, de ferro fundido, ferro ou aço";"Bahia";"759366";"1193486"
"Importação ";" 2007";"73251000";"Outras obras moldadas de ferro fundido, não maleável";"São Paulo";"719922";"302704"
"Importação ";" 2007";"73259100";"Esferas e artefatos semelhantes, para moinhos, moldadas, de ferro fundido, ferro ou aço";"Espírito Santo";"709399";"511571"
"Importação ";" 2007";"73259910";"Outras obras moldadas, de aço";"Espírito Santo";"550289";"242351"
"Importação ";" 2007";"73259910";"Outras obras moldadas, de aço";"Rio de Janeiro";"480953";"10641"
"Importação ";" 2007";"73259100";"Esferas e artefatos semelhantes, para moinhos, moldadas, de ferro fundido, ferro ou aço";"Goiás";"384317";"612000"
"Importação ";" 2007";"73259910";"Outras obras moldadas, de aço";"Rio Grande do Sul";"199331";"12090"
"Importação ";" 2007";"73259990";"Outras obras moldadas, de ferro fundido ou ferro";"Paraná";"195531";"43927"
"Importação ";" 2007";"73259990";"Outras obras moldadas, de ferro fundido ou ferro";"Rio Grande do Sul";"175056";"23598"
"Importação ";" 2007";"73259990";"Outras obras moldadas, de ferro fundido ou ferro";"Espírito Santo";"139578";"108037"
"Importação ";" 2007";"73259990";"Outras obras moldadas, de ferro fundido ou ferro";"Minas Gerais";"124999";"1444"
"Importação ";" 2007";"73259910";"Outras obras moldadas, de aço";"Mato Grosso";"114620";"807"
"Importação ";" 2007";"73259990";"Outras obras moldadas, de ferro fundido ou ferro";"Santa Catarina";"113053";"19260"
"Importação ";" 2007";"73259910";"Outras obras moldadas, de aço";"Santa Catarina";"108817";"13706"
"Importação ";" 2007";"73259990";"Outras obras moldadas, de ferro fundido ou ferro";"Amazonas";"98659";"967"
"Importação ";" 2007";"73259990";"Outras obras moldadas, de ferro fundido ou ferro";"Bahia";"95749";"2920"
"Importação ";" 2007";"73251000";"Outras obras moldadas de ferro fundido, não maleável";"Minas Gerais";"73312";"6386"
"Importação ";" 2007";"73259100";"Esferas e artefatos semelhantes, para moinhos, moldadas, de ferro fundido, ferro ou aço";"Paraná";"60044";"1414"
"Importação ";" 2007";"73251000";"Outras obras moldadas de ferro fundido, não maleável";"Rio de Janeiro";"59935";"8937"
"Importação ";" 2007";"73259910";"Outras obras moldadas, de aço";"Sergipe";"35739";"469"
"Importação ";" 2007";"73259910";"Outras obras moldadas, de aço";"Tocantins";"34093";"2571"
"Importação ";" 2007";"73251000";"Outras obras moldadas de ferro fundido, não maleável";"Rio Grande do Sul";"29713";"10998"
"Importação ";" 2007";"73259910";"Outras obras moldadas, de aço";"Distrito Federal";"24293";"1933"
"Importação ";" 2007";"73251000";"Outras obras moldadas de ferro fundido, não maleável";"Distrito Federal";"15836";"9594"
"Importação ";" 2007";"73251000";"Outras obras moldadas de ferro fundido, não maleável";"Tocantins";"14007";"1130"
"Importação ";" 2007";"73259910";"Outras obras moldadas, de aço";"Amazonas";"10869";"147"
"Importação ";" 2007";"73259100";"Esferas e artefatos semelhantes, para moinhos, moldadas, de ferro fundido, ferro ou aço";"São Paulo";"10785";"1000"
"Importação ";" 2007";"73251000";"Outras obras moldadas de ferro fundido, não maleável";"Bahia";"10019";"241"
"Importação ";" 2007";"73259910";"Outras obras moldadas, de aço";"Rio Grande do Norte";"9530";"416"
"Importação ";" 2007";"73259990";"Outras obras moldadas, de ferro fundido ou ferro";"Rio Grande do Norte";"9303";"153"
"Importação ";" 2007";"73259910";"Outras obras moldadas, de aço";"Pará";"9017";"68"
"Importação ";" 2007";"73251000";"Outras obras moldadas de ferro fundido, não maleável";"Amazonas";"8554";"100"
"Importação ";" 2007";"73251000";"Outras obras moldadas de ferro fundido, não maleável";"Maranhão";"7977";"471"
"Importação ";" 2007";"73251000";"Outras obras moldadas de ferro fundido, não maleável";"Santa Catarina";"7684";"478"
"Importação ";" 2007";"73259990";"Outras obras moldadas, de ferro fundido ou ferro";"Maranhão";"7566";"200"
"Importação ";" 2007";"73259910";"Outras obras moldadas, de aço";"Mato Grosso do Sul";"6613";"1116"
"Importação ";" 2007";"73259990";"Outras obras moldadas, de ferro fundido ou ferro";"Alagoas";"6270";"1563"
"Importação ";" 2007";"73259990";"Outras obras moldadas, de ferro fundido ou ferro";"Pernambuco";"5395";"82"
"Importação ";" 2007";"73259990";"Outras obras moldadas, de ferro fundido ou ferro";"Rondônia";"4140";"11"
"Importação ";" 2007";"73259990";"Outras obras moldadas, de ferro fundido ou ferro";"Tocantins";"3616";"2014"
"Importação ";" 2007";"73259990";"Outras obras moldadas, de ferro fundido ou ferro";"Pará";"3242";"131"
"Importação ";" 2007";"73251000";"Outras obras moldadas de ferro fundido, não maleável";"Espírito Santo";"2790";"1695"
"Importação ";" 2007";"73259910";"Outras obras moldadas, de aço";"Maranhão";"2764";"40"
"Importação ";" 2007";"73259910";"Outras obras moldadas, de aço";"Pernambuco";"2370";"1"
"Importação ";" 2007";"73259990";"Outras obras moldadas, de ferro fundido ou ferro";"Mato Grosso";"1770";"5"
"Importação ";" 2007";"73251000";"Outras obras moldadas de ferro fundido, não maleável";"Alagoas";"1471";"48"
"Importação ";" 2007";"73259910";"Outras obras moldadas, de aço";"Ceará";"1427";"113"
"Importação ";" 2007";"73259990";"Outras obras moldadas, de ferro fundido ou ferro";"Goiás";"1363";"53"
"Importação ";" 2007";"73259100";"Esferas e artefatos semelhantes, para moinhos, moldadas, de ferro fundido, ferro ou aço";"Pernambuco";"900";"202"
"Importação ";" 2007";"73251000";"Outras obras moldadas de ferro fundido, não maleável";"Sergipe";"655";"6"
"Importação ";" 2007";"73259100";"Esferas e artefatos semelhantes, para moinhos, moldadas, de ferro fundido, ferro ou aço";"Rio de Janeiro";"543";"2"
"Importação ";" 2007";"73259910";"Outras obras moldadas, de aço";"Alagoas";"440";"3"
"Importação ";" 2007";"73259990";"Outras obras moldadas, de ferro fundido ou ferro";"Ceará";"206";"7"
"Importação ";" 2007";"73251000";"Outras obras moldadas de ferro fundido, não maleável";"Mato Grosso";"121";"1"
"Importação ";" 2007";"73251000";"Outras obras moldadas de ferro fundido, não maleável";"Rondônia";"35";"2"
"Importação ";" 2007";"73259100";"Esferas e artefatos semelhantes, para moinhos, moldadas, de ferro fundido, ferro ou aço";"Rio Grande do Sul";"33";"6"
"Importação ";" 2007";"73259990";"Outras obras moldadas, de ferro fundido ou ferro";"Sergipe";"28";"0"
"Importação ";" 2007";"73259910";"Outras obras moldadas, de aço";"Goiás";"17";"1"
"Importação ";" 2007";"73259910";"Outras obras moldadas, de aço";"Rondônia";"6";"0"
"Importação ";" 2007";"73259100";"Esferas e artefatos semelhantes, para moinhos, moldadas, de ferro fundido, ferro ou aço";"Amazonas";"0";"0"
"Exportação ";" 2006";"73251000";"Outras obras moldadas de ferro fundido, não maleável";"Minas Gerais";"5358691";"4392061"
"Exportação ";" 2006";"73259100";"Esferas e artefatos semelhantes, para moinhos, moldadas, de ferro fundido, ferro ou aço";"Minas Gerais";"3966123";"3401210"
"Exportação ";" 2006";"73251000";"Outras obras moldadas de ferro fundido, não maleável";"São Paulo";"1521573";"252347"
"Exportação ";" 2006";"73251000";"Outras obras moldadas de ferro fundido, não maleável";"Paraná";"1263082";"330326"
"Exportação ";" 2006";"73259990";"Outras obras moldadas, de ferro fundido ou ferro";"Minas Gerais";"1055580";"1199551"
"Exportação ";" 2006";"73259990";"Outras obras moldadas, de ferro fundido ou ferro";"São Paulo";"1024479";"337034"
"Exportação ";" 2006";"73251000";"Outras obras moldadas de ferro fundido, não maleável";"Rio Grande do Sul";"961656";"173970"
"Exportação ";" 2006";"73259910";"Outras obras moldadas, de aço";"Santa Catarina";"722894";"43639"
"Exportação ";" 2006";"73259910";"Outras obras moldadas, de aço";"Rio de Janeiro";"521477";"184311"
"Exportação ";" 2006";"73251000";"Outras obras moldadas de ferro fundido, não maleável";"Não Declarada";"427410";"128419"
"Exportação ";" 2006";"73259990";"Outras obras moldadas, de ferro fundido ou ferro";"Rio Grande do Sul";"283427";"49997"
"Exportação ";" 2006";"73251000";"Outras obras moldadas de ferro fundido, não maleável";"Rio de Janeiro";"145360";"68686"
"Exportação ";" 2006";"73259910";"Outras obras moldadas, de aço";"Minas Gerais";"120884";"39464"
"Exportação ";" 2006";"73259910";"Outras obras moldadas, de aço";"Rio Grande do Sul";"108443";"11222"
"Exportação ";" 2006";"73259990";"Outras obras moldadas, de ferro fundido ou ferro";"Zona Não Declarada";"70465";"11702"
"Exportação ";" 2006";"73259990";"Outras obras moldadas, de ferro fundido ou ferro";"Santa Catarina";"66987";"10239"
"Exportação ";" 2006";"73251000";"Outras obras moldadas de ferro fundido, não maleável";"Zona Não Declarada";"48229";"5477"
"Exportação ";" 2006";"73259910";"Outras obras moldadas, de aço";"Bahia";"40532";"9952"
"Exportação ";" 2006";"73259990";"Outras obras moldadas, de ferro fundido ou ferro";"Paraná";"33144";"22703"
"Exportação ";" 2006";"73259910";"Outras obras moldadas, de aço";"São Paulo";"26280";"1391"
"Exportação ";" 2006";"73251000";"Outras obras moldadas de ferro fundido, não maleável";"Santa Catarina";"18282";"1923"
"Exportação ";" 2006";"73259910";"Outras obras moldadas, de aço";"Mercadoria Nacionalizada";"17832";"32"
"Exportação ";" 2006";"73259910";"Outras obras moldadas, de aço";"Zona Não Declarada";"16865";"457"
"Exportação ";" 2006";"73259910";"Outras obras moldadas, de aço";"Paraná";"15690";"1952"
"Exportação ";" 2006";"73259990";"Outras obras moldadas, de ferro fundido ou ferro";"Espírito Santo";"15384";"10254"
"Exportação ";" 2006";"73251000";"Outras obras moldadas de ferro fundido, não maleável";"Mato Grosso do Sul";"11851";"8500"
"Exportação ";" 2006";"73251000";"Outras obras moldadas de ferro fundido, não maleável";"Bahia";"7557";"2453"
"Exportação ";" 2006";"73259910";"Outras obras moldadas, de aço";"Não Declarada";"4655";"64"
"Exportação ";" 2006";"73259990";"Outras obras moldadas, de ferro fundido ou ferro";"Rio de Janeiro";"3616";"3166"
"Exportação ";" 2006";"73259910";"Outras obras moldadas, de aço";"Espírito Santo";"1178";"140"
"Exportação ";" 2006";"73259100";"Esferas e artefatos semelhantes, para moinhos, moldadas, de ferro fundido, ferro ou aço";"Paraná";"797";"30"
"Exportação ";" 2006";"73259990";"Outras obras moldadas, de ferro fundido ou ferro";"Não Declarada";"578";"116"
"Exportação ";" 2006";"73259990";"Outras obras moldadas, de ferro fundido ou ferro";"Mercadoria Nacionalizada";"428";"72"
"Exportação ";" 2006";"73251000";"Outras obras moldadas de ferro fundido, não maleável";"Reexportação";"347";"39"
"Exportação ";" 2006";"73259910";"Outras obras moldadas, de aço";"Goiás";"256";"116"
"Exportação ";" 2006";"73251000";"Outras obras moldadas de ferro fundido, não maleável";"Pernambuco";"229";"100"
"Exportação ";" 2006";"73259990";"Outras obras moldadas, de ferro fundido ou ferro";"Reexportação";"160";"11"
"Exportação ";" 2006";"73251000";"Outras obras moldadas de ferro fundido, não maleável";"Mercadoria Nacionalizada";"91";"2"
"Exportação ";" 2006";"73259100";"Esferas e artefatos semelhantes, para moinhos, moldadas, de ferro fundido, ferro ou aço";"Zona Não Declarada";"76";"2"
"Exportação ";" 2006";"73259910";"Outras obras moldadas, de aço";"Ceará";"69";"135"
"Exportação ";" 2006";"73259990";"Outras obras moldadas, de ferro fundido ou ferro";"Mato Grosso do Sul";"68";"45"
"Exportação ";" 2006";"73259990";"Outras obras moldadas, de ferro fundido ou ferro";"Pará";"40";"6"
"Exportação ";" 2006";"73259990";"Outras obras moldadas, de ferro fundido ou ferro";"Ceará";"8";"12"
"Exportação ";" 2006";"73259910";"Outras obras moldadas, de aço";"Paraíba";"3";"2"
"Exportação ";" 2006";"73259100";"Esferas e artefatos semelhantes, para moinhos, moldadas, de ferro fundido, ferro ou aço";"São Paulo";"1";"0"
"Importação ";" 2006";"73259990";"Outras obras moldadas, de ferro fundido ou ferro";"Rio de Janeiro";"3693907";"2237830"
"Importação ";" 2006";"73259910";"Outras obras moldadas, de aço";"São Paulo";"2570829";"726132"
"Importação ";" 2006";"73259100";"Esferas e artefatos semelhantes, para moinhos, moldadas, de ferro fundido, ferro ou aço";"Pará";"2313753";"3640810"
"Importação ";" 2006";"73259910";"Outras obras moldadas, de aço";"Minas Gerais";"1815170";"7583"
"Importação ";" 2006";"73259990";"Outras obras moldadas, de ferro fundido ou ferro";"São Paulo";"1443195";"275400"
"Importação ";" 2006";"73259910";"Outras obras moldadas, de aço";"Rio de Janeiro";"1219512";"235650"
"Importação ";" 2006";"73259910";"Outras obras moldadas, de aço";"Bahia";"1106705";"1311545"
"Importação ";" 2006";"73259910";"Outras obras moldadas, de aço";"Paraná";"942293";"169166"
"Importação ";" 2006";"73251000";"Outras obras moldadas de ferro fundido, não maleável";"São Paulo";"647192";"282378"
"Importação ";" 2006";"73259100";"Esferas e artefatos semelhantes, para moinhos, moldadas, de ferro fundido, ferro ou aço";"Minas Gerais";"637868";"807938"
"Importação ";" 2006";"73251000";"Outras obras moldadas de ferro fundido, não maleável";"Paraná";"599143";"305925"
"Importação ";" 2006";"73259990";"Outras obras moldadas, de ferro fundido ou ferro";"Paraná";"438502";"164558"
"Importação ";" 2006";"73259990";"Outras obras moldadas, de ferro fundido ou ferro";"Bahia";"388765";"36778"
"Importação ";" 2006";"73259100";"Esferas e artefatos semelhantes, para moinhos, moldadas, de ferro fundido, ferro ou aço";"Espírito Santo";"315860";"359068"
"Importação ";" 2006";"73259910";"Outras obras moldadas, de aço";"Amazonas";"168217";"400"
"Importação ";" 2006";"73251000";"Outras obras moldadas de ferro fundido, não maleável";"Rio de Janeiro";"133107";"19006"
"Importação ";" 2006";"73259910";"Outras obras moldadas, de aço";"Rio Grande do Sul";"130720";"13113"
"Importação ";" 2006";"73259990";"Outras obras moldadas, de ferro fundido ou ferro";"Minas Gerais";"120441";"20525"
"Importação ";" 2006";"73259910";"Outras obras moldadas, de aço";"Santa Catarina";"100424";"9572"
"Importação ";" 2006";"73259990";"Outras obras moldadas, de ferro fundido ou ferro";"Amazonas";"89216";"1378"
"Importação ";" 2006";"73259910";"Outras obras moldadas, de aço";"Espírito Santo";"74245";"4289"
"Importação ";" 2006";"73259990";"Outras obras moldadas, de ferro fundido ou ferro";"Espírito Santo";"64789";"42102"
"Importação ";" 2006";"73259910";"Outras obras moldadas, de aço";"Sergipe";"63442";"2093"
"Importação ";" 2006";"73259910";"Outras obras moldadas, de aço";"Rondônia";"60200";"23"
"Importação ";" 2006";"73259990";"Outras obras moldadas, de ferro fundido ou ferro";"Santa Catarina";"53588";"9083"
"Importação ";" 2006";"73259910";"Outras obras moldadas, de aço";"Tocantins";"48420";"2965"
"Importação ";" 2006";"73259990";"Outras obras moldadas, de ferro fundido ou ferro";"Rio Grande do Sul";"38165";"8865"
"Importação ";" 2006";"73259100";"Esferas e artefatos semelhantes, para moinhos, moldadas, de ferro fundido, ferro ou aço";"Rio de Janeiro";"36314";"6"
"Importação ";" 2006";"73251000";"Outras obras moldadas de ferro fundido, não maleável";"Espírito Santo";"31184";"47098"
"Importação ";" 2006";"73251000";"Outras obras moldadas de ferro fundido, não maleável";"Maranhão";"25432";"1250"
"Importação ";" 2006";"73251000";"Outras obras moldadas de ferro fundido, não maleável";"Minas Gerais";"23590";"1711"
"Importação ";" 2006";"73259100";"Esferas e artefatos semelhantes, para moinhos, moldadas, de ferro fundido, ferro ou aço";"São Paulo";"19911";"1057"
"Importação ";" 2006";"73259910";"Outras obras moldadas, de aço";"Pará";"18753";"748"
"Importação ";" 2006";"73259990";"Outras obras moldadas, de ferro fundido ou ferro";"Pernambuco";"14960";"65"
"Importação ";" 2006";"73251000";"Outras obras moldadas de ferro fundido, não maleável";"Rio Grande do Sul";"13499";"5783"
"Importação ";" 2006";"73259990";"Outras obras moldadas, de ferro fundido ou ferro";"Rondônia";"9108";"47"
"Importação ";" 2006";"73259990";"Outras obras moldadas, de ferro fundido ou ferro";"Rio Grande do Norte";"8915";"161"
"Importação ";" 2006";"73259910";"Outras obras moldadas, de aço";"Maranhão";"6947";"114"
"Importação ";" 2006";"73251000";"Outras obras moldadas de ferro fundido, não maleável";"Amazonas";"6135";"7"
"Importação ";" 2006";"73259990";"Outras obras moldadas, de ferro fundido ou ferro";"Maranhão";"4918";"36"
"Importação ";" 2006";"73259990";"Outras obras moldadas, de ferro fundido ou ferro";"Goiás";"4090";"38"
"Importação ";" 2006";"73259910";"Outras obras moldadas, de aço";"Distrito Federal";"2775";"34"
"Importação ";" 2006";"73259910";"Outras obras moldadas, de aço";"Rio Grande do Norte";"2354";"199"
"Importação ";" 2006";"73259990";"Outras obras moldadas, de ferro fundido ou ferro";"Distrito Federal";"1719";"1045"
"Importação ";" 2006";"73251000";"Outras obras moldadas de ferro fundido, não maleável";"Pará";"1301";"73"
"Importação ";" 2006";"73259990";"Outras obras moldadas, de ferro fundido ou ferro";"Sergipe";"1223";"5"
"Importação ";" 2006";"73251000";"Outras obras moldadas de ferro fundido, não maleável";"Pernambuco";"980";"6"
"Importação ";" 2006";"73259990";"Outras obras moldadas, de ferro fundido ou ferro";"Pará";"777";"35"
"Importação ";" 2006";"73259910";"Outras obras moldadas, de aço";"Pernambuco";"686";"5"
"Importação ";" 2006";"73251000";"Outras obras moldadas de ferro fundido, não maleável";"Mato Grosso";"388";"1"
"Importação ";" 2006";"73259100";"Esferas e artefatos semelhantes, para moinhos, moldadas, de ferro fundido, ferro ou aço";"Rio Grande do Sul";"294";"12"
"Importação ";" 2006";"73251000";"Outras obras moldadas de ferro fundido, não maleável";"Santa Catarina";"248";"35"
"Importação ";" 2006";"73259990";"Outras obras moldadas, de ferro fundido ou ferro";"Paraíba";"182";"1"
"Importação ";" 2006";"73251000";"Outras obras moldadas de ferro fundido, não maleável";"Rio Grande do Norte";"156";"0"
"Importação ";" 2006";"73259990";"Outras obras moldadas, de ferro fundido ou ferro";"Mato Grosso do Sul";"102";"145"
"Importação ";" 2006";"73259910";"Outras obras moldadas, de aço";"Goiás";"97";"1"
"Importação ";" 2006";"73259100";"Esferas e artefatos semelhantes, para moinhos, moldadas, de ferro fundido, ferro ou aço";"Amazonas";"2";"5"